t_s,ldc_raw,r_raw,teng_raw,xa_mm,z_mm,dL_pct,dR_pct,eps_pred_pct,d_pred_mm,eps_act_pct,d_act_mm
259.5823,11975630.0,25148.0,36013.0,0.0,0.0,-0.0271,-0.2216,0.0,31.14,0.0,36.0
259.5823,11973613.0,25172.0,35048.0,0.0,0.0,0.0066,-0.1263,0.1026,31.35,0.0,36.0
259.5823,11974076.0,25148.0,35058.0,0.0,0.0,-0.0012,-0.2216,0.0,31.65,0.0,36.0
259.6118,11973981.0,25161.0,34184.0,0.0,0.0,0.0004,-0.17,0.0418,31.73,0.0,36.0
259.6118,11974816.0,25148.0,35023.0,0.0,0.0,-0.0135,-0.2216,0.0,31.85,0.0,36.0
259.6118,11973984.0,25216.0,35230.0,0.0,0.0,0.0004,0.0482,0.3671,31.14,0.0,36.0
259.6488,11974151.0,25222.0,35611.0,0.0,0.0,-0.0024,0.0721,0.4048,30.57,0.0,36.0
259.6488,11974816.0,25219.0,34276.0,0.0,0.0,-0.0135,0.0601,0.386,30.24,0.0,36.0
259.6488,11973250.0,25182.0,34268.0,0.0,0.0,0.0126,-0.0867,0.1578,30.73,0.0,36.0
259.6759,11974816.0,25221.0,34331.0,0.0,0.0,-0.0135,0.0681,0.3986,30.29,0.0,36.0
259.6759,11975099.0,25178.0,34628.0,0.0,0.0,-0.0183,-0.1025,0.1357,30.72,0.0,36.0
259.6759,11976411.0,25211.0,35019.0,0.0,0.0,-0.0402,0.0284,0.3357,30.35,0.0,36.0
259.7088,11976995.0,25198.0,34039.0,0.0,0.0,-0.0499,-0.0232,0.2546,30.35,0.0,36.0
259.7088,11974171.0,25193.0,34808.0,0.0,0.0,-0.0028,-0.043,0.2239,30.64,0.0,36.0
259.7088,11973483.0,25240.0,34697.0,0.0,0.0,0.0087,0.1435,0.5226,29.9,0.0,36.0
259.7408,11974465.0,25180.0,34602.0,0.0,0.0,-0.0077,-0.0946,0.1467,30.5,0.0,36.0
259.7408,11974174.0,25162.0,34194.0,0.0,0.0,-0.0028,-0.166,0.0474,31.02,0.0,36.0
259.7408,11977435.0,25186.0,34747.0,0.0,0.0,-0.0572,-0.0708,0.1815,30.94,0.0,36.0
259.7729,11974710.0,25172.0,34343.0,0.0,0.0,-0.0118,-0.1263,0.1026,31.18,0.0,36.0
259.7729,11974129.0,25176.0,35749.0,0.0,0.0,-0.0021,-0.1105,0.1246,31.31,0.0,36.0
259.7729,11973691.0,25242.0,34539.0,0.0,0.0,0.0053,0.1514,0.5358,30.23,0.0,36.0
259.7888,11975042.0,25181.0,34086.0,0.0,0.0,-0.0173,-0.0906,0.1522,30.66,0.0,36.0
259.7888,11973675.0,25191.0,35488.0,0.0,0.0,0.0055,-0.0509,0.2117,30.88,0.0,36.0
259.7888,11973613.0,25178.0,35080.0,0.0,0.0,0.0066,-0.1025,0.1357,31.13,0.0,36.0
259.8206,11973879.0,25282.0,35354.0,0.0,0.0,0.0021,0.3101,0.8005,28.9,0.0,36.0
259.8206,11973409.0,25209.0,34490.0,0.0,0.0,0.01,0.0205,0.3232,29.56,0.0,36.0
259.8206,11975519.0,25173.0,36280.0,0.0,0.0,-0.0253,-0.1224,0.1081,30.31,0.0,36.0
259.8523,11975443.0,25188.0,34494.0,0.0,0.0,-0.024,-0.0628,0.1935,30.61,0.0,36.0
259.8523,11976656.0,25221.0,35056.0,0.0,0.0,-0.0442,0.0681,0.3986,30.04,0.0,36.0
259.8523,11974705.0,25203.0,33989.0,0.0,0.0,-0.0117,-0.0033,0.2858,30.25,0.0,36.0
259.8842,11975922.0,25159.0,34335.0,0.0,0.0,-0.032,-0.1779,0.0308,30.83,0.0,36.0
259.8842,11974816.0,25143.0,35187.0,0.0,0.0,-0.0135,-0.2414,0.0,31.35,0.0,36.0
259.8842,11974956.0,25174.0,34791.0,0.0,0.0,-0.0159,-0.1184,0.1136,31.4,0.0,36.0
259.916,11974252.0,25047.0,34671.0,0.0,0.0,-0.0041,-0.6223,0.0,32.29,0.0,36.0
259.916,11974076.0,25136.0,34704.0,0.0,0.0,-0.0012,-0.2692,0.0,32.29,0.0,36.0
259.916,11973581.0,25150.0,34644.0,0.0,0.0,0.0071,-0.2136,0.0,32.21,0.0,36.0
259.9497,11974562.0,25216.0,34833.0,0.0,0.0,-0.0093,0.0482,0.3671,31.31,0.0,36.0
259.9497,11975546.0,25235.0,33997.0,0.0,0.0,-0.0257,0.1236,0.4895,30.21,0.0,36.0
259.9497,11975902.0,25207.0,35041.0,0.0,0.0,-0.0317,0.0125,0.3108,30.17,0.0,36.0
259.9804,11974076.0,25158.0,36138.0,0.0,0.0,-0.0012,-0.1819,0.0253,30.86,0.0,36.0
259.9804,11974511.0,25173.0,35417.0,0.0,0.0,-0.0084,-0.1224,0.1081,31.13,0.0,36.0
259.9804,11974894.0,25248.0,35872.0,0.0,0.0,-0.0148,0.1752,0.5755,29.8,0.0,36.0
260.0015,11973296.0,25204.0,35898.0,0.0,0.0,0.0119,0.0006,0.292,30.2,0.0,36.0
260.0015,11974816.0,25167.0,33511.0,0.0,0.0,-0.0135,-0.1462,0.075,30.78,0.0,36.0
260.0015,11976752.0,25181.0,35402.0,0.0,0.0,-0.0458,-0.0906,0.1522,30.91,0.0,36.0
260.0522,11974244.0,25217.0,35399.0,0.0,0.0,-0.004,0.0522,0.3734,30.53,0.0,36.0
260.0522,11974384.0,25242.0,34943.0,0.0,0.0,-0.0063,0.1514,0.5358,29.68,0.0,36.0
260.0522,11973455.0,25106.0,33872.0,0.0,0.0,0.0092,-0.3882,0.0,30.93,0.0,36.0
260.0677,11975115.0,25158.0,35223.0,0.0,0.0,-0.0185,-0.1819,0.0253,31.28,0.0,36.0
260.0677,11972881.0,25241.0,36128.0,0.0,0.0,0.0188,0.1474,0.5292,30.33,0.0,36.0
260.0677,11975411.0,25274.0,34517.0,0.0,0.0,-0.0235,0.2784,0.7475,28.47,0.0,36.0
260.0934,11975017.0,25213.0,35192.0,0.0,0.0,-0.0169,0.0363,0.3483,29.08,0.0,36.0
260.0934,11975435.0,25202.0,33961.0,0.0,0.0,-0.0239,-0.0073,0.2796,29.63,0.0,36.0
260.0934,11974686.0,25219.0,34529.0,0.0,0.0,-0.0114,0.0601,0.386,29.69,0.0,36.0
260.1228,11977262.0,25248.0,35294.0,0.0,0.0,-0.0544,0.1752,0.5755,28.64,0.0,36.0
260.1228,11973810.0,25216.0,34603.0,0.0,0.0,0.0033,0.0482,0.3671,29.23,0.0,36.0
260.1228,11973938.0,25226.0,35170.0,0.0,0.0,0.0011,0.0879,0.4304,29.36,0.0,36.0
260.1537,11972473.0,25205.0,34221.0,0.0,0.0,0.0256,0.0046,0.2983,29.98,0.0,36.0
260.1537,11973907.0,25233.0,34468.0,0.0,0.0,0.0017,0.1157,0.4763,29.65,0.0,36.0
260.1537,11977707.0,25169.0,36307.0,0.0,0.0,-0.0618,-0.1382,0.086,30.31,0.0,36.0
260.1856,11979206.0,25179.0,34859.0,0.0,0.0,-0.0868,-0.0986,0.1412,30.49,0.0,36.0
260.1856,11974404.0,25102.0,35237.0,0.0,0.0,-0.0066,-0.4041,0.0,31.41,0.0,36.0
260.1856,11974218.0,25103.0,35506.0,0.0,0.0,-0.0035,-0.4001,0.0,31.97,0.0,36.0
260.2174,11974407.0,25166.0,34075.0,0.0,0.0,-0.0067,-0.1501,0.0695,31.86,0.0,36.0
260.2174,11974007.0,25096.0,34601.0,0.0,0.0,-0.0,-0.4279,0.0,32.29,0.0,36.0
260.2174,11977159.0,25128.0,34650.0,0.0,0.0,-0.0526,-0.3009,0.0,32.25,0.0,36.0
260.249,11974371.0,25207.0,34351.0,0.0,0.0,-0.0061,0.0125,0.3108,31.52,0.0,36.0
260.249,11975514.0,25181.0,35098.0,0.0,0.0,-0.0252,-0.0906,0.1522,31.42,0.0,36.0
260.249,11975002.0,25186.0,34501.0,0.0,0.0,-0.0166,-0.0708,0.1815,31.32,0.0,36.0
260.2804,11976642.0,25114.0,35140.0,0.0,0.0,-0.044,-0.3565,0.0,31.77,0.0,36.0
260.2804,11974816.0,25229.0,34212.0,0.0,0.0,-0.0135,0.0998,0.45,30.73,0.0,36.0
260.2804,11974710.0,25202.0,35878.0,0.0,0.0,-0.0118,-0.0073,0.2796,30.68,0.0,36.0
260.3129,11973835.0,25127.0,37006.0,0.0,0.0,0.0029,-0.3049,0.0,31.39,0.0,36.0
260.3129,11974473.0,25096.0,35513.0,0.0,0.0,-0.0078,-0.4279,0.0,31.99,0.0,36.0
260.3129,11973332.0,25057.0,34935.0,0.0,0.0,0.0113,-0.5826,0.0,32.61,0.0,36.0
260.3351,11977277.0,25181.0,35369.0,0.0,0.0,-0.0546,-0.0906,0.1522,31.98,0.0,36.0
260.3351,11974445.0,25171.0,35144.0,0.0,0.0,-0.0073,-0.1303,0.0971,31.83,0.0,36.0
260.3351,11973404.0,25164.0,34248.0,0.0,0.0,0.0101,-0.1581,0.0584,31.83,0.0,36.0
260.3603,11973715.0,25187.0,34987.0,0.0,0.0,0.0049,-0.0668,0.1875,31.62,0.0,36.0
260.3603,11973720.0,25267.0,35500.0,0.0,0.0,0.0048,0.2506,0.7012,29.67,0.0,36.0
260.3603,11975902.0,25139.0,34070.0,0.0,0.0,-0.0317,-0.2573,0.0,30.64,0.0,36.0
260.3925,11979994.0,25135.0,35362.0,0.0,0.0,-0.0999,-0.2731,0.0,31.11,0.0,36.0
260.3925,11973893.0,25167.0,35529.0,0.0,0.0,0.0019,-0.1462,0.075,31.36,0.0,36.0
260.3925,11973943.0,25225.0,36098.0,0.0,0.0,0.0011,0.084,0.4238,30.66,0.0,36.0
260.4276,11975210.0,25187.0,34125.0,0.0,0.0,-0.0201,-0.0668,0.1875,30.85,0.0,36.0
260.4276,11974968.0,25151.0,34100.0,0.0,0.0,-0.0161,-0.2097,0.0,31.29,0.0,36.0
260.4276,11976490.0,25256.0,35771.0,0.0,0.0,-0.0415,0.207,0.6285,29.46,0.0,36.0
260.4561,11973947.0,25132.0,34833.0,0.0,0.0,0.001,-0.285,0.0,30.62,0.0,36.0
260.4561,11973536.0,25143.0,33654.0,0.0,0.0,0.0079,-0.2414,0.0,31.26,0.0,36.0
260.4561,11973929.0,25132.0,35096.0,0.0,0.0,0.0013,-0.285,0.0,31.7,0.0,36.0
260.4879,11974686.0,25173.0,35457.0,0.0,0.0,-0.0114,-0.1224,0.1081,31.63,0.0,36.0
260.4879,11974327.0,25152.0,36147.0,0.0,0.0,-0.0054,-0.2057,0.0,31.78,0.0,36.0
260.4879,11974710.0,25159.0,34191.0,0.0,0.0,-0.0118,-0.1779,0.0308,31.79,0.0,36.0
260.521,11975443.0,25159.0,33968.0,0.0,0.0,-0.024,-0.1779,0.0308,31.78,0.0,36.0
260.521,11973848.0,25202.0,34711.0,0.0,0.0,0.0026,-0.0073,0.2796,31.38,0.0,36.0
260.521,11975042.0,25200.0,33767.0,0.0,0.0,-0.0173,-0.0152,0.2671,31.08,0.0,36.0
260.5524,11975570.0,25217.0,35375.0,0.0,0.0,-0.0261,0.0522,0.3734,30.52,0.0,36.0
260.5524,11978241.0,25239.0,35842.0,0.0,0.0,-0.0707,0.1395,0.516,29.29,0.0,36.0
260.5524,11973133.0,25187.0,35184.0,0.0,0.0,0.0146,-0.0668,0.1875,30.12,0.0,36.0
260.5745,11972843.0,25202.0,34923.0,0.0,0.0,0.0194,-0.0073,0.2796,30.46,0.0,36.0
260.5745,11970985.0,25172.0,33934.0,0.0,0.0,0.0505,-0.1263,0.1026,31.04,0.0,36.0
260.5745,11973613.0,25268.0,35124.0,0.0,0.0,0.0066,0.2546,0.7078,29.31,0.0,36.0
260.6,11975141.0,25142.0,34460.0,0.0,0.0,-0.019,-0.2454,0.0,30.43,0.0,36.0
260.6,11973359.0,25154.0,34546.0,0.0,0.0,0.0108,-0.1977,0.0032,31.07,0.0,36.0
260.6,11973948.0,25194.0,36218.0,0.0,0.0,0.001,-0.039,0.23,31.08,0.0,36.0
260.6365,11973854.0,25133.0,35480.0,0.0,0.0,0.0025,-0.2811,0.0,31.59,0.0,36.0
260.6365,11974310.0,25211.0,34244.0,0.0,0.0,-0.0051,0.0284,0.3357,31.06,0.0,36.0
260.6365,11977111.0,25078.0,34838.0,0.0,0.0,-0.0518,-0.4993,0.0,31.82,0.0,36.0
260.6637,11973441.0,25159.0,35183.0,0.0,0.0,0.0094,-0.1779,0.0308,31.87,0.0,36.0
260.6637,11973095.0,25167.0,35012.0,0.0,0.0,0.0152,-0.1462,0.075,31.85,0.0,36.0
260.6637,11973167.0,25195.0,34565.0,0.0,0.0,0.014,-0.0351,0.236,31.57,0.0,36.0
260.6962,11974054.0,25162.0,33490.0,0.0,0.0,-0.0008,-0.166,0.0474,31.67,0.0,36.0
260.6975,11973929.0,25240.0,34967.0,0.0,0.0,0.0013,0.1435,0.5226,30.47,0.0,36.0
260.6975,11973380.0,25174.0,35571.0,0.0,0.0,0.0105,-0.1184,0.1136,30.94,0.0,36.0
260.7338,11973733.0,25227.0,34970.0,0.0,0.0,0.0046,0.0919,0.4369,30.38,0.0,36.0
260.7338,11974959.0,25119.0,34983.0,0.0,0.0,-0.0159,-0.3366,0.0,31.22,0.0,36.0
260.7338,11974238.0,25150.0,35350.0,0.0,0.0,-0.0039,-0.2136,0.0,31.55,0.0,36.0
260.7602,11974521.0,25177.0,35359.0,0.0,0.0,-0.0086,-0.1065,0.1302,31.51,0.0,36.0
260.7602,11973260.0,25200.0,34537.0,0.0,0.0,0.0125,-0.0152,0.2671,31.3,0.0,36.0
260.7602,11974440.0,25191.0,35644.0,0.0,0.0,-0.0072,-0.0509,0.2117,31.23,0.0,36.0
260.7921,11973354.0,25178.0,34571.0,0.0,0.0,0.0109,-0.1025,0.1357,31.35,0.0,36.0
260.7921,11974729.0,25174.0,34695.0,0.0,0.0,-0.0121,-0.1184,0.1136,31.41,0.0,36.0
260.7921,11972153.0,25224.0,34420.0,0.0,0.0,0.031,0.08,0.4174,30.87,0.0,36.0
260.8095,11972473.0,25089.0,34603.0,0.0,0.0,0.0256,-0.4556,0.0,31.78,0.0,36.0
260.8095,11973441.0,25146.0,35476.0,0.0,0.0,0.0094,-0.2295,0.0,31.94,0.0,36.0
260.8095,11973885.0,25186.0,35527.0,0.0,0.0,0.002,-0.0708,0.1815,31.69,0.0,36.0
260.8402,11972019.0,25182.0,36092.0,0.0,0.0,0.0332,-0.0867,0.1578,31.65,0.0,36.0
260.8402,11973036.0,25128.0,34023.0,0.0,0.0,0.0162,-0.3009,0.0,31.99,0.0,36.0
260.8402,11976276.0,25191.0,34108.0,0.0,0.0,-0.0379,-0.0509,0.2117,31.52,0.0,36.0
260.8736,11976351.0,25211.0,35782.0,0.0,0.0,-0.0392,0.0284,0.3357,30.84,0.0,36.0
260.8736,11974069.0,25207.0,34274.0,0.0,0.0,-0.001,0.0125,0.3108,30.7,0.0,36.0
260.8736,11974527.0,25143.0,34930.0,0.0,0.0,-0.0087,-0.2414,0.0,31.28,0.0,36.0
260.9036,11974816.0,25217.0,34236.0,0.0,0.0,-0.0135,0.0522,0.3734,30.7,0.0,36.0
260.9036,11974366.0,25203.0,34424.0,0.0,0.0,-0.006,-0.0033,0.2858,30.68,0.0,36.0
260.9036,11975141.0,25251.0,33861.0,0.0,0.0,-0.019,0.1871,0.5954,29.4,0.0,36.0
260.9349,11972815.0,25096.0,32753.0,0.0,0.0,0.0199,-0.4279,0.0,30.84,0.0,36.0
260.9349,11975352.0,25164.0,35636.0,0.0,0.0,-0.0225,-0.1581,0.0584,31.17,0.0,36.0
260.9349,11974373.0,25250.0,35783.0,0.0,0.0,-0.0061,0.1831,0.5888,29.82,0.0,36.0
260.9667,11975334.0,25189.0,35417.0,0.0,0.0,-0.0222,-0.0589,0.1996,30.32,0.0,36.0
260.9667,11973380.0,25187.0,35136.0,0.0,0.0,0.0105,-0.0668,0.1875,30.73,0.0,36.0
260.9667,11973810.0,25172.0,35395.0,0.0,0.0,0.0033,-0.1263,0.1026,31.09,0.0,36.0
261.0003,11974007.0,25150.0,34197.0,0.0,0.0,-0.0,-0.2136,0.0,31.48,0.0,36.0
261.0003,11975057.0,25134.0,34546.0,0.0,0.0,-0.0175,-0.2771,0.0,31.79,0.0,36.0
261.0003,11974816.0,25169.0,34919.0,0.0,0.0,-0.0135,-0.1382,0.086,31.71,0.0,36.0
261.0305,11977835.0,25127.0,35798.0,0.0,0.0,-0.0639,-0.3049,0.0,31.89,0.0,36.0
261.0305,11979504.0,25215.0,34150.0,0.0,0.0,-0.0918,0.0443,0.3609,30.65,0.0,36.0
261.0311,11974465.0,25223.0,34783.0,0.0,0.0,-0.0077,0.076,0.4111,30.23,0.0,36.0
261.0517,11973781.0,25194.0,34816.0,0.0,0.0,0.0038,-0.039,0.23,30.58,0.0,36.0
261.0517,11973809.0,25157.0,34731.0,0.0,0.0,0.0033,-0.1858,0.0197,31.13,0.0,36.0
261.0517,11975443.0,25226.0,35254.0,0.0,0.0,-0.024,0.0879,0.4304,30.35,0.0,36.0
261.079,11976936.0,25139.0,34688.0,0.0,0.0,-0.0489,-0.2573,0.0,31.02,0.0,36.0
261.079,11973338.0,25176.0,34782.0,0.0,0.0,0.0112,-0.1105,0.1246,31.25,0.0,36.0
261.079,11972645.0,25217.0,33579.0,0.0,0.0,0.0227,0.0522,0.3734,30.87,0.0,36.0
261.1126,11974727.0,25231.0,34197.0,0.0,0.0,-0.012,0.1078,0.4631,30.15,0.0,36.0
261.1146,11974292.0,25178.0,35637.0,0.0,0.0,-0.0048,-0.1025,0.1357,30.67,0.0,36.0
261.1146,11976046.0,25174.0,34061.0,0.0,0.0,-0.0341,-0.1184,0.1136,30.95,0.0,36.0
261.1421,11974710.0,25145.0,34915.0,0.003,0.0,-0.0118,-0.2335,0.0,31.41,0.005,36.0
261.1421,11973993.0,25147.0,35479.0,0.003,0.0,0.0002,-0.2255,0.0,31.69,0.005,36.0
261.1421,11974078.0,25213.0,34200.0,0.003,0.0,-0.0012,0.0363,0.3483,31.1,0.005,36.0
261.1743,11974816.0,25288.0,35205.0,0.003,0.0,-0.0135,0.3339,0.8402,28.57,0.005,36.0
261.1743,11975611.0,25165.0,33899.0,0.003,0.0,-0.0268,-0.1541,0.0639,29.78,0.005,36.0
261.1743,11974710.0,25185.0,35685.0,0.003,0.0,-0.0118,-0.0748,0.1754,30.37,0.005,36.0
261.2084,11974460.0,25096.0,33869.0,0.003,0.0,-0.0076,-0.4279,0.0,31.38,0.005,36.0
261.2084,11973234.0,25158.0,34770.0,0.003,0.0,0.0129,-0.1819,0.0253,31.62,0.005,36.0
261.2084,11972539.0,25206.0,34387.0,0.003,0.0,0.0245,0.0086,0.3045,31.31,0.005,36.0
261.2411,11975471.0,25188.0,33562.0,0.003,0.0,-0.0245,-0.0628,0.1935,31.22,0.005,36.0
261.2411,11973226.0,25174.0,33628.0,0.003,0.0,0.013,-0.1184,0.1136,31.39,0.005,36.0
261.2411,11974481.0,25095.0,33313.0,0.003,0.0,-0.0079,-0.4318,0.0,31.99,0.005,36.0
261.27,11974189.0,25202.0,32619.0,0.022,-0.016,-0.0031,-0.0073,0.2796,31.48,0.0367,35.98
261.27,11973236.0,25196.0,32224.0,0.022,-0.016,0.0129,-0.0311,0.2422,31.34,0.0367,35.98
261.27,11972736.0,25140.0,33398.0,0.022,-0.016,0.0212,-0.2533,0.0,31.73,0.0367,35.98
261.3013,11971775.0,25231.0,34619.0,0.022,-0.016,0.0373,0.1078,0.4631,30.95,0.0367,35.98
261.3013,11972173.0,25200.0,34206.0,0.022,-0.016,0.0306,-0.0152,0.2671,31.02,0.0367,35.98
261.3013,11973330.0,25191.0,34260.0,0.022,-0.016,0.0113,-0.0509,0.2117,31.11,0.0367,35.98
261.3363,11973477.0,25187.0,35499.0,0.022,-0.016,0.0088,-0.0668,0.1875,31.2,0.0367,35.98
261.3363,11972549.0,25188.0,35712.0,0.022,-0.016,0.0243,-0.0628,0.1935,31.28,0.0367,35.98
261.3363,11972736.0,25195.0,35130.0,0.022,-0.016,0.0212,-0.0351,0.236,31.25,0.0367,35.98
261.3667,11971905.0,25156.0,35173.0,0.059,-0.05,0.0351,-0.1898,0.0142,31.6,0.0983,35.95
261.3667,11969592.0,25210.0,33484.0,0.059,-0.05,0.0738,0.0244,0.3295,31.42,0.0983,35.95
261.3667,11972135.0,25210.0,34641.0,0.059,-0.05,0.0313,0.0244,0.3295,31.15,0.0983,35.95
261.3812,11972807.0,25235.0,32888.0,0.059,-0.05,0.02,0.1236,0.4895,30.41,0.0983,35.95
261.3812,11969042.0,25156.0,34779.0,0.059,-0.05,0.083,-0.1898,0.0142,31.19,0.0983,35.95
261.3812,11972198.0,25189.0,34178.0,0.059,-0.05,0.0302,-0.0589,0.1996,31.28,0.0983,35.95
261.4124,11969909.0,25230.0,34065.0,0.059,-0.05,0.0685,0.1038,0.4566,30.86,0.0983,35.95
261.4124,11970154.0,25201.0,36276.0,0.059,-0.05,0.0644,-0.0113,0.2733,31.05,0.0983,35.95
261.4124,11969431.0,25240.0,32796.0,0.059,-0.05,0.0765,0.1435,0.5226,30.55,0.0983,35.95
261.4542,11968703.0,25240.0,33783.0,0.059,-0.05,0.0886,0.1435,0.5226,30.31,0.0983,35.95
261.4542,11964996.0,25216.0,32501.0,0.059,-0.05,0.1507,0.0482,0.3671,30.78,0.0983,35.95
261.4542,11968187.0,25192.0,34403.0,0.059,-0.05,0.0973,-0.047,0.2178,31.17,0.0983,35.95
261.4759,11968796.0,25222.0,35143.0,0.059,-0.05,0.0871,0.0721,0.4048,31.04,0.0983,35.95
261.4759,11966261.0,25206.0,33338.0,0.059,-0.05,0.1295,0.0086,0.3045,31.27,0.0983,35.95
261.4759,11968883.0,25207.0,34744.0,0.059,-0.05,0.0856,0.0125,0.3108,31.28,0.0983,35.95
261.5076,11968839.0,25274.0,34282.0,0.125,-0.109,0.0864,0.2784,0.7475,29.85,0.2083,35.89
261.5076,11965835.0,25176.0,35140.0,0.125,-0.109,0.1366,-0.1105,0.1246,30.82,0.2083,35.89
261.5076,11965529.0,25126.0,35677.0,0.125,-0.109,0.1417,-0.3088,0.0,31.72,0.2083,35.89
261.5417,11965637.0,25235.0,34407.0,0.125,-0.109,0.1399,0.1236,0.4895,31.37,0.2083,35.89
261.5417,11965089.0,25208.0,33141.0,0.125,-0.109,0.1491,0.0165,0.317,31.49,0.2083,35.89
261.5417,11963832.0,25190.0,32124.0,0.125,-0.109,0.1702,-0.0549,0.2057,31.77,0.2083,35.89
261.5621,11970213.0,25183.0,33752.0,0.125,-0.109,0.0634,-0.0827,0.1637,31.77,0.2083,35.89
261.5621,11963222.0,25161.0,34370.0,0.125,-0.109,0.1804,-0.17,0.0418,32.14,0.2083,35.89
261.5621,11963479.0,25220.0,34447.0,0.125,-0.109,0.1761,0.0641,0.3923,31.9,0.2083,35.89
261.6053,11963402.0,25296.0,34766.0,0.194,-0.178,0.1774,0.3657,0.8931,30.23,0.3233,35.82
261.6053,11965067.0,25235.0,34322.0,0.194,-0.178,0.1495,0.1236,0.4895,30.52,0.3233,35.82
261.6053,11960441.0,25186.0,34215.0,0.194,-0.178,0.227,-0.0708,0.1815,31.32,0.3233,35.82
261.6237,11962312.0,25318.0,34848.0,0.194,-0.178,0.1956,0.4529,1.0386,29.36,0.3233,35.82
261.6237,11959906.0,25233.0,34331.0,0.194,-0.178,0.2359,0.1157,0.4763,30.25,0.3233,35.82
261.6237,11962021.0,25271.0,34446.0,0.194,-0.178,0.2005,0.2665,0.7277,30.04,0.3233,35.82
261.6523,11958938.0,25268.0,33767.0,0.194,-0.178,0.2522,0.2546,0.7078,30.24,0.3233,35.82
261.6523,11960668.0,25230.0,34564.0,0.194,-0.178,0.2232,0.1038,0.4566,30.78,0.3233,35.82
261.6523,11957954.0,25232.0,34877.0,0.194,-0.178,0.2687,0.1117,0.4697,31.19,0.3233,35.82
261.6833,11956128.0,25231.0,32135.0,0.194,-0.178,0.2993,0.1078,0.4631,31.51,0.3233,35.82
261.6833,11957719.0,25230.0,34504.0,0.194,-0.178,0.2726,0.1038,0.4566,31.66,0.3233,35.82
261.6833,11957242.0,25228.0,34583.0,0.194,-0.178,0.2806,0.0959,0.4435,31.78,0.3233,35.82
261.7205,11957388.0,25239.0,34735.0,0.284,-0.269,0.2781,0.1395,0.516,31.74,0.4733,35.73
261.7205,11954788.0,25220.0,34497.0,0.284,-0.269,0.3218,0.0641,0.3923,31.98,0.4733,35.73
261.7205,11954101.0,25293.0,33240.0,0.284,-0.269,0.3333,0.3538,0.8732,31.29,0.4733,35.73
261.7468,11954615.0,25281.0,34846.0,0.284,-0.269,0.3247,0.3061,0.7939,31.08,0.4733,35.73
261.7468,11951835.0,25255.0,34850.0,0.284,-0.269,0.3714,0.203,0.6218,31.38,0.4733,35.73
261.7468,11954441.0,25231.0,34387.0,0.284,-0.269,0.3276,0.1078,0.4631,31.69,0.4733,35.73
261.7718,11955022.0,25253.0,35664.0,0.284,-0.269,0.3178,0.195,0.6086,31.63,0.4733,35.73
261.7718,11951911.0,25292.0,33192.0,0.284,-0.269,0.3701,0.3498,0.8666,31.29,0.4733,35.73
261.7718,11952290.0,25281.0,34295.0,0.284,-0.269,0.3637,0.3061,0.7939,31.21,0.4733,35.73
261.8104,11951230.0,25284.0,33404.0,0.391,-0.372,0.3815,0.318,0.8137,31.17,0.6517,35.63
261.8104,11950015.0,25208.0,34481.0,0.391,-0.372,0.4019,0.0165,0.317,31.87,0.6517,35.63
261.8104,11949661.0,25268.0,34676.0,0.391,-0.372,0.4079,0.2546,0.7078,31.8,0.6517,35.63
261.8425,11948504.0,25255.0,34454.0,0.391,-0.372,0.4273,0.203,0.6218,31.94,0.6517,35.63
261.8425,11948217.0,25289.0,35309.0,0.391,-0.372,0.4321,0.3379,0.8468,31.68,0.6517,35.63
261.8425,11949179.0,25332.0,34063.0,0.391,-0.372,0.416,0.5085,1.1313,30.69,0.6517,35.63
261.8582,11947287.0,25284.0,32526.0,0.391,-0.372,0.4478,0.318,0.8137,31.03,0.6517,35.63
261.8582,11947467.0,25299.0,35036.0,0.391,-0.372,0.4448,0.3776,0.9129,31.06,0.6517,35.63
261.8582,11943435.0,25285.0,33934.0,0.391,-0.372,0.5126,0.322,0.8203,31.4,0.6517,35.63
261.8901,11944282.0,25275.0,35163.0,0.391,-0.372,0.4983,0.2823,0.7542,31.66,0.6517,35.63
261.8901,11942084.0,25320.0,33940.0,0.391,-0.372,0.5353,0.4609,1.0519,31.45,0.6517,35.63
261.8901,11943349.0,25348.0,33769.0,0.391,-0.372,0.514,0.572,1.2371,30.73,0.6517,35.63
261.9221,11940995.0,25317.0,33223.0,0.506,-0.487,0.5537,0.449,1.032,30.96,0.8433,35.51
261.9221,11941757.0,25382.0,34561.0,0.506,-0.487,0.5408,0.7069,1.4621,29.75,0.8433,35.51
261.9221,11941351.0,25329.0,33433.0,0.506,-0.487,0.5477,0.4966,1.1114,30.23,0.8433,35.51
261.954,11939880.0,25373.0,35273.0,0.506,-0.487,0.5725,0.6712,1.4025,29.75,0.8433,35.51
261.954,11939097.0,25316.0,35836.0,0.506,-0.487,0.5856,0.445,1.0254,30.46,0.8433,35.51
261.954,11939250.0,25321.0,34963.0,0.506,-0.487,0.5831,0.4648,1.0585,30.83,0.8433,35.51
261.9855,11935953.0,25338.0,33293.0,0.506,-0.487,0.6386,0.5323,1.171,31.01,0.8433,35.51
261.9855,11935252.0,25336.0,35164.0,0.506,-0.487,0.6505,0.5244,1.1577,31.17,0.8433,35.51
261.9855,11935588.0,25308.0,35906.0,0.506,-0.487,0.6448,0.4133,0.9725,31.54,0.8433,35.51
262.0176,11934083.0,25323.0,34930.0,0.65,-0.631,0.6702,0.4728,1.0717,31.67,1.0833,35.37
262.0176,11933478.0,25328.0,34318.0,0.65,-0.631,0.6804,0.4926,1.1048,31.72,1.0833,35.37
262.0176,11935991.0,25345.0,34939.0,0.65,-0.631,0.638,0.5601,1.2173,31.47,1.0833,35.37
262.0511,11931097.0,25323.0,34655.0,0.65,-0.631,0.7206,0.4728,1.0717,31.74,1.0833,35.37
262.0511,11931946.0,25380.0,34592.0,0.65,-0.631,0.7062,0.6989,1.4488,31.2,1.0833,35.37
262.0511,11930465.0,25353.0,34223.0,0.65,-0.631,0.7312,0.5918,1.2702,31.3,1.0833,35.37
262.081,11929126.0,25412.0,33602.0,0.65,-0.631,0.7539,0.8259,1.6605,30.5,1.0833,35.37
262.081,11928218.0,25386.0,33757.0,0.65,-0.631,0.7692,0.7227,1.4885,30.62,1.0833,35.37
262.081,11927023.0,25350.0,34496.0,0.65,-0.631,0.7894,0.5799,1.2504,31.13,1.0833,35.37
262.1164,11925937.0,25388.0,33161.0,0.816,-0.794,0.8078,0.7307,1.5018,31.08,1.36,35.21
262.1164,11946288.0,25387.0,33394.0,0.816,-0.794,0.4646,0.7267,1.4951,29.12,1.36,35.21
262.1164,11924470.0,25324.0,34248.0,0.816,-0.794,0.8326,0.4768,1.0783,30.53,1.36,35.21
262.1508,11923911.0,25339.0,34442.0,0.816,-0.794,0.842,0.5363,1.1776,31.29,1.36,35.21
262.1508,11926120.0,25394.0,34722.0,0.816,-0.794,0.8047,0.7545,1.5415,31.1,1.36,35.21
262.1508,11920921.0,25388.0,34868.0,0.816,-0.794,0.8926,0.7307,1.5018,31.27,1.36,35.21
262.1652,11920198.0,25367.0,32928.0,0.816,-0.794,0.9048,0.6474,1.3628,31.61,1.36,35.21
262.1652,11920088.0,25417.0,34376.0,0.816,-0.794,0.9067,0.8457,1.6937,31.3,1.36,35.21
262.1652,11919090.0,25385.0,32708.0,0.816,-0.794,0.9236,0.7188,1.4819,31.5,1.36,35.21
262.1923,11917853.0,25456.0,35268.0,0.816,-0.794,0.9446,1.0005,1.9557,30.63,1.36,35.21
262.1923,11917192.0,25384.0,33762.0,0.816,-0.794,0.9558,0.7148,1.4753,31.18,1.36,35.21
262.1923,11915115.0,25441.0,33533.0,0.816,-0.794,0.991,0.941,1.8544,30.99,1.36,35.21
262.2247,11914011.0,25415.0,33762.0,0.816,-0.794,1.0097,0.8378,1.6804,31.21,1.36,35.21
262.2247,11912722.0,25456.0,33969.0,0.816,-0.794,1.0315,1.0005,1.9557,30.89,1.36,35.21
262.2247,11916916.0,25383.0,33474.0,0.816,-0.794,0.9604,0.7108,1.4687,31.36,1.36,35.21
262.2559,11911806.0,25441.0,33857.0,0.994,-0.975,1.0471,0.941,1.8544,31.24,1.6567,35.02
262.2559,11910712.0,25484.0,34226.0,0.994,-0.975,1.0656,1.1116,2.1439,30.49,1.6567,35.02
262.2559,11907158.0,25434.0,34199.0,0.994,-0.975,1.126,0.9132,1.8072,30.99,1.6567,35.02
262.2908,11908464.0,25431.0,34179.0,0.994,-0.975,1.1038,0.9013,1.7872,31.27,1.6567,35.02
262.2908,11907147.0,25463.0,33428.0,0.994,-0.975,1.1262,1.0283,2.003,31.15,1.6567,35.02
262.2908,11904529.0,25445.0,35098.0,0.994,-0.975,1.1706,0.9568,1.8814,31.37,1.6567,35.02
262.3199,11903775.0,25453.0,34093.0,0.994,-0.975,1.1835,0.9886,1.9354,31.46,1.6567,35.02
262.3199,11903335.0,25430.0,34181.0,0.994,-0.975,1.1909,0.8973,1.7805,31.76,1.6567,35.02
262.3199,11901964.0,25473.0,33725.0,0.994,-0.975,1.2143,1.0679,2.0706,31.56,1.6567,35.02
262.3404,11901848.0,25519.0,35262.0,0.994,-0.975,1.2162,1.2504,2.3797,30.69,1.6567,35.02
262.3404,11897868.0,25484.0,35773.0,0.994,-0.975,1.284,1.1116,2.1439,30.97,1.6567,35.02
262.3404,11898811.0,25450.0,34033.0,0.994,-0.975,1.2679,0.9767,1.9152,31.44,1.6567,35.02
262.3713,11897565.0,25514.0,33489.0,1.194,-1.175,1.2891,1.2306,2.346,31.08,1.99,34.83
262.3713,11897611.0,25466.0,33466.0,1.194,-1.175,1.2883,1.0402,2.0233,31.4,1.99,34.83
262.3742,11895321.0,25565.0,35252.0,1.194,-1.175,1.3273,1.433,2.6895,30.1,1.99,34.83
262.4165,11896353.0,25549.0,33257.0,1.194,-1.175,1.3098,1.3695,2.5818,29.62,1.99,34.83
262.4165,11893160.0,25509.0,33720.0,1.194,-1.175,1.3642,1.2108,2.3123,30.27,1.99,34.83
262.4165,11890903.0,25522.0,34016.0,1.194,-1.175,1.4026,1.2623,2.3999,30.61,1.99,34.83
262.4343,11891068.0,25491.0,34954.0,1.194,-1.175,1.3998,1.1394,2.1911,31.13,1.99,34.83
262.4343,11889246.0,25474.0,34194.0,1.194,-1.175,1.4309,1.0719,2.0773,31.66,1.99,34.83
262.4343,11887197.0,25590.0,34632.0,1.194,-1.175,1.4659,1.5321,2.8581,30.45,1.99,34.83
262.465,11886441.0,25568.0,34381.0,1.416,-1.394,1.4788,1.4449,2.7098,30.3,2.36,34.61
262.465,11884808.0,25519.0,34572.0,1.416,-1.394,1.5067,1.2504,2.3797,30.91,2.36,34.61
262.465,11884437.0,25587.0,34217.0,1.416,-1.394,1.513,1.5202,2.8377,30.34,2.36,34.61
262.4995,11882067.0,25560.0,33579.0,1.416,-1.394,1.5535,1.4131,2.6559,30.63,2.36,34.61
262.4995,11879622.0,25625.0,35298.0,1.416,-1.394,1.5953,1.671,3.0963,29.71,2.36,34.61
262.4995,11880517.0,25589.0,33993.0,1.416,-1.394,1.58,1.5282,2.8513,29.91,2.36,34.61
262.5288,11878738.0,25563.0,34697.0,1.416,-1.394,1.6104,1.425,2.6761,30.48,2.36,34.61
262.5288,11875849.0,25637.0,33204.0,1.416,-1.394,1.6599,1.7186,3.1789,29.69,2.36,34.61
262.5288,11877453.0,25537.0,33698.0,1.416,-1.394,1.6324,1.3219,2.5009,30.66,2.36,34.61
262.5611,11873325.0,25627.0,33975.0,1.416,-1.394,1.7031,1.679,3.11,30.28,2.36,34.61
262.5611,11872217.0,25596.0,33433.0,1.416,-1.394,1.7221,1.556,2.8989,30.64,2.36,34.61
262.5611,11872888.0,25608.0,33588.0,1.416,-1.394,1.7106,1.6036,2.9806,30.69,2.36,34.61
262.5932,11866785.0,25586.0,32376.0,1.653,-1.628,1.8152,1.5163,2.8309,31.2,2.755,34.37
262.5932,11869751.0,25614.0,33530.0,1.653,-1.628,1.7644,1.6274,3.0214,31.1,2.755,34.37
262.5932,11862177.0,25724.0,33416.0,1.653,-1.628,1.8944,2.0638,3.7486,29.22,2.755,34.37
262.6263,11866181.0,25639.0,33076.0,1.653,-1.628,1.8256,1.7266,3.1926,29.75,2.755,34.37
262.6263,11863450.0,25627.0,33926.0,1.653,-1.628,1.8725,1.679,3.11,30.36,2.755,34.37
262.6263,11853122.0,25622.0,33981.0,1.653,-1.628,2.0501,1.6591,3.0759,31.18,2.755,34.37
262.6424,11861297.0,25621.0,33966.0,1.653,-1.628,1.9095,1.6551,3.0691,31.36,2.755,34.37
262.6424,11858242.0,25625.0,34337.0,1.653,-1.628,1.962,1.671,3.0963,31.55,2.755,34.37
262.6424,11853370.0,25668.0,33953.0,1.653,-1.628,2.0458,1.8416,3.3893,31.43,2.755,34.37
262.6751,11860784.0,25661.0,35645.0,1.653,-1.628,1.9183,1.8139,3.3444,31.06,2.755,34.37
262.6751,11852753.0,25643.0,34766.0,1.653,-1.628,2.0565,1.7424,3.2201,31.41,2.755,34.37
262.6751,11851627.0,25656.0,34653.0,1.653,-1.628,2.0759,1.794,3.3111,31.53,2.755,34.37
262.7054,11852381.0,25709.0,34799.0,1.909,-1.881,2.0629,2.0043,3.6524,30.88,3.1817,34.12
262.7054,11853413.0,25694.0,34277.0,1.909,-1.881,2.0451,1.9448,3.5561,30.7,3.1817,34.12
262.7054,11854363.0,25705.0,36160.0,1.909,-1.881,2.0287,1.9884,3.6267,30.3,3.1817,34.12
262.7365,11851937.0,25749.0,34442.0,1.909,-1.881,2.0705,2.163,3.909,29.26,3.1817,34.12
262.7365,11851733.0,25749.0,34076.0,1.909,-1.881,2.074,2.163,3.909,28.66,3.1817,34.12
262.7365,11852810.0,25676.0,33124.0,1.909,-1.881,2.0555,1.8734,3.4407,29.65,3.1817,34.12
262.7697,11852368.0,25776.0,34371.0,1.909,-1.881,2.0631,2.2701,4.0825,28.05,3.1817,34.12
262.7697,11852012.0,25739.0,35088.0,1.909,-1.881,2.0692,2.1233,3.8448,28.17,3.1817,34.12
262.7697,11852366.0,25799.0,33779.0,1.909,-1.881,2.0631,2.3614,4.2321,26.49,3.1817,34.12
262.8004,11844946.0,25702.0,32895.0,2.178,-2.15,2.191,1.9765,3.6075,28.42,3.63,33.85
262.8004,11851881.0,25750.0,35482.0,2.178,-2.15,2.0715,2.167,3.9154,28.11,3.63,33.85
262.8004,11841859.0,25804.0,33360.0,2.178,-2.15,2.2443,2.3812,4.2646,27.59,3.63,33.85
262.8381,11847909.0,25697.0,34534.0,2.178,-2.15,2.1399,1.9567,3.5754,29.01,3.63,33.85
262.8381,11847514.0,25747.0,33937.0,2.178,-2.15,2.1467,2.1551,3.8961,28.99,3.63,33.85
262.8381,11840881.0,25739.0,35145.0,2.178,-2.15,2.2612,2.1233,3.8448,29.71,3.63,33.85
262.8603,11835032.0,25832.0,34922.0,2.178,-2.15,2.3623,2.4923,4.4471,28.57,3.63,33.85
262.8603,11832096.0,25833.0,33385.0,2.178,-2.15,2.4131,2.4963,4.4536,28.21,3.63,33.85
262.8603,11832965.0,25759.0,33489.0,2.178,-2.15,2.3981,2.2027,3.9731,29.4,3.63,33.85
262.8806,11942419.0,25822.0,33019.0,2.178,-2.15,0.5297,2.4526,4.3818,22.49,3.63,33.85
262.8806,11828392.0,25781.0,34197.0,2.178,-2.15,2.4773,2.29,4.115,25.94,3.63,33.85
262.8806,11823697.0,25790.0,36219.0,2.178,-2.15,2.5587,2.3257,4.1735,28.11,3.63,33.85
262.9157,11825792.0,25812.0,33991.0,2.466,-2.438,2.5223,2.413,4.3166,29.02,4.11,33.56
262.9157,11824524.0,25816.0,33628.0,2.466,-2.438,2.5443,2.4288,4.3426,29.59,4.11,33.56
262.9157,11826333.0,25823.0,33639.0,2.466,-2.438,2.513,2.4566,4.3883,29.64,4.11,33.56
262.9477,11815767.0,25843.0,34370.0,2.466,-2.438,2.6964,2.536,4.5189,30.13,4.11,33.56
262.9477,11818785.0,25851.0,34392.0,2.466,-2.438,2.6439,2.5677,4.5713,30.04,4.11,33.56
262.9477,11815219.0,25801.0,33860.0,2.466,-2.438,2.7059,2.3693,4.2451,30.81,4.11,33.56
262.9772,11815281.0,25817.0,34513.0,2.466,-2.438,2.7048,2.4328,4.3491,31.11,4.11,33.56
262.9772,11814744.0,25845.0,34456.0,2.466,-2.438,2.7142,2.5439,4.532,31.04,4.11,33.56
262.9772,11810306.0,25905.0,33763.0,2.466,-2.438,2.7914,2.782,4.9248,30.18,4.11,33.56
263.0147,11810191.0,25834.0,33532.0,2.466,-2.438,2.7934,2.5003,4.4601,30.78,4.11,33.56
263.0147,11807046.0,25887.0,33755.0,2.466,-2.438,2.8481,2.7105,4.8069,30.68,4.11,33.56
263.0147,11806846.0,25908.0,34806.0,2.466,-2.438,2.8516,2.7939,4.9444,30.22,4.11,33.56
263.042,11807345.0,25865.0,34765.0,2.772,-2.744,2.8429,2.6233,4.6629,30.63,4.62,33.26
263.042,11810701.0,25894.0,33344.0,2.772,-2.744,2.7845,2.7383,4.8528,30.14,4.62,33.26
263.042,11800691.0,25923.0,33420.0,2.772,-2.744,2.9589,2.8534,5.0426,30.13,4.62,33.26
263.077,11797072.0,25943.0,33232.0,2.772,-2.744,3.0221,2.9327,5.1735,30.03,4.62,33.26
263.077,11798804.0,25895.0,34811.0,2.772,-2.744,2.9919,2.7423,4.8593,30.57,4.62,33.26
263.077,11796405.0,25948.0,34987.0,2.772,-2.744,3.0338,2.9526,5.2063,30.24,4.62,33.26
263.1061,11798491.0,25852.0,33917.0,2.772,-2.744,2.9973,2.5717,4.5778,31.11,4.62,33.26
263.1061,11792441.0,25972.0,33628.0,2.772,-2.744,3.1031,3.0478,5.3634,30.4,4.62,33.26
263.1071,11790412.0,25969.0,34499.0,2.772,-2.744,3.1385,3.0359,5.3437,30.23,4.62,33.26
263.1222,11789160.0,25969.0,35733.0,2.772,-2.744,3.1605,3.0359,5.3437,30.23,4.62,33.26
263.1222,11787920.0,25975.0,34452.0,2.772,-2.744,3.1822,3.0597,5.383,30.21,4.62,33.26
263.1222,11787342.0,25976.0,34641.0,2.772,-2.744,3.1923,3.0637,5.3895,30.23,4.62,33.26
263.1561,11783722.0,25950.0,35178.0,3.109,-3.081,3.2557,2.9605,5.2193,30.78,5.1817,32.92
263.1561,11781747.0,26041.0,33030.0,3.109,-3.081,3.2903,3.3216,5.8151,29.62,5.1817,32.92
263.1561,11778874.0,25960.0,35028.0,3.109,-3.081,3.3407,3.0002,5.2848,30.51,5.1817,32.92
263.1861,11779943.0,25973.0,34529.0,3.109,-3.081,3.3219,3.0518,5.3699,30.88,5.1817,32.92
263.1861,11776461.0,25965.0,35097.0,3.109,-3.081,3.3831,3.02,5.3175,31.31,5.1817,32.92
263.1861,11778290.0,25995.0,34120.0,3.109,-3.081,3.3509,3.139,5.5139,31.21,5.1817,32.92
263.2183,11774028.0,26033.0,34079.0,3.109,-3.081,3.4258,3.2898,5.7627,30.8,5.1817,32.92
263.2183,11771778.0,25971.0,35558.0,3.109,-3.081,3.4653,3.0438,5.3568,31.39,5.1817,32.92
263.2183,11769116.0,26070.0,34334.0,3.109,-3.081,3.5121,3.4366,6.0013,30.56,5.1817,32.92
263.2503,11767475.0,26120.0,34279.0,3.413,-3.384,3.541,3.635,6.3149,29.02,5.6883,32.62
263.2503,11769661.0,26063.0,34395.0,3.413,-3.384,3.5025,3.4088,5.9573,29.25,5.6883,32.62
263.2503,11766477.0,25993.0,33474.0,3.413,-3.384,3.5586,3.1311,5.5008,30.46,5.6883,32.62
263.2824,11762740.0,26051.0,34455.0,3.413,-3.384,3.6244,3.3612,5.8805,30.8,5.6883,32.62
263.2824,11761652.0,26065.0,34256.0,3.413,-3.384,3.6436,3.4168,5.9699,30.9,5.6883,32.62
263.2824,11762863.0,26138.0,33904.0,3.413,-3.384,3.6222,3.7064,6.4276,29.29,5.6883,32.62
263.3146,11757704.0,26099.0,34422.0,3.413,-3.384,3.7132,3.5517,6.1832,29.72,5.6883,32.62
263.3146,11755882.0,26069.0,33036.0,3.413,-3.384,3.7453,3.4327,5.995,30.47,5.6883,32.62
263.3146,11755685.0,26176.0,33933.0,3.413,-3.384,3.7488,3.8572,6.6678,28.84,5.6883,32.62
263.3312,11751436.0,26130.0,34192.0,3.413,-3.384,3.8238,3.6747,6.3775,29.39,5.6883,32.62
263.3312,11750405.0,26126.0,32992.0,3.413,-3.384,3.8421,3.6588,6.3525,29.87,5.6883,32.62
263.3312,11753389.0,26122.0,35384.0,3.413,-3.384,3.7893,3.6429,6.3274,30.0,5.6883,32.62
263.3648,11747722.0,26143.0,34119.0,3.712,-3.684,3.8895,3.7263,6.459,30.15,6.1867,32.32
263.3648,11748439.0,26105.0,33723.0,3.712,-3.684,3.8768,3.5755,6.2209,30.7,6.1867,32.32
263.3648,11747377.0,26099.0,34800.0,3.712,-3.684,3.8956,3.5517,6.1832,31.12,6.1867,32.32
263.3949,11746727.0,26176.0,34403.0,3.712,-3.684,3.9071,3.8572,6.6678,30.22,6.1867,32.32
263.3949,11743531.0,26116.0,34583.0,3.712,-3.684,3.9637,3.6191,6.2898,30.84,6.1867,32.32
263.3949,11748130.0,26151.0,33632.0,3.712,-3.684,3.8823,3.758,6.5091,30.46,6.1867,32.32
263.4269,11740745.0,26198.0,32594.0,3.712,-3.684,4.013,3.9445,6.8107,29.9,6.1867,32.32
263.4269,11739373.0,26116.0,34771.0,3.712,-3.684,4.0373,3.6191,6.2898,30.81,6.1867,32.32
263.4269,11738176.0,26196.0,34436.0,3.712,-3.684,4.0585,3.9365,6.7977,30.39,6.1867,32.32
263.459,11738953.0,26207.0,34803.0,3.712,-3.684,4.0448,3.9802,6.8693,29.83,6.1867,32.32
263.459,11738182.0,26221.0,34643.0,3.712,-3.684,4.0584,4.0357,6.9603,29.25,6.1867,32.32
263.459,11734184.0,26215.0,33571.0,3.712,-3.684,4.1294,4.0119,6.9213,29.41,6.1867,32.32
263.4909,11733120.0,26272.0,34282.0,3.984,-4.025,4.1482,4.2381,7.2859,28.23,6.64,31.98
263.4909,11732242.0,26243.0,34286.0,3.984,-4.025,4.1638,4.123,7.1077,28.34,6.64,31.98
263.4909,11729118.0,26205.0,32973.0,3.984,-4.025,4.2193,3.9723,6.8562,29.46,6.64,31.98
263.5237,11731112.0,26225.0,34343.0,3.984,-4.025,4.1839,4.0516,6.9863,29.61,6.64,31.98
263.5237,11726728.0,26211.0,34644.0,3.984,-4.025,4.2618,3.9961,6.8953,30.27,6.64,31.98
263.5237,11725680.0,26226.0,32559.0,3.984,-4.025,4.2804,4.0556,6.9928,30.52,6.64,31.98
263.5476,11723838.0,26205.0,34029.0,3.984,-4.025,4.3132,3.9723,6.8562,30.99,6.64,31.98
263.5476,11725212.0,26207.0,34386.0,3.984,-4.025,4.2888,3.9802,6.8693,31.2,6.64,31.98
263.5476,11722647.0,26216.0,33810.0,3.984,-4.025,4.3344,4.0159,6.9278,31.35,6.64,31.98
263.5735,11721611.0,26237.0,34040.0,3.984,-4.025,4.3529,4.0992,7.0666,31.26,6.64,31.98
263.5735,11718487.0,26298.0,33399.0,3.984,-4.025,4.4085,4.3412,7.4431,30.32,6.64,31.98
263.5735,11717273.0,26256.0,32488.0,3.984,-4.025,4.4301,4.1746,7.1892,30.64,6.64,31.98
263.6055,11718402.0,26235.0,32689.0,4.237,-4.291,4.41,4.0913,7.0528,31.0,7.0617,31.71
263.6055,11717714.0,26248.0,33224.0,4.237,-4.291,4.4223,4.1429,7.1407,31.12,7.0617,31.71
263.6055,11718282.0,26275.0,32968.0,4.237,-4.291,4.4122,4.25,7.3041,30.72,7.0617,31.71
263.6402,11713754.0,26320.0,34547.0,4.237,-4.291,4.4929,4.4285,7.5761,29.99,7.0617,31.71
263.6402,11711783.0,26291.0,32610.0,4.237,-4.291,4.5281,4.3135,7.4008,30.29,7.0617,31.71
263.6402,11712237.0,26311.0,35356.0,4.237,-4.291,4.52,4.3928,7.5217,30.06,7.0617,31.71
263.6675,11708868.0,26304.0,33929.0,4.237,-4.291,4.5801,4.365,7.4794,30.34,7.0617,31.71
263.6675,11710272.0,26261.0,35705.0,4.237,-4.291,4.555,4.1944,7.2195,30.91,7.0617,31.71
263.6675,11708839.0,26267.0,33122.0,4.237,-4.291,4.5806,4.2182,7.2557,31.26,7.0617,31.71
263.6988,11706305.0,26304.0,34959.0,4.447,-4.631,4.6259,4.365,7.4794,31.24,7.4117,31.37
263.6988,11705094.0,26343.0,35188.0,4.447,-4.631,4.6476,4.5198,7.7151,30.65,7.4117,31.37
263.6988,11704295.0,26276.0,34013.0,4.447,-4.631,4.6619,4.254,7.3101,31.2,7.4117,31.37
263.7312,11704380.0,26343.0,35122.0,4.447,-4.631,4.6603,4.5198,7.7151,30.69,7.4117,31.37
263.7312,11705034.0,26336.0,32754.0,4.447,-4.631,4.6486,4.492,7.6728,30.46,7.4117,31.37
263.7312,11701187.0,26244.0,34741.0,4.447,-4.631,4.7175,4.127,7.1144,31.46,7.4117,31.37
263.7636,11700550.0,26321.0,35125.0,4.447,-4.631,4.7289,4.4325,7.5821,31.46,7.4117,31.37
263.7636,11700456.0,26315.0,34177.0,4.447,-4.631,4.7305,4.4087,7.5459,31.51,7.4117,31.37
263.7636,11698821.0,26399.0,33760.0,4.447,-4.631,4.7598,4.742,8.0654,30.19,7.4117,31.37
263.7998,11700083.0,26379.0,34729.0,4.634,-5.003,4.7372,4.6626,7.9372,29.73,7.7233,31.0
263.7998,11695232.0,26350.0,34555.0,4.634,-5.003,4.8241,4.5476,7.7574,30.38,7.7233,31.0
263.7998,11696761.0,26409.0,34598.0,4.634,-5.003,4.7967,4.7817,8.1331,29.47,7.7233,31.0
263.8119,11693681.0,26385.0,34333.0,4.634,-5.003,4.8519,4.6864,7.9755,29.77,7.7233,31.0
263.8119,11694920.0,26416.0,33855.0,4.634,-5.003,4.8297,4.8094,8.1808,29.12,7.7233,31.0
263.8119,11693211.0,26344.0,32922.0,4.634,-5.003,4.8604,4.5238,7.7212,30.15,7.7233,31.0
263.8467,11691514.0,26436.0,34844.0,4.634,-5.003,4.8908,4.8888,8.3175,29.18,7.7233,31.0
263.8467,11690765.0,26358.0,34237.0,4.634,-5.003,4.9043,4.5793,7.8059,30.16,7.7233,31.0
263.8467,11689002.0,26409.0,32811.0,4.634,-5.003,4.9359,4.7817,8.1331,30.09,7.7233,31.0
263.8783,11688334.0,26404.0,33263.0,4.634,-5.003,4.9479,4.7618,8.0993,30.22,7.7233,31.0
263.8783,11686802.0,26441.0,34443.0,4.634,-5.003,4.9754,4.9086,8.3517,29.58,7.7233,31.0
263.8783,11690656.0,26400.0,35125.0,4.634,-5.003,4.9062,4.7459,8.0722,29.8,7.7233,31.0
263.9081,11685548.0,26402.0,32649.0,4.85,-5.431,4.9979,4.7539,8.0857,30.3,8.0833,30.57
263.9081,11684238.0,26391.0,34263.0,4.85,-5.431,5.0215,4.7102,8.0137,30.81,8.0833,30.57
263.9081,11684273.0,26429.0,34541.0,4.85,-5.431,5.0209,4.861,8.2697,30.46,8.0833,30.57
263.9435,11682651.0,26443.0,34803.0,4.85,-5.431,5.05,4.9166,8.3654,30.08,8.0833,30.57
263.9435,11681131.0,26416.0,31699.0,4.85,-5.431,5.0774,4.8094,8.1808,30.54,8.0833,30.57
263.9435,11680385.0,26407.0,33997.0,4.85,-5.431,5.0908,4.7737,8.1196,30.95,8.0833,30.57
263.9776,11679519.0,26443.0,32028.0,4.85,-5.431,5.1064,4.9166,8.3654,30.67,8.0833,30.57
263.9776,11679088.0,26426.0,35460.0,4.85,-5.431,5.1141,4.8491,8.2492,30.87,8.0833,30.57
263.9776,11678278.0,26442.0,33456.0,4.85,-5.431,5.1287,4.9126,8.3585,30.75,8.0833,30.57
264.0038,11678800.0,26452.0,32953.0,4.85,-5.431,5.1193,4.9523,8.4269,30.41,8.0833,30.57
264.0038,11675440.0,26468.0,33748.0,4.85,-5.431,5.1798,5.0157,8.5345,30.15,8.0833,30.57
264.0038,11673958.0,26480.0,32831.0,4.85,-5.431,5.2065,5.0634,8.608,29.89,8.0833,30.57
264.0376,11673845.0,26455.0,33366.0,5.044,-5.816,5.2086,4.9642,8.4474,30.26,8.4067,30.18
264.0376,11674914.0,26455.0,32999.0,5.044,-5.816,5.1893,4.9642,8.4474,30.39,8.4067,30.18
264.0376,11673170.0,26488.0,33410.0,5.044,-5.816,5.2207,5.0951,8.6568,29.94,8.4067,30.18
264.0679,11676748.0,26453.0,33427.0,5.044,-5.816,5.1563,4.9562,8.4337,30.08,8.4067,30.18
264.0679,11669770.0,26452.0,34727.0,5.044,-5.816,5.2821,4.9523,8.4269,30.67,8.4067,30.18
264.0679,11668591.0,26545.0,35809.0,5.044,-5.816,5.3033,5.3213,8.9999,29.31,8.4067,30.18
264.0852,11667725.0,26537.0,33274.0,5.044,-5.816,5.319,5.2895,8.9517,28.79,8.4067,30.18
264.0852,11669381.0,26485.0,34533.0,5.044,-5.816,5.2891,5.0832,8.6385,29.39,8.4067,30.18
264.0852,11667457.0,26529.0,32875.0,5.044,-5.816,5.3238,5.2578,8.9036,29.04,8.4067,30.18
264.1238,11666707.0,26464.0,33552.0,5.044,-5.816,5.3373,4.9999,8.5089,30.05,8.4067,30.18
264.1238,11664874.0,26529.0,34182.0,5.044,-5.816,5.3705,5.2578,8.9036,29.68,8.4067,30.18
264.1238,11663921.0,26489.0,33666.0,5.044,-5.816,5.3877,5.0991,8.6629,30.3,8.4067,30.18
264.1485,11662106.0,26508.0,34200.0,5.222,-6.172,5.4205,5.1744,8.7773,30.5,8.7033,29.83
264.1485,11662702.0,26545.0,34743.0,5.222,-6.172,5.4097,5.3213,8.9999,29.83,8.7033,29.83
264.1485,11660596.0,26521.0,33898.0,5.222,-6.172,5.4478,5.226,8.8555,30.1,8.7033,29.83
264.1806,11660864.0,26564.0,34671.0,5.222,-6.172,5.4429,5.3966,9.1164,29.36,8.7033,29.83
264.1806,11658812.0,26550.0,35222.0,5.222,-6.172,5.4801,5.3411,9.0299,29.42,8.7033,29.83
264.1806,11660434.0,26578.0,32919.0,5.222,-6.172,5.4507,5.4522,9.2093,28.64,8.7033,29.83
264.2118,11657470.0,26500.0,33054.0,5.222,-6.172,5.5043,5.1427,8.7292,29.86,8.7033,29.83
264.2118,11671107.0,26540.0,33143.0,5.222,-6.172,5.2579,5.3014,8.9698,28.66,8.7033,29.83
264.2118,11656646.0,26539.0,33955.0,5.222,-6.172,5.5193,5.2974,8.9638,29.4,8.7033,29.83
264.2472,11656278.0,26522.0,34669.0,5.362,-6.581,5.5259,5.23,8.8615,30.17,8.9367,29.42
264.2472,11655606.0,26569.0,35649.0,5.362,-6.581,5.5381,5.4165,9.1496,29.8,8.9367,29.42
264.2472,11658014.0,26550.0,34082.0,5.362,-6.581,5.4945,5.3411,9.0299,29.75,8.9367,29.42
264.2755,11657998.0,26511.0,32759.0,5.362,-6.581,5.4948,5.1864,8.7953,30.41,8.9367,29.42
264.2755,11653657.0,26596.0,33373.0,5.362,-6.581,5.5734,5.5236,9.3286,29.5,8.9367,29.42
264.2755,11654163.0,26565.0,31578.0,5.362,-6.581,5.5642,5.4006,9.1231,29.63,8.9367,29.42
264.2947,11653931.0,26593.0,32897.0,5.362,-6.581,5.5684,5.5117,9.3087,29.08,8.9367,29.42
264.2947,11651808.0,26549.0,34076.0,5.362,-6.581,5.6069,5.3371,9.0239,29.87,8.9367,29.42
264.2947,11658355.0,26575.0,32188.0,5.362,-6.581,5.4883,5.4403,9.1894,29.21,8.9367,29.42
264.3231,11649435.0,26534.0,33517.0,5.362,-6.581,5.6499,5.2776,8.9337,30.24,8.9367,29.42
264.3231,11649939.0,26518.0,34267.0,5.362,-6.581,5.6408,5.2141,8.8374,30.97,8.9367,29.42
264.3231,11650452.0,26594.0,33955.0,5.362,-6.581,5.6315,5.5157,9.3153,30.2,8.9367,29.42
264.357,11647127.0,26572.0,34340.0,5.497,-6.978,5.6918,5.4284,9.1695,30.5,9.1617,29.02
264.357,11651338.0,26568.0,35486.0,5.497,-6.978,5.6154,5.4125,9.143,30.42,9.1617,29.02
264.357,11646993.0,26605.0,34781.0,5.497,-6.978,5.6942,5.5593,9.3883,29.95,9.1617,29.02
264.3868,11647060.0,26575.0,32881.0,5.497,-6.978,5.693,5.4403,9.1894,30.31,9.1617,29.02
264.3868,11645790.0,26579.0,31615.0,5.497,-6.978,5.7161,5.4562,9.2159,30.54,9.1617,29.02
264.3868,11643675.0,26632.0,34921.0,5.497,-6.978,5.7545,5.6664,9.5673,29.73,9.1617,29.02
264.4184,11644884.0,26653.0,33454.0,5.497,-6.978,5.7325,5.7498,9.7065,28.56,9.1617,29.02
264.4204,11650002.0,26669.0,33995.0,5.497,-6.978,5.6397,5.8132,9.8072,26.63,9.1617,29.02
264.4204,11643205.0,26572.0,35842.0,5.497,-6.978,5.763,5.4284,9.1695,28.6,9.1617,29.02
264.4419,11641921.0,26625.0,34659.0,5.497,-6.978,5.7864,5.6387,9.5209,28.9,9.1617,29.02
264.4419,11643108.0,26571.0,35366.0,5.497,-6.978,5.7648,5.4244,9.1628,29.98,9.1617,29.02
264.4419,11642134.0,26623.0,32401.0,5.497,-6.978,5.7825,5.6307,9.5076,29.75,9.1617,29.02
264.4837,11642387.0,26631.0,34458.0,5.625,-7.359,5.7779,5.6625,9.5606,29.4,9.375,28.64
264.4837,11640453.0,26599.0,34303.0,5.625,-7.359,5.813,5.5355,9.3485,30.05,9.375,28.64
264.4837,11640153.0,26630.0,33911.0,5.625,-7.359,5.8185,5.6585,9.554,29.82,9.375,28.64
264.5146,11638656.0,26584.0,33884.0,5.625,-7.359,5.8457,5.476,9.249,30.59,9.375,28.64
264.5146,11638744.0,26583.0,35456.0,5.625,-7.359,5.8441,5.472,9.2424,31.05,9.375,28.64
264.5146,11643742.0,26650.0,35488.0,5.625,-7.359,5.7533,5.7379,9.6866,29.57,9.375,28.64
264.5356,11637704.0,26629.0,34435.0,5.625,-7.359,5.863,5.6545,9.5474,29.79,9.375,28.64
264.5356,11637617.0,26622.0,34282.0,5.625,-7.359,5.8646,5.6268,9.501,30.07,9.375,28.64
264.5356,11638249.0,26711.0,34790.0,5.625,-7.359,5.8531,5.9799,10.0617,27.93,9.375,28.64
264.5822,11635444.0,26747.0,34658.0,5.734,-7.744,5.9042,6.1227,10.2906,25.89,9.5567,28.26
264.5822,11635605.0,26635.0,33813.0,5.734,-7.744,5.9012,5.6783,9.5872,27.64,9.5567,28.26
264.5822,11636454.0,26625.0,33803.0,5.734,-7.744,5.8858,5.6387,9.5209,28.82,9.5567,28.26
264.5945,11634876.0,26617.0,33735.0,5.734,-7.744,5.9145,5.6069,9.4678,29.8,9.5567,28.26
264.5945,11634789.0,26653.0,35796.0,5.734,-7.744,5.9161,5.7498,9.7065,29.67,9.5567,28.26
264.5945,11633466.0,26660.0,34709.0,5.734,-7.744,5.9402,5.7775,9.7514,29.56,9.5567,28.26
264.6265,11636152.0,26671.0,35716.0,5.734,-7.744,5.8913,5.8212,9.8193,28.99,9.5567,28.26
264.6265,11636805.0,26599.0,35092.0,5.734,-7.744,5.8794,5.5355,9.3485,30.02,9.5567,28.26
264.6265,11632401.0,26633.0,32582.0,5.734,-7.744,5.9596,5.6704,9.5739,30.42,9.5567,28.26
264.6586,11632389.0,26686.0,34208.0,5.734,-7.744,5.9598,5.8807,9.9102,29.56,9.5567,28.26
264.6586,11632532.0,26628.0,33117.0,5.734,-7.744,5.9572,5.6506,9.5408,30.23,9.5567,28.26
264.6586,11634056.0,26660.0,34079.0,5.734,-7.744,5.9294,5.7775,9.7514,29.84,9.5567,28.26
264.69,11632694.0,26628.0,35661.0,5.822,-8.103,5.9542,5.6506,9.5408,30.38,9.7033,27.9
264.69,11632156.0,26653.0,33727.0,5.822,-8.103,5.964,5.7498,9.7065,30.26,9.7033,27.9
264.69,11632551.0,26656.0,32912.0,5.822,-8.103,5.9568,5.7617,9.726,30.09,9.7033,27.9
264.7216,11629629.0,26633.0,34423.0,5.822,-8.103,6.0101,5.6704,9.5739,30.64,9.7033,27.9
264.7216,11631220.0,26686.0,33900.0,5.822,-8.103,5.9811,5.8807,9.9102,29.82,9.7033,27.9
264.7216,11628133.0,26665.0,34230.0,5.822,-8.103,6.0374,5.7974,9.7829,30.04,9.7033,27.9
264.7539,11630874.0,26698.0,33206.0,5.822,-8.103,5.9874,5.9283,9.9829,29.22,9.7033,27.9
264.7539,11629091.0,26685.0,35087.0,5.822,-8.103,6.0199,5.8767,9.9041,29.19,9.7033,27.9
264.7539,11627385.0,26688.0,35034.0,5.822,-8.103,6.051,5.8886,9.9223,29.27,9.7033,27.9
264.7857,11628133.0,26697.0,33612.0,5.894,-8.463,6.0374,5.9243,9.9769,29.06,9.8233,27.54
264.7857,11627773.0,26608.0,34554.0,5.894,-8.463,6.0439,5.5712,9.4082,30.34,9.8233,27.54
264.7857,11631332.0,26721.0,33602.0,5.894,-8.463,5.9791,6.0196,10.1223,28.75,9.8233,27.54
264.8179,11627032.0,26629.0,35064.0,5.894,-8.463,6.0575,5.6545,9.5474,29.98,9.8233,27.54
264.8179,11627439.0,26704.0,33731.0,5.894,-8.463,6.05,5.9521,10.0193,29.41,9.8233,27.54
264.8179,11625975.0,26663.0,33197.0,5.894,-8.463,6.0767,5.7894,9.7703,30.02,9.8233,27.54
264.8338,11626098.0,26703.0,32840.0,5.894,-8.463,6.0745,5.9481,10.0132,29.58,9.8233,27.54
264.8338,11626828.0,26713.0,33426.0,5.894,-8.463,6.0612,5.9878,10.0738,29.03,9.8233,27.54
264.8338,11625841.0,26758.0,34834.0,5.894,-8.463,6.0792,6.1664,10.3619,27.56,9.8233,27.54
264.8659,11627418.0,26682.0,34522.0,5.894,-8.463,6.0504,5.8648,9.8859,28.42,9.8233,27.54
264.8659,11628123.0,26603.0,34636.0,5.894,-8.463,6.0376,5.5514,9.375,29.98,9.8233,27.54
264.8659,11624614.0,26713.0,34977.0,5.894,-8.463,6.1016,5.9878,10.0738,29.5,9.8233,27.54
264.8984,11626909.0,26678.0,35863.0,5.95,-8.803,6.0597,5.849,9.8617,29.71,9.9167,27.2
264.8984,11625326.0,26688.0,33926.0,5.95,-8.803,6.0886,5.8886,9.9223,29.78,9.9167,27.2
264.8996,11626738.0,26747.0,33593.0,5.95,-8.803,6.0628,6.1227,10.2906,28.24,9.9167,27.2
264.9305,11624224.0,26688.0,32818.0,5.95,-8.803,6.1087,5.8886,9.9223,29.0,9.9167,27.2
264.9305,11627661.0,26633.0,33494.0,5.95,-8.803,6.046,5.6704,9.5739,30.07,9.9167,27.2
264.9305,11624959.0,26684.0,34270.0,5.95,-8.803,6.0953,5.8728,9.8981,30.11,9.9167,27.2
264.9624,11630108.0,26683.0,35303.0,5.95,-8.803,6.0014,5.8688,9.892,29.67,9.9167,27.2
264.9624,11624725.0,26686.0,33711.0,5.95,-8.803,6.0996,5.8807,9.9102,29.85,9.9167,27.2
264.9624,11626175.0,26698.0,33945.0,5.95,-8.803,6.0731,5.9283,9.9829,29.58,9.9167,27.2
264.9979,11625158.0,26699.0,34346.0,5.95,-8.803,6.0917,5.9323,9.989,29.49,9.9167,27.2
264.9979,11626828.0,26701.0,32700.0,5.95,-8.803,6.0612,5.9402,10.0011,29.24,9.9167,27.2
264.9979,11628261.0,26628.0,33278.0,5.95,-8.803,6.035,5.6506,9.5408,30.24,9.9167,27.2
265.0268,11625333.0,26718.0,33664.0,5.984,-9.131,6.0885,6.0077,10.1041,29.47,9.9733,26.87
265.0268,11625303.0,26730.0,33844.0,5.984,-9.131,6.089,6.0553,10.1803,28.72,9.9733,26.87
265.0268,11623130.0,26673.0,33811.0,5.984,-9.131,6.1287,5.8291,9.8314,29.65,9.9733,26.87
265.0448,11625158.0,26680.0,35392.0,5.984,-9.131,6.0917,5.8569,9.8738,29.92,9.9733,26.87
265.0448,11621508.0,26696.0,33241.0,5.984,-9.131,6.1583,5.9204,9.9708,30.09,9.9733,26.87
265.0448,11624709.0,26687.0,33178.0,5.984,-9.131,6.0999,5.8847,9.9163,30.09,9.9733,26.87
265.0749,11622374.0,26739.0,32908.0,5.984,-9.131,6.1425,6.091,10.2387,29.18,9.9733,26.87
265.0749,11623577.0,26755.0,33809.0,5.984,-9.131,6.1205,6.1545,10.3424,28.05,9.9733,26.87
265.0749,11625779.0,26697.0,32775.0,5.984,-9.131,6.0803,5.9243,9.9769,28.56,9.9733,26.87
265.1082,11625805.0,26666.0,33071.0,6.0,-9.447,6.0798,5.8013,9.789,29.46,10.0,26.55
265.1082,11624709.0,26711.0,33579.0,6.0,-9.447,6.0999,5.9799,10.0617,29.22,10.0,26.55
265.1082,11624840.0,26689.0,34030.0,6.0,-9.447,6.0975,5.8926,9.9284,29.51,10.0,26.55
265.1382,11624591.0,26707.0,33417.0,6.0,-9.447,6.102,5.964,10.0375,29.34,10.0,26.55
265.1382,11625381.0,26691.0,33150.0,6.0,-9.447,6.0876,5.9005,9.9405,29.5,10.0,26.55
265.1382,11624976.0,26753.0,32629.0,6.0,-9.447,6.095,6.1465,10.3295,28.12,10.0,26.55
265.1699,11617935.0,26705.0,32823.0,6.0,-9.447,6.2236,5.9561,10.0253,29.16,10.0,26.55
265.1699,11625218.0,26772.0,33386.0,6.0,-9.447,6.0906,6.2219,10.453,27.26,10.0,26.55
265.1699,11624248.0,26696.0,33616.0,6.0,-9.447,6.1083,5.9204,9.9708,28.25,10.0,26.55
265.2018,11625975.0,26745.0,33726.0,6.0,-9.447,6.0767,6.1148,10.2776,27.48,10.0,26.55
265.2018,11626251.0,26664.0,34389.0,6.0,-9.447,6.0717,5.7934,9.7766,28.82,10.0,26.55
265.2018,11627463.0,26700.0,32532.0,6.0,-9.447,6.0496,5.9362,9.995,28.79,10.0,26.55
265.2363,11624079.0,26723.0,34365.0,6.0,-9.738,6.1114,6.0275,10.1348,28.62,10.0,26.26
265.2363,11624596.0,26707.0,34688.0,6.0,-9.738,6.1019,5.964,10.0375,28.81,10.0,26.26
265.2363,11626355.0,26659.0,33821.0,6.0,-9.738,6.0698,5.7736,9.7451,29.69,10.0,26.26
265.2662,11622348.0,26696.0,34893.0,6.0,-9.738,6.143,5.9204,9.9708,29.88,10.0,26.26
265.2662,11624663.0,26708.0,34236.0,6.0,-9.738,6.1007,5.968,10.0435,29.54,10.0,26.26
265.2662,11625942.0,26732.0,35219.0,6.0,-9.738,6.0773,6.0632,10.1932,28.64,10.0,26.26
265.2979,11625884.0,26708.0,34320.0,6.0,-9.738,6.0784,5.968,10.0435,28.67,10.0,26.26
265.2979,11623962.0,26710.0,34441.0,6.0,-9.738,6.1135,5.9759,10.0556,28.84,10.0,26.26
265.2979,11627205.0,26741.0,33823.0,6.0,-9.738,6.0543,6.0989,10.2516,27.79,10.0,26.26
265.313,11628032.0,26716.0,34797.0,6.0,-9.738,6.0392,5.9997,10.092,27.76,10.0,26.26
265.313,11625326.0,26750.0,33927.0,6.0,-9.738,6.0886,6.1346,10.31,27.12,10.0,26.26
265.313,11626788.0,26646.0,34638.0,6.0,-9.738,6.0619,5.722,9.6601,28.86,10.0,26.26
265.345,11626995.0,26666.0,34410.0,6.0,-10.012,6.0581,5.8013,9.789,29.54,10.0,25.99
265.345,11626148.0,26697.0,35744.0,6.0,-10.012,6.0736,5.9243,9.9769,29.42,10.0,25.99
265.345,11624453.0,26733.0,33937.0,6.0,-10.012,6.1045,6.0672,10.1997,28.71,10.0,25.99
265.3772,11627358.0,26717.0,34372.0,6.0,-10.012,6.0515,6.0037,10.0981,28.35,10.0,25.99
265.3772,11625217.0,26699.0,34771.0,6.0,-10.012,6.0906,5.9323,9.989,28.75,10.0,25.99
265.3772,11625083.0,26722.0,34150.0,6.0,-10.012,6.093,6.0235,10.1284,28.51,10.0,25.99
265.4093,11624858.0,26731.0,35021.0,6.0,-10.012,6.0971,6.0592,10.1867,28.17,10.0,25.99
265.4093,11627726.0,26691.0,32720.0,6.0,-10.012,6.0448,5.9005,9.9405,28.57,10.0,25.99
265.4093,11626704.0,26690.0,33333.0,6.0,-10.012,6.0634,5.8966,9.9344,28.92,10.0,25.99
265.4414,11626959.0,26652.0,34108.0,6.0,-10.012,6.0588,5.7458,9.6999,29.84,10.0,25.99
265.4414,11626481.0,26719.0,33500.0,6.0,-10.012,6.0675,6.0116,10.1102,29.08,10.0,25.99
265.4414,11627716.0,26646.0,34595.0,6.0,-10.012,6.045,5.722,9.6601,29.98,10.0,25.99
265.4736,11625688.0,26704.0,32725.0,6.0,-10.275,6.082,5.9521,10.0193,29.58,10.0,25.73
265.4736,11628306.0,26664.0,34045.0,6.0,-10.275,6.0342,5.7934,9.7766,29.9,10.0,25.73
265.4736,11626558.0,26729.0,34139.0,6.0,-10.275,6.0661,6.0513,10.1738,28.86,10.0,25.73
265.5056,11626271.0,26695.0,33035.0,6.0,-10.275,6.0713,5.9164,9.9647,29.04,10.0,25.73
265.5056,11627430.0,26761.0,35176.0,6.0,-10.275,6.0502,6.1783,10.3813,27.24,10.0,25.73
265.5056,11628217.0,26696.0,34235.0,6.0,-10.275,6.0358,5.9204,9.9708,27.86,10.0,25.73
265.5243,11627896.0,26681.0,34576.0,6.0,-10.275,6.0417,5.8609,9.8799,28.57,10.0,25.73
265.5243,11638249.0,26763.0,34231.0,6.0,-10.275,5.8531,6.1862,10.3943,25.49,10.0,25.73
265.5243,11627560.0,26735.0,33935.0,6.0,-10.275,6.0478,6.0751,10.2127,25.91,10.0,25.73
265.5536,11628830.0,26689.0,35460.0,6.0,-10.275,6.0247,5.8926,9.9284,27.15,10.0,25.73
265.5536,11626538.0,26746.0,32646.0,6.0,-10.275,6.0665,6.1188,10.2841,26.72,10.0,25.73
265.5536,11627148.0,26693.0,34402.0,6.0,-10.275,6.0553,5.9085,9.9526,27.71,10.0,25.73
265.5858,11629320.0,26745.0,34477.0,6.0,-10.519,6.0157,6.1148,10.2776,26.7,10.0,25.48
265.5858,11626842.0,26702.0,33132.0,6.0,-10.519,6.0609,5.9442,10.0072,27.54,10.0,25.48
265.5858,11627182.0,26753.0,33984.0,6.0,-10.519,6.0547,6.1465,10.3295,26.64,10.0,25.48
265.6175,11627653.0,26709.0,33903.0,6.0,-10.519,6.0461,5.9719,10.0496,27.27,10.0,25.48
265.6175,11630150.0,26673.0,35447.0,6.0,-10.519,6.0006,5.8291,9.8314,28.17,10.0,25.48
265.6175,11628210.0,26740.0,34175.0,6.0,-10.519,6.036,6.0949,10.2451,27.29,10.0,25.48
265.6549,11627791.0,26774.0,34017.0,6.0,-10.519,6.0436,6.2298,10.4661,25.71,10.0,25.48
265.6549,11627731.0,26675.0,34209.0,6.0,-10.519,6.0447,5.837,9.8435,27.41,10.0,25.48
265.6549,11629296.0,26656.0,33655.0,6.0,-10.519,6.0162,5.7617,9.726,28.67,10.0,25.48
265.6821,11629320.0,26693.0,33252.0,6.0,-10.744,6.0157,5.9085,9.9526,28.67,10.0,25.26
265.6821,11629780.0,26664.0,34467.0,6.0,-10.744,6.0073,5.7934,9.7766,29.22,10.0,25.26
265.6821,11627175.0,26743.0,33551.0,6.0,-10.744,6.0549,6.1068,10.2646,27.97,10.0,25.26
265.7137,11628154.0,26712.0,33127.0,6.0,-10.744,6.037,5.9839,10.0678,27.94,10.0,25.26
265.7137,11628004.0,26713.0,33782.0,6.0,-10.744,6.0397,5.9878,10.0738,27.92,10.0,25.26
265.7137,11628870.0,26679.0,33621.0,6.0,-10.744,6.0239,5.8529,9.8678,28.56,10.0,25.26
265.7456,11630813.0,26723.0,33811.0,6.0,-10.744,5.9885,6.0275,10.1348,27.69,10.0,25.26
265.7456,11634223.0,26754.0,34432.0,6.0,-10.744,5.9264,6.1505,10.336,25.69,10.0,25.26
265.7456,11628698.0,26686.0,33527.0,6.0,-10.744,6.0271,5.8807,9.9102,27.09,10.0,25.26
265.7775,11627797.0,26721.0,34210.0,6.0,-10.744,6.0435,6.0196,10.1223,27.25,10.0,25.26
265.7775,11629807.0,26703.0,33604.0,6.0,-10.744,6.0069,5.9481,10.0132,27.54,10.0,25.26
265.7775,11627148.0,26678.0,33777.0,6.0,-10.744,6.0553,5.849,9.8617,28.51,10.0,25.26
265.7936,11629830.0,26644.0,33375.0,6.0,-10.95,6.0064,5.714,9.6468,29.51,10.0,25.05
265.7936,11628251.0,26711.0,33507.0,6.0,-10.95,6.0352,5.9799,10.0617,28.88,10.0,25.05
265.7936,11628145.0,26748.0,33143.0,6.0,-10.95,6.0372,6.1267,10.297,27.47,10.0,25.05
265.8371,11628973.0,26698.0,33415.0,6.0,-10.95,6.0221,5.9283,9.9829,27.88,10.0,25.05
265.8371,11631981.0,26713.0,34327.0,6.0,-10.95,5.9672,5.9878,10.0738,27.42,10.0,25.05
265.8371,11629190.0,26701.0,34052.0,6.0,-10.95,6.0181,5.9402,10.0011,27.75,10.0,25.05
265.8709,11627791.0,26711.0,34043.0,6.0,-10.95,6.0436,5.9799,10.0617,27.88,10.0,25.05
265.8709,11628201.0,26740.0,33444.0,6.0,-10.95,6.0361,6.0949,10.2451,27.12,10.0,25.05
265.8709,11628138.0,26771.0,33933.0,6.0,-10.95,6.0373,6.2179,10.4465,25.65,10.0,25.05
265.8871,11629288.0,26701.0,34900.0,6.0,-10.95,6.0163,5.9402,10.0011,26.68,10.0,25.05
265.8889,11629491.0,26706.0,34618.0,6.0,-10.95,6.0126,5.96,10.0314,27.17,10.0,25.05
265.8889,11630881.0,26656.0,34113.0,6.0,-10.95,5.9873,5.7617,9.726,28.38,10.0,25.05
265.9225,11630252.0,26693.0,34339.0,6.0,-11.137,5.9987,5.9085,9.9526,28.41,10.0,24.86
265.9225,11629744.0,26649.0,33818.0,6.0,-11.137,6.008,5.7339,9.68,29.37,10.0,24.86
265.9225,11629067.0,26707.0,34945.0,6.0,-11.137,6.0203,5.964,10.0375,28.8,10.0,24.86
265.9607,11629262.0,26735.0,34125.0,6.0,-11.137,6.0168,6.0751,10.2127,27.68,10.0,24.86
265.9607,11629599.0,26710.0,33693.0,6.0,-11.137,6.0106,5.9759,10.0556,27.66,10.0,24.86
265.9607,11629445.0,26741.0,33393.0,6.0,-11.137,6.0135,6.0989,10.2516,26.78,10.0,24.86
265.9747,11629559.0,26680.0,33946.0,6.0,-11.137,6.0114,5.8569,9.8738,27.79,10.0,24.86
265.9747,11629830.0,26718.0,33418.0,6.0,-11.137,6.0064,6.0077,10.1041,27.5,10.0,24.86
265.9747,11629861.0,26786.0,32729.0,6.0,-11.137,6.0059,6.2775,10.5443,25.18,10.0,24.86
266.0085,11629949.0,26680.0,34364.0,6.0,-11.137,6.0043,5.8569,9.8738,26.79,10.0,24.86
266.0085,11629075.0,26701.0,34448.0,6.0,-11.137,6.0202,5.9402,10.0011,27.39,10.0,24.86
266.0085,11629588.0,26675.0,34726.0,6.0,-11.137,6.0108,5.837,9.8435,28.25,10.0,24.86
266.0367,11629849.0,26658.0,34914.0,6.0,-11.294,6.0061,5.7696,9.7388,29.09,10.0,24.71
266.0367,11627735.0,26676.0,33733.0,6.0,-11.294,6.0446,5.841,9.8496,29.42,10.0,24.71
266.0367,11629358.0,26694.0,35661.0,6.0,-11.294,6.015,5.9124,9.9587,29.1,10.0,24.71
266.0699,11629641.0,26744.0,34820.0,6.0,-11.294,6.0099,6.1108,10.2711,27.52,10.0,24.71
266.0699,11628858.0,26713.0,34458.0,6.0,-11.294,6.0242,5.9878,10.0738,27.58,10.0,24.71
266.0699,11629848.0,26719.0,35305.0,6.0,-11.294,6.0061,6.0116,10.1102,27.34,10.0,24.71
266.1034,11630366.0,26763.0,34604.0,6.0,-11.294,5.9967,6.1862,10.3943,25.73,10.0,24.71
266.1034,11631627.0,26715.0,34911.0,6.0,-11.294,5.9737,5.9958,10.0859,26.12,10.0,24.71
266.1034,11631183.0,26679.0,34418.0,6.0,-11.294,5.9818,5.8529,9.8678,27.25,10.0,24.71
266.1344,11629672.0,26703.0,33850.0,6.0,-11.447,6.0093,5.9481,10.0132,27.56,10.0,24.55
266.1344,11629174.0,26669.0,34544.0,6.0,-11.447,6.0184,5.8132,9.8072,28.51,10.0,24.55
266.1354,11630396.0,26718.0,34302.0,6.0,-11.447,5.9961,6.0077,10.1041,27.86,10.0,24.55
266.1695,11631099.0,26687.0,34984.0,6.0,-11.447,5.9833,5.8847,9.9163,28.14,10.0,24.55
266.1723,11630277.0,26751.0,34716.0,6.0,-11.447,5.9983,6.1386,10.3165,26.62,10.0,24.55
266.1723,11629691.0,26641.0,35346.0,6.0,-11.447,6.009,5.7021,9.627,28.44,10.0,24.55
266.186,11630472.0,26717.0,34864.0,6.0,-11.447,5.9947,6.0037,10.0981,27.84,10.0,24.55
266.186,11630029.0,26752.0,34747.0,6.0,-11.447,6.0028,6.1426,10.323,26.44,10.0,24.55
266.186,11630708.0,26737.0,35315.0,6.0,-11.447,5.9904,6.083,10.2257,26.0,10.0,24.55
266.219,11632016.0,26690.0,34256.0,6.0,-11.569,5.9666,5.8966,9.9344,26.86,10.0,24.43
266.219,11629641.0,26692.0,33614.0,6.0,-11.569,6.0099,5.9045,9.9466,27.57,10.0,24.43
266.219,11631017.0,26711.0,34974.0,6.0,-11.569,5.9848,5.9799,10.0617,27.41,10.0,24.43
266.2573,11628898.0,26705.0,33566.0,6.0,-11.569,6.0234,5.9561,10.0253,27.69,10.0,24.43
266.2573,11632678.0,26718.0,34070.0,6.0,-11.569,5.9545,6.0077,10.1041,27.07,10.0,24.43
266.2573,11633123.0,26725.0,33553.0,6.0,-11.569,5.9464,6.0354,10.1478,26.43,10.0,24.43
266.2764,11629830.0,26742.0,34612.0,6.0,-11.569,6.0064,6.1029,10.2581,25.96,10.0,24.43
266.2764,11630125.0,26743.0,34553.0,6.0,-11.569,6.0011,6.1068,10.2646,25.6,10.0,24.43
266.2764,11629796.0,26664.0,34541.0,6.0,-11.569,6.0071,5.7934,9.7766,27.38,10.0,24.43
266.3187,11631357.0,26702.0,34877.0,6.0,-11.681,5.9786,5.9442,10.0072,27.48,10.0,24.32
266.3187,11629251.0,26705.0,33852.0,6.0,-11.681,6.017,5.9561,10.0253,27.69,10.0,24.32
266.3196,11633000.0,26651.0,33634.0,6.0,-11.681,5.9487,5.7418,9.6933,28.61,10.0,24.32
266.3419,11630057.0,26680.0,34111.0,6.0,-11.681,6.0023,5.8569,9.8738,28.84,10.0,24.32
266.3419,11631143.0,26663.0,32700.0,6.0,-11.681,5.9825,5.7894,9.7703,29.22,10.0,24.32
266.3419,11630813.0,26764.0,34005.0,6.0,-11.681,5.9885,6.1902,10.4008,26.76,10.0,24.32
266.3792,11628973.0,26719.0,34341.0,6.0,-11.681,6.0221,6.0116,10.1102,26.96,10.0,24.32
266.3792,11632203.0,26663.0,33328.0,6.0,-11.681,5.9632,5.7894,9.7703,27.99,10.0,24.32
266.3792,11631491.0,26671.0,35150.0,6.0,-11.681,5.9762,5.8212,9.8193,28.51,10.0,24.32
266.4011,11630995.0,26690.0,33892.0,6.0,-11.681,5.9852,5.8966,9.9344,28.47,10.0,24.32
266.4011,11631569.0,26659.0,34312.0,6.0,-11.681,5.9747,5.7736,9.7451,29.04,10.0,24.32
266.4011,11630142.0,26702.0,33835.0,6.0,-11.681,6.0007,5.9442,10.0072,28.61,10.0,24.32
266.4366,11631072.0,26732.0,34548.0,6.0,-11.778,5.9838,6.0632,10.1932,27.41,10.0,24.22
266.4366,11635397.0,26707.0,33855.0,6.0,-11.778,5.905,5.964,10.0375,26.86,10.0,24.22
266.4366,11630089.0,26711.0,32780.0,6.0,-11.778,6.0017,5.9799,10.0617,27.09,10.0,24.22
266.4735,11632138.0,26767.0,33485.0,6.0,-11.778,5.9644,6.2021,10.4204,25.21,10.0,24.22
266.4735,11631063.0,26685.0,36420.0,6.0,-11.778,5.984,5.8767,9.9041,26.59,10.0,24.22
266.4735,11632338.0,26697.0,33253.0,6.0,-11.778,5.9607,5.9243,9.9769,27.02,10.0,24.22
266.4895,11629288.0,26691.0,34679.0,6.0,-11.778,6.0163,5.9005,9.9405,27.72,10.0,24.22
266.4895,11630602.0,26623.0,33307.0,6.0,-11.778,5.9924,5.6307,9.5076,29.28,10.0,24.22
266.4895,11630277.0,26684.0,33657.0,6.0,-11.778,5.9983,5.8728,9.8981,29.13,10.0,24.22
266.5191,11631726.0,26705.0,32582.0,6.0,-11.778,5.9719,5.9561,10.0253,28.42,10.0,24.22
266.5191,11633021.0,26737.0,32808.0,6.0,-11.778,5.9483,6.083,10.2257,26.85,10.0,24.22
266.5191,11631108.0,26744.0,35118.0,6.0,-11.778,5.9831,6.1108,10.2711,25.96,10.0,24.22
266.551,11631540.0,26688.0,35414.0,6.0,-11.853,5.9753,5.8886,9.9223,26.93,10.0,24.15
266.5524,11631414.0,26759.0,34796.0,6.0,-11.853,5.9776,6.1703,10.3684,25.47,10.0,24.15
266.5524,11632057.0,26732.0,34135.0,6.0,-11.853,5.9658,6.0632,10.1932,25.39,10.0,24.15
266.5858,11633139.0,26747.0,33877.0,6.0,-11.853,5.9461,6.1227,10.2906,24.69,10.0,24.15
266.5858,11633290.0,26710.0,33960.0,6.0,-11.853,5.9434,5.9759,10.0556,25.41,10.0,24.15
266.5858,11630923.0,26711.0,33813.0,6.0,-11.853,5.9865,5.9799,10.0617,26.13,10.0,24.15
266.6058,11631772.0,26722.0,33360.0,6.0,-11.853,5.971,6.0235,10.1284,26.14,10.0,24.15
266.6058,11633307.0,26662.0,33671.0,6.0,-11.853,5.9431,5.7855,9.764,27.42,10.0,24.15
266.6058,11632395.0,26659.0,34152.0,6.0,-11.853,5.9597,5.7736,9.7451,28.33,10.0,24.15
266.6361,11630652.0,26657.0,35758.0,6.0,-11.916,5.9914,5.7656,9.7324,29.08,10.0,24.08
266.6361,11633441.0,26705.0,36005.0,6.0,-11.916,5.9406,5.9561,10.0253,28.17,10.0,24.08
266.6361,11630520.0,26743.0,33040.0,6.0,-11.916,5.9939,6.1068,10.2646,26.87,10.0,24.08
266.6687,11631052.0,26739.0,34374.0,6.0,-11.916,5.9842,6.091,10.2387,26.15,10.0,24.08
266.6687,11631772.0,26609.0,33577.0,6.0,-11.916,5.971,5.5752,9.4148,28.42,10.0,24.08
266.6714,11631677.0,26659.0,34578.0,6.0,-11.916,5.9728,5.7736,9.7451,29.0,10.0,24.08
266.7049,11631653.0,26713.0,33120.0,6.0,-11.916,5.9732,5.9878,10.0738,28.13,10.0,24.08
266.7049,11630952.0,26642.0,33126.0,6.0,-11.916,5.986,5.7061,9.6336,29.24,10.0,24.08
266.7049,11631428.0,26693.0,34977.0,6.0,-11.916,5.9773,5.9085,9.9526,28.79,10.0,24.08
266.7365,11631263.0,26700.0,34543.0,6.0,-11.916,5.9803,5.9362,9.995,28.38,10.0,24.08
266.7365,11630949.0,26715.0,36095.0,6.0,-11.916,5.986,5.9958,10.0859,27.79,10.0,24.08
266.7365,11635557.0,26654.0,35075.0,6.0,-11.916,5.9021,5.7537,9.7131,28.37,10.0,24.08
266.7556,11631540.0,26680.0,34243.0,6.0,-11.966,5.9753,5.8569,9.8738,28.55,10.0,24.03
266.7556,11631202.0,26750.0,33912.0,6.0,-11.966,5.9814,6.1346,10.31,26.76,10.0,24.03
266.7556,11632776.0,26718.0,33232.0,6.0,-11.966,5.9527,6.0077,10.1041,26.5,10.0,24.03
266.792,11630391.0,26684.0,33417.0,6.0,-11.966,5.9962,5.8728,9.8981,27.45,10.0,24.03
266.792,11631529.0,26648.0,33654.0,6.0,-11.966,5.9755,5.7299,9.6734,28.66,10.0,24.03
266.792,11636454.0,26754.0,34688.0,6.0,-11.966,5.8858,6.1505,10.336,25.98,10.0,24.03
266.8188,11632151.0,26710.0,35395.0,6.0,-11.966,5.9641,5.9759,10.0556,26.34,10.0,24.03
266.8188,11632137.0,26643.0,33883.0,6.0,-11.966,5.9644,5.7101,9.6402,28.04,10.0,24.03
266.8188,11631028.0,26711.0,32824.0,6.0,-11.966,5.9846,5.9799,10.0617,27.69,10.0,24.03
266.8504,11630357.0,26658.0,35252.0,6.0,-11.966,5.9968,5.7696,9.7388,28.71,10.0,24.03
266.8504,11632855.0,26663.0,34581.0,6.0,-11.966,5.9513,5.7894,9.7703,28.98,10.0,24.03
266.8504,11630627.0,26712.0,34660.0,6.0,-11.966,5.9919,5.9839,10.0678,28.28,10.0,24.03
266.8826,11631225.0,26668.0,33464.0,6.0,-11.994,5.981,5.8093,9.8011,28.77,10.0,24.01
266.8826,11630989.0,26690.0,33039.0,6.0,-11.994,5.9853,5.8966,9.9344,28.63,10.0,24.01
266.8826,11632322.0,26690.0,33595.0,6.0,-11.994,5.961,5.8966,9.9344,28.4,10.0,24.01
266.9144,11630186.0,26709.0,35860.0,6.0,-11.994,5.9999,5.9719,10.0496,28.05,10.0,24.01
266.9144,11630923.0,26741.0,34704.0,6.0,-11.994,5.9865,6.0989,10.2516,26.81,10.0,24.01
266.9144,11631357.0,26643.0,33820.0,6.0,-11.994,5.9786,5.7101,9.6402,28.39,10.0,24.01
266.9378,11631183.0,26659.0,34118.0,6.0,-11.994,5.9818,5.7736,9.7451,29.03,10.0,24.01
266.9378,11630866.0,26769.0,34638.0,6.0,-11.994,5.9875,6.21,10.4335,26.48,10.0,24.01
266.9378,11632203.0,26670.0,34257.0,6.0,-11.994,5.9632,5.8172,9.8132,27.56,10.0,24.01
266.9786,11633361.0,26734.0,33923.0,6.0,-12.0,5.9421,6.0711,10.2062,26.39,10.0,24.0
266.9786,11631887.0,26708.0,34218.0,6.0,-12.0,5.9689,5.968,10.0435,26.68,10.0,24.0
266.9786,11630931.0,26634.0,35552.0,6.0,-12.0,5.9864,5.6744,9.5805,28.51,10.0,24.0
267.0104,11634124.0,26727.0,33597.0,6.0,-12.0,5.9282,6.0434,10.1608,27.08,10.0,24.0
267.0104,11631480.0,26711.0,34488.0,6.0,-12.0,5.9764,5.9799,10.0617,27.06,10.0,24.0
267.0104,11635292.0,26678.0,34232.0,6.0,-12.0,5.9069,5.849,9.8617,27.42,10.0,24.0
267.0291,11632153.0,26715.0,34508.0,6.0,-12.0,5.9641,5.9958,10.0859,27.06,10.0,24.0
267.0291,11633011.0,26746.0,35011.0,6.0,-12.0,5.9485,6.1188,10.2841,25.74,10.0,24.0
267.0291,11631211.0,26734.0,34040.0,6.0,-12.0,5.9813,6.0711,10.2062,25.61,10.0,24.0
267.0585,11632327.0,26768.0,35477.0,6.0,-12.0,5.9609,6.206,10.4269,24.26,10.0,24.0
267.0585,11632694.0,26764.0,33739.0,6.0,-12.0,5.9542,6.1902,10.4008,23.53,10.0,24.0
267.0585,11631540.0,26669.0,34446.0,6.0,-12.0,5.9753,5.8132,9.8072,25.87,10.0,24.0
267.0901,11631104.0,26742.0,35809.0,6.0,-12.0,5.9832,6.1029,10.2581,25.44,10.0,24.0
267.0901,11632879.0,26726.0,34310.0,6.0,-12.0,5.9509,6.0394,10.1543,25.45,10.0,24.0
267.0901,11633277.0,26750.0,34626.0,6.0,-12.0,5.9436,6.1346,10.31,24.61,10.0,24.0
267.122,11631636.0,26728.0,35411.0,6.0,-12.0,5.9735,6.0473,10.1673,25.06,10.0,24.0
267.122,11630923.0,26680.0,34489.0,6.0,-12.0,5.9865,5.8569,9.8738,26.62,10.0,24.0
267.122,11630961.0,26765.0,34757.0,6.0,-12.0,5.9858,6.1941,10.4074,25.15,10.0,24.0
267.1542,11631653.0,26693.0,34417.0,6.0,-12.0,5.9732,5.9085,9.9526,26.32,10.0,24.0
267.1542,11631540.0,26797.0,34136.0,6.0,-12.0,5.9753,6.3211,10.6161,24.01,10.0,24.0
267.1542,11631443.0,26694.0,34661.0,6.0,-12.0,5.977,5.9124,9.9587,25.63,10.0,24.0
267.1748,11635694.0,26738.0,34617.0,6.0,-12.0,5.8996,6.087,10.2322,24.76,10.0,24.0
267.1748,11631494.0,26678.0,34595.0,6.0,-12.0,5.9761,5.849,9.8617,26.43,10.0,24.0
267.1748,11631378.0,26712.0,35077.0,6.0,-12.0,5.9782,5.9839,10.0678,26.65,10.0,24.0
267.218,11632457.0,26677.0,34011.0,6.0,-12.0,5.9586,5.845,9.8556,27.49,10.0,24.0
267.218,11632588.0,26735.0,35385.0,6.0,-12.0,5.9562,6.0751,10.2127,26.43,10.0,24.0
267.218,11633258.0,26748.0,33618.0,6.0,-12.0,5.944,6.1267,10.297,25.26,10.0,24.0
267.2505,11632584.0,26735.0,35185.0,6.0,-12.0,5.9562,6.0751,10.2127,25.09,10.0,24.0
267.2505,11631849.0,26707.0,34383.0,6.0,-12.0,5.9696,5.964,10.0375,25.93,10.0,24.0
267.2505,11631817.0,26640.0,34552.0,6.0,-12.0,5.9702,5.6982,9.6203,27.88,10.0,24.0
267.2686,11630421.0,26682.0,35720.0,6.0,-12.0,5.9957,5.8648,9.8859,28.32,10.0,24.0
267.2686,11634223.0,26650.0,33555.0,6.0,-12.0,5.9264,5.7379,9.6866,28.9,10.0,24.0
267.2686,11632156.0,26672.0,35048.0,6.0,-12.0,5.964,5.8251,9.8253,28.97,10.0,24.0
267.2984,11632258.0,26708.0,33035.0,6.0,-12.0,5.9622,5.968,10.0435,28.18,10.0,24.0
267.2984,11631425.0,26700.0,34931.0,6.0,-12.0,5.9774,5.9362,9.995,27.99,10.0,24.0
267.2984,11632401.0,26713.0,33467.0,6.0,-12.0,5.9596,5.9878,10.0738,27.43,10.0,24.0
267.3343,11632532.0,26725.0,34968.0,6.0,-12.0,5.9572,6.0354,10.1478,26.73,10.0,24.0
267.3343,11634539.0,26665.0,34292.0,6.0,-12.0,5.9206,5.7974,9.7829,27.59,10.0,24.0
267.3343,11632668.0,26756.0,35143.0,6.0,-12.0,5.9547,6.1584,10.3489,25.78,10.0,24.0
267.3615,11632791.0,26769.0,34610.0,6.0,-12.0,5.9525,6.21,10.4335,24.27,10.0,24.0
267.3615,11631849.0,26630.0,35145.0,6.0,-12.0,5.9696,5.6585,9.554,27.07,10.0,24.0
267.3615,11632067.0,26760.0,33795.0,6.0,-12.0,5.9657,6.1743,10.3749,25.43,10.0,24.0
267.3937,11632203.0,26685.0,34096.0,6.0,-12.0,5.9632,5.8767,9.9041,26.61,10.0,24.0
267.3937,11631863.0,26732.0,34382.0,6.0,-12.0,5.9694,6.0632,10.1932,26.1,10.0,24.0
267.3937,11631842.0,26726.0,34578.0,6.0,-12.0,5.9698,6.0394,10.1543,25.99,10.0,24.0
267.4253,11632837.0,26694.0,35328.0,6.0,-12.0,5.9516,5.9124,9.9587,26.67,10.0,24.0
267.4253,11633135.0,26696.0,35018.0,6.0,-12.0,5.9462,5.9204,9.9708,27.0,10.0,24.0
267.4253,11631108.0,26734.0,34022.0,6.0,-12.0,5.9831,6.0711,10.2062,26.38,10.0,24.0
267.4574,11632156.0,26735.0,33705.0,6.0,-12.0,5.964,6.0751,10.2127,25.82,10.0,24.0
267.4574,11632147.0,26702.0,35380.0,6.0,-12.0,5.9642,5.9442,10.0072,26.46,10.0,24.0
267.4574,11630312.0,26604.0,34225.0,6.0,-12.0,5.9976,5.5553,9.3816,28.71,10.0,24.0
267.4762,11632306.0,26682.0,34240.0,6.0,-12.0,5.9613,5.8648,9.8859,28.64,10.0,24.0
267.4762,11632551.0,26658.0,33998.0,6.0,-12.0,5.9568,5.7696,9.7388,29.07,10.0,24.0
267.4762,11633914.0,26719.0,33463.0,6.0,-12.0,5.932,6.0116,10.1102,27.71,10.0,24.0
267.5092,11631201.0,26718.0,34149.0,6.0,-12.0,5.9814,6.0077,10.1041,27.27,10.0,24.0
267.5092,11631137.0,26710.0,35964.0,6.0,-12.0,5.9826,5.9759,10.0556,27.24,10.0,24.0
267.5092,11633290.0,26697.0,33383.0,6.0,-12.0,5.9434,5.9243,9.9769,27.3,10.0,24.0
267.5412,11630208.0,26729.0,34676.0,6.0,-12.0,5.9995,6.0513,10.1738,26.84,10.0,24.0
267.5412,11631869.0,26623.0,33738.0,6.0,-12.0,5.9693,5.6307,9.5076,28.7,10.0,24.0
267.5412,11631013.0,26692.0,33125.0,6.0,-12.0,5.9849,5.9045,9.9466,28.54,10.0,24.0
267.5692,11631522.0,26756.0,35285.0,6.0,-12.0,5.9756,6.1584,10.3489,26.51,10.0,24.0
267.5692,11632450.0,26707.0,34092.0,6.0,-12.0,5.9587,5.964,10.0375,26.7,10.0,24.0
267.5692,11632572.0,26699.0,34591.0,6.0,-12.0,5.9565,5.9323,9.989,27.01,10.0,24.0
267.6012,11633173.0,26677.0,33832.0,6.0,-12.0,5.9455,5.845,9.8556,27.64,10.0,24.0
267.6012,11630874.0,26650.0,34557.0,6.0,-12.0,5.9874,5.7379,9.6866,28.79,10.0,24.0
267.6012,11630472.0,26800.0,34910.0,6.0,-12.0,5.9947,6.333,10.6356,25.53,10.0,24.0
267.6342,11631978.0,26742.0,33477.0,6.0,-12.0,5.9673,6.1029,10.2581,25.1,10.0,24.0
267.6342,11631989.0,26710.0,34677.0,6.0,-12.0,5.9671,5.9759,10.0556,25.83,10.0,24.0
267.6342,11632203.0,26754.0,33115.0,6.0,-12.0,5.9632,6.1505,10.336,24.86,10.0,24.0
267.6673,11631540.0,26717.0,33644.0,6.0,-12.0,5.9753,6.0037,10.0981,25.55,10.0,24.0
267.6673,11632632.0,26714.0,34922.0,6.0,-12.0,5.9554,5.9918,10.0799,25.9,10.0,24.0
267.6673,11631861.0,26724.0,33247.0,6.0,-12.0,5.9694,6.0315,10.1413,25.93,10.0,24.0
267.6983,11630603.0,26706.0,34476.0,6.0,-12.0,5.9923,5.96,10.0314,26.6,10.0,24.0
267.6983,11631903.0,26675.0,33482.0,6.0,-12.0,5.9687,5.837,9.8435,27.55,10.0,24.0
267.6983,11632203.0,26623.0,33472.0,6.0,-12.0,5.9632,5.6307,9.5076,29.11,10.0,24.0
267.7315,11631097.0,26657.0,34854.0,6.0,-12.0,5.9833,5.7656,9.7324,29.51,10.0,24.0
267.7315,11631763.0,26760.0,33570.0,6.0,-12.0,5.9712,6.1743,10.3749,26.93,10.0,24.0
267.7315,11630609.0,26632.0,35209.0,6.0,-12.0,5.9922,5.6664,9.5673,28.72,10.0,24.0
267.7497,11631827.0,26688.0,34515.0,6.0,-12.0,5.97,5.8886,9.9223,28.55,10.0,24.0
267.7497,11634973.0,26689.0,34105.0,6.0,-12.0,5.9127,5.8926,9.9284,28.09,10.0,24.0
267.7497,11632772.0,26705.0,33850.0,6.0,-12.0,5.9528,5.9561,10.0253,27.67,10.0,24.0
267.7793,11631383.0,26655.0,34072.0,6.0,-12.0,5.9781,5.7577,9.7196,28.66,10.0,24.0
267.7793,11630455.0,26690.0,34454.0,6.0,-12.0,5.995,5.8966,9.9344,28.62,10.0,24.0
267.7793,11634060.0,26670.0,34591.0,6.0,-12.0,5.9294,5.8172,9.8132,28.66,10.0,24.0
267.8111,11633361.0,26741.0,35144.0,6.0,-12.0,5.9421,6.0989,10.2516,26.82,10.0,24.0
267.8111,11630258.0,26687.0,34708.0,6.0,-12.0,5.9986,5.8847,9.9163,27.59,10.0,24.0
267.8111,11632149.0,26753.0,34454.0,6.0,-12.0,5.9642,6.1465,10.3295,25.96,10.0,24.0
267.8469,11630472.0,26691.0,33225.0,6.0,-12.0,5.9947,5.9005,9.9405,26.97,10.0,24.0
267.8469,11631150.0,26721.0,33621.0,6.0,-12.0,5.9824,6.0196,10.1223,26.75,10.0,24.0
267.8469,11630652.0,26671.0,33810.0,6.0,-12.0,5.9914,5.8212,9.8193,27.85,10.0,24.0
267.875,11634223.0,26750.0,33365.0,6.0,-12.0,5.9264,6.1346,10.31,25.91,10.0,24.0
267.875,11632660.0,26711.0,33464.0,6.0,-12.0,5.9549,5.9799,10.0617,26.2,10.0,24.0
267.875,11632012.0,26647.0,34274.0,6.0,-12.0,5.9667,5.726,9.6667,27.89,10.0,24.0
267.8968,11632032.0,26798.0,34498.0,6.0,-12.0,5.9663,6.3251,10.6226,24.88,10.0,24.0
267.8968,11631942.0,26741.0,33016.0,6.0,-12.0,5.9679,6.0989,10.2516,24.75,10.0,24.0
267.8968,11631930.0,26678.0,34016.0,6.0,-12.0,5.9682,5.849,9.8617,26.38,10.0,24.0
267.9404,11631101.0,26741.0,34312.0,6.0,-12.0,5.9833,6.0989,10.2516,25.78,10.0,24.0
267.9404,11631730.0,26691.0,34654.0,6.0,-12.0,5.9718,5.9005,9.9405,26.73,10.0,24.0
267.9404,11632668.0,26706.0,34475.0,6.0,-12.0,5.9547,5.96,10.0314,26.83,10.0,24.0
267.9713,11631529.0,26741.0,34107.0,6.0,-12.0,5.9755,6.0989,10.2516,25.99,10.0,24.0
267.9713,11633836.0,26647.0,35267.0,6.0,-12.0,5.9334,5.726,9.6667,27.6,10.0,24.0
267.9713,11631491.0,26702.0,35080.0,6.0,-12.0,5.9762,5.9442,10.0072,27.6,10.0,24.0
267.9874,11631485.0,26737.0,34498.0,6.0,-12.0,5.9763,6.083,10.2257,26.58,10.0,24.0
267.9874,11631425.0,26753.0,34052.0,6.0,-12.0,5.9774,6.1465,10.3295,25.45,10.0,24.0
267.9874,11632401.0,26697.0,34561.0,6.0,-12.0,5.9596,5.9243,9.9769,26.33,10.0,24.0
268.0193,11632532.0,26710.0,34833.0,6.0,-12.0,5.9572,5.9759,10.0556,26.5,10.0,24.0
268.0193,11627418.0,26618.0,34575.0,6.0,-12.0,6.0504,5.6109,9.4745,28.72,10.0,24.0
268.0193,11631840.0,26672.0,34238.0,6.0,-12.0,5.9698,5.8251,9.8253,28.89,10.0,24.0
268.0511,11630959.0,26719.0,34637.0,6.0,-12.0,5.9859,6.0116,10.1102,27.99,10.0,24.0
268.0511,11631670.0,26752.0,34386.0,6.0,-12.0,5.9729,6.1426,10.323,26.29,10.0,24.0
268.0511,11633307.0,26639.0,35358.0,6.0,-12.0,5.9431,5.6942,9.6137,28.0,10.0,24.0
268.085,11630972.0,26633.0,34798.0,6.0,-12.0,5.9856,5.6704,9.5739,29.32,10.0,24.0
268.0855,11632301.0,26691.0,34851.0,6.0,-12.0,5.9614,5.9005,9.9405,28.79,10.0,24.0
268.0855,11632445.0,26705.0,33677.0,6.0,-12.0,5.9588,5.9561,10.0253,28.13,10.0,24.0
268.1148,11630528.0,26686.0,33990.0,6.0,-12.0,5.9937,5.8807,9.9102,28.38,10.0,24.0
268.1148,11631383.0,26676.0,33641.0,6.0,-12.0,5.9781,5.841,9.8496,28.65,10.0,24.0
268.1148,11633745.0,26648.0,33983.0,6.0,-12.0,5.9351,5.7299,9.6734,29.18,10.0,24.0
268.146,11631540.0,26660.0,35545.0,6.0,-12.0,5.9753,5.7775,9.7514,29.45,10.0,24.0
268.146,11631357.0,26715.0,34369.0,6.0,-12.0,5.9786,5.9958,10.0859,28.38,10.0,24.0
268.146,11631108.0,26744.0,33502.0,6.0,-12.0,5.9831,6.1108,10.2711,26.88,10.0,24.0
268.1779,11631996.0,26700.0,35921.0,6.0,-12.0,5.967,5.9362,9.995,27.15,10.0,24.0
268.1779,11633639.0,26677.0,35040.0,6.0,-12.0,5.937,5.845,9.8556,27.68,10.0,24.0
268.1779,11633342.0,26645.0,34670.0,6.0,-12.0,5.9424,5.718,9.6535,28.7,10.0,24.0
268.2107,11631183.0,26669.0,34176.0,6.0,-12.0,5.9818,5.8132,9.8072,29.01,10.0,24.0
268.2107,11632547.0,26734.0,34056.0,6.0,-12.0,5.9569,6.0711,10.2062,27.38,10.0,24.0
268.2107,11631052.0,26701.0,34321.0,6.0,-12.0,5.9842,5.9402,10.0011,27.53,10.0,24.0
268.2304,11630490.0,26742.0,32720.0,6.0,-12.0,5.9944,6.1029,10.2581,26.52,10.0,24.0
268.2304,11633441.0,26684.0,34943.0,6.0,-12.0,5.9406,5.8728,9.8981,27.16,10.0,24.0
268.2304,11631846.0,26761.0,33527.0,6.0,-12.0,5.9697,6.1783,10.3813,25.48,10.0,24.0
268.258,11631883.0,26673.0,34161.0,6.0,-12.0,5.969,5.8291,9.8314,26.92,10.0,24.0
268.2593,11629624.0,26729.0,34602.0,6.0,-12.0,6.0102,6.0513,10.1738,26.69,10.0,24.0
268.2593,11631810.0,26696.0,34081.0,6.0,-12.0,5.9703,5.9204,9.9708,27.15,10.0,24.0
268.2899,11631372.0,26693.0,34008.0,6.0,-12.0,5.9783,5.9085,9.9526,27.55,10.0,24.0
268.2899,11630327.0,26728.0,33513.0,6.0,-12.0,5.9974,6.0473,10.1673,27.0,10.0,24.0
268.2899,11630714.0,26732.0,33888.0,6.0,-12.0,5.9903,6.0632,10.1932,26.5,10.0,24.0
268.3214,11632281.0,26694.0,34325.0,6.0,-12.0,5.9618,5.9124,9.9587,27.03,10.0,24.0
268.3214,11632317.0,26704.0,33930.0,6.0,-12.0,5.9611,5.9521,10.0193,27.11,10.0,24.0
268.3214,11632415.0,26617.0,34023.0,6.0,-12.0,5.9593,5.6069,9.4678,28.9,10.0,24.0
268.3589,11630923.0,26711.0,34408.0,6.0,-12.0,5.9865,5.9799,10.0617,28.22,10.0,24.0
268.3589,11631087.0,26718.0,34599.0,6.0,-12.0,5.9835,6.0077,10.1041,27.6,10.0,24.0
268.3589,11631700.0,26685.0,34743.0,6.0,-12.0,5.9724,5.8767,9.9041,27.96,10.0,24.0
268.385,11632910.0,26696.0,33390.0,6.0,-12.0,5.9503,5.9204,9.9708,27.8,10.0,24.0
268.385,11631183.0,26736.0,35208.0,6.0,-12.0,5.9818,6.0791,10.2192,26.78,10.0,24.0
268.385,11636921.0,26702.0,34424.0,6.0,-12.0,5.8773,5.9442,10.0072,26.42,10.0,24.0
268.4168,11630108.0,26725.0,34101.0,6.0,-12.0,6.0014,6.0354,10.1478,26.44,10.0,24.0
268.4168,11631342.0,26674.0,35061.0,6.0,-12.0,5.9789,5.8331,9.8375,27.53,10.0,24.0
268.4168,11632293.0,26716.0,34100.0,6.0,-12.0,5.9615,5.9997,10.092,27.08,10.0,24.0
268.4491,11636279.0,26615.0,34911.0,6.0,-12.0,5.889,5.599,9.4546,28.69,10.0,24.0
268.4491,11633485.0,26690.0,33909.0,6.0,-12.0,5.9398,5.8966,9.9344,28.31,10.0,24.0
268.4491,11631267.0,26730.0,33930.0,6.0,-12.0,5.9802,6.0553,10.1803,27.27,10.0,24.0
268.4818,11632694.0,26675.0,34530.0,6.0,-12.0,5.9542,5.837,9.8435,27.88,10.0,24.0
268.4818,11632855.0,26757.0,34843.0,6.0,-12.0,5.9513,6.1624,10.3554,25.9,10.0,24.0
268.4818,11631720.0,26749.0,34549.0,6.0,-12.0,5.972,6.1307,10.3035,25.13,10.0,24.0
268.5029,11631502.0,26699.0,34358.0,6.0,-12.0,5.976,5.9323,9.989,26.18,10.0,24.0
268.5029,11632108.0,26720.0,33817.0,6.0,-12.0,5.9649,6.0156,10.1162,26.18,10.0,24.0
268.5029,11631574.0,26740.0,35705.0,6.0,-12.0,5.9746,6.0949,10.2451,25.62,10.0,24.0
268.5297,11634283.0,26709.0,34488.0,6.0,-12.0,5.9253,5.9719,10.0496,25.87,10.0,24.0
268.5297,11633691.0,26710.0,34149.0,6.0,-12.0,5.9361,5.9759,10.0556,26.07,10.0,24.0
268.5297,11634801.0,26650.0,34711.0,6.0,-12.0,5.9159,5.7379,9.6866,27.5,10.0,24.0
268.5629,11632108.0,26703.0,33725.0,6.0,-12.0,5.9649,5.9481,10.0132,27.44,10.0,24.0
268.5629,11631718.0,26671.0,35413.0,6.0,-12.0,5.972,5.8212,9.8193,28.16,10.0,24.0
268.5629,11632479.0,26688.0,34079.0,6.0,-12.0,5.9582,5.8886,9.9223,28.15,10.0,24.0
268.5935,11632490.0,26712.0,34198.0,6.0,-12.0,5.958,5.9839,10.0678,27.54,10.0,24.0
268.5935,11634685.0,26735.0,34852.0,6.0,-12.0,5.918,6.0751,10.2127,26.15,10.0,24.0
268.5935,11638460.0,26722.0,34582.0,6.0,-12.0,5.8493,6.0235,10.1284,25.21,10.0,24.0
268.6276,11631743.0,26720.0,35118.0,6.0,-12.0,5.9716,6.0156,10.1162,25.64,10.0,24.0
268.6276,11632268.0,26665.0,33672.0,6.0,-12.0,5.962,5.7974,9.7829,27.15,10.0,24.0
268.6276,11634235.0,26730.0,35103.0,6.0,-12.0,5.9262,6.0553,10.1803,26.15,10.0,24.0
268.6573,11631372.0,26746.0,34825.0,6.0,-12.0,5.9783,6.1188,10.2841,25.43,10.0,24.0
268.6573,11630327.0,26688.0,34773.0,6.0,-12.0,5.9974,5.8886,9.9223,26.74,10.0,24.0
268.6573,11632007.0,26711.0,34452.0,6.0,-12.0,5.9668,5.9799,10.0617,26.78,10.0,24.0
268.6916,11632020.0,26687.0,33959.0,6.0,-12.0,5.9665,5.8847,9.9163,27.4,10.0,24.0
268.6916,11630905.0,26693.0,34431.0,6.0,-12.0,5.9868,5.9085,9.9526,27.74,10.0,24.0
268.6916,11631597.0,26737.0,33907.0,6.0,-12.0,5.9742,6.083,10.2257,26.66,10.0,24.0
268.7215,11636963.0,26775.0,33255.0,6.0,-12.0,5.8765,6.2338,10.4726,24.18,10.0,24.0
268.7215,11632772.0,26645.0,33839.0,6.0,-12.0,5.9528,5.718,9.6535,26.65,10.0,24.0
268.7215,11631104.0,26721.0,33290.0,6.0,-12.0,5.9832,6.0196,10.1223,26.57,10.0,24.0
268.7418,11632805.0,26661.0,34241.0,6.0,-12.0,5.9522,5.7815,9.7577,27.74,10.0,24.0
268.7418,11632961.0,26688.0,34292.0,6.0,-12.0,5.9494,5.8886,9.9223,27.85,10.0,24.0
268.7418,11633547.0,26714.0,34207.0,6.0,-12.0,5.9387,5.9918,10.0799,27.16,10.0,24.0
268.7775,11632156.0,26649.0,33981.0,6.0,-12.0,5.964,5.7339,9.68,28.41,10.0,24.0
268.7775,11632094.0,26657.0,35353.0,6.0,-12.0,5.9652,5.7656,9.7324,29.0,10.0,24.0
268.7775,11632203.0,26762.0,34616.0,6.0,-12.0,5.9632,6.1822,10.3878,26.5,10.0,24.0
268.8021,11632299.0,26707.0,34639.0,6.0,-12.0,5.9614,5.964,10.0375,26.72,10.0,24.0
268.8021,11632203.0,26688.0,35012.0,6.0,-12.0,5.9632,5.8886,9.9223,27.31,10.0,24.0
268.8021,11638106.0,26736.0,35425.0,6.0,-12.0,5.8557,6.0791,10.2192,25.5,10.0,24.0
268.8338,11631130.0,26726.0,33933.0,6.0,-12.0,5.9827,6.0394,10.1543,25.73,10.0,24.0
268.8338,11631754.0,26694.0,33851.0,6.0,-12.0,5.9714,5.9124,9.9587,26.63,10.0,24.0
268.8338,11632722.0,26688.0,33843.0,6.0,-12.0,5.9537,5.8886,9.9223,27.2,10.0,24.0
268.8664,11633258.0,26724.0,33798.0,6.0,-12.0,5.944,6.0315,10.1413,26.52,10.0,24.0
268.8664,11634451.0,26734.0,35423.0,6.0,-12.0,5.9222,6.0711,10.2062,25.61,10.0,24.0
268.8664,11630952.0,26714.0,34872.0,6.0,-12.0,5.986,5.9918,10.0799,26.16,10.0,24.0
268.898,11631549.0,26662.0,34353.0,6.0,-12.0,5.9751,5.7855,9.764,27.6,10.0,24.0
268.898,11633451.0,26686.0,34657.0,6.0,-12.0,5.9405,5.8807,9.9102,27.75,10.0,24.0
268.898,11635502.0,26716.0,34268.0,6.0,-12.0,5.9031,5.9997,10.092,26.78,10.0,24.0
268.9297,11632625.0,26745.0,34397.0,6.0,-12.0,5.9555,6.1148,10.2776,25.66,10.0,24.0
268.9297,11632725.0,26700.0,34819.0,6.0,-12.0,5.9537,5.9362,9.995,26.34,10.0,24.0
268.9297,11633774.0,26724.0,33880.0,6.0,-12.0,5.9346,6.0315,10.1413,25.93,10.0,24.0
268.9619,11634095.0,26639.0,34049.0,6.0,-12.0,5.9287,5.6942,9.6137,27.71,10.0,24.0
268.9619,11634490.0,26754.0,33464.0,6.0,-12.0,5.9215,6.1505,10.336,25.67,10.0,24.0
268.9619,11630747.0,26715.0,34774.0,6.0,-12.0,5.9897,5.9958,10.0859,26.19,10.0,24.0
268.9784,11630307.0,26693.0,35629.0,6.0,-12.0,5.9977,5.9085,9.9526,27.09,10.0,24.0
268.9784,11631293.0,26659.0,34831.0,6.0,-12.0,5.9798,5.7736,9.7451,28.24,10.0,24.0
268.9784,11631861.0,26690.0,35022.0,6.0,-12.0,5.9694,5.8966,9.9344,28.22,10.0,24.0
269.0104,11631731.0,26677.0,33735.0,6.0,-12.0,5.9718,5.845,9.8556,28.5,10.0,24.0
269.0104,11631597.0,26692.0,34775.0,6.0,-12.0,5.9742,5.9045,9.9466,28.35,10.0,24.0
269.0104,11635337.0,26676.0,34270.0,6.0,-12.0,5.9061,5.841,9.8496,28.24,10.0,24.0
269.0428,11632102.0,26733.0,34384.0,6.0,-12.0,5.965,6.0672,10.1997,27.01,10.0,24.0
269.0428,11632012.0,26661.0,35062.0,6.0,-12.0,5.9667,5.7815,9.7577,28.09,10.0,24.0
269.0428,11631946.0,26678.0,34311.0,6.0,-12.0,5.9679,5.849,9.8617,28.38,10.0,24.0
269.0748,11633513.0,26715.0,35812.0,6.0,-12.0,5.9393,5.9958,10.0859,27.46,10.0,24.0
269.0748,11634973.0,26679.0,33539.0,6.0,-12.0,5.9127,5.8529,9.8678,27.67,10.0,24.0
269.0748,11630853.0,26746.0,34173.0,6.0,-12.0,5.9878,6.1188,10.2841,26.42,10.0,24.0
269.1065,11632802.0,26695.0,35016.0,6.0,-12.0,5.9523,5.9164,9.9647,26.91,10.0,24.0
269.1065,11631966.0,26687.0,34257.0,6.0,-12.0,5.9675,5.8847,9.9163,27.48,10.0,24.0
269.1065,11633361.0,26693.0,34148.0,6.0,-12.0,5.9421,5.9085,9.9526,27.53,10.0,24.0
269.1387,11634164.0,26663.0,34029.0,6.0,-12.0,5.9275,5.7894,9.7703,28.15,10.0,24.0
269.1387,11632108.0,26657.0,35223.0,6.0,-12.0,5.9649,5.7656,9.7324,28.84,10.0,24.0
269.1387,11632090.0,26709.0,35039.0,6.0,-12.0,5.9652,5.9719,10.0496,28.09,10.0,24.0
269.1571,11633006.0,26731.0,35735.0,6.0,-12.0,5.9486,6.0592,10.1867,26.86,10.0,24.0
269.1571,11632100.0,26672.0,33850.0,6.0,-12.0,5.9651,5.8251,9.8253,27.75,10.0,24.0
269.1571,11629548.0,26677.0,33890.0,6.0,-12.0,6.0116,5.845,9.8556,28.43,10.0,24.0
269.1866,11630923.0,26685.0,34511.0,6.0,-12.0,5.9865,5.8767,9.9041,28.54,10.0,24.0
269.1866,11631511.0,26683.0,33972.0,6.0,-12.0,5.9758,5.8688,9.892,28.59,10.0,24.0
269.1866,11632135.0,26640.0,34232.0,6.0,-12.0,5.9644,5.6982,9.6203,29.46,10.0,24.0
269.218,11633324.0,26694.0,36106.0,6.0,-12.0,5.9428,5.9124,9.9587,28.7,10.0,24.0
269.218,11631903.0,26672.0,33679.0,6.0,-12.0,5.9687,5.8251,9.8253,28.88,10.0,24.0
269.218,11631443.0,26743.0,34954.0,6.0,-12.0,5.977,6.1068,10.2646,27.16,10.0,24.0
269.2506,11632354.0,26705.0,35318.0,6.0,-12.0,5.9604,5.9561,10.0253,27.16,10.0,24.0
269.2506,11632330.0,26684.0,34121.0,6.0,-12.0,5.9609,5.8728,9.8981,27.66,10.0,24.0
269.2506,11633476.0,26708.0,34747.0,6.0,-12.0,5.94,5.968,10.0435,27.23,10.0,24.0
269.2826,11632461.0,26784.0,33900.0,6.0,-12.0,5.9585,6.2695,10.5313,24.78,10.0,24.0
269.2826,11635729.0,26665.0,34440.0,6.0,-12.0,5.899,5.7974,9.7829,26.3,10.0,24.0
269.2826,11633454.0,26680.0,34326.0,6.0,-12.0,5.9404,5.8569,9.8738,27.11,10.0,24.0
269.3164,11634361.0,26776.0,33927.0,6.0,-12.0,5.9239,6.2378,10.4791,24.71,10.0,24.0
269.3164,11631726.0,26639.0,35091.0,6.0,-12.0,5.9719,5.6942,9.6137,27.17,10.0,24.0
269.3164,11631383.0,26678.0,35121.0,6.0,-12.0,5.9781,5.849,9.8617,27.89,10.0,24.0
269.3498,11636414.0,26657.0,34404.0,6.0,-12.0,5.8865,5.7656,9.7324,28.27,10.0,24.0
269.3498,11631540.0,26669.0,35147.0,6.0,-12.0,5.9753,5.8132,9.8072,28.72,10.0,24.0
269.3498,11632713.0,26724.0,34225.0,6.0,-12.0,5.9539,6.0315,10.1413,27.51,10.0,24.0
269.3868,11630957.0,26669.0,34192.0,6.0,-12.0,5.9859,5.8132,9.8072,28.32,10.0,24.0
269.3868,11630545.0,26691.0,35174.0,6.0,-12.0,5.9934,5.9005,9.9405,28.38,10.0,24.0
269.3868,11631849.0,26742.0,34589.0,6.0,-12.0,5.9696,6.1029,10.2581,26.83,10.0,24.0
269.3988,11632725.0,26634.0,34871.0,6.0,-12.0,5.9537,5.6744,9.5805,28.47,10.0,24.0
269.3988,11633000.0,26680.0,33605.0,6.0,-12.0,5.9487,5.8569,9.8738,28.46,10.0,24.0
269.3988,11632405.0,26744.0,34870.0,6.0,-12.0,5.9595,6.1108,10.2711,26.73,10.0,24.0
269.4433,11632203.0,26718.0,34665.0,6.0,-12.0,5.9632,6.0077,10.1041,26.56,10.0,24.0
269.4433,11635674.0,26727.0,34219.0,6.0,-12.0,5.9,6.0434,10.1608,25.68,10.0,24.0
269.4433,11634602.0,26716.0,34704.0,6.0,-12.0,5.9195,5.9997,10.092,25.67,10.0,24.0
269.4593,11632509.0,26754.0,34512.0,6.0,-12.0,5.9576,6.1505,10.336,24.72,10.0,24.0
269.4593,11632397.0,26709.0,34149.0,6.0,-12.0,5.9597,5.9719,10.0496,25.58,10.0,24.0
269.4593,11633429.0,26757.0,34749.0,6.0,-12.0,5.9409,6.1624,10.3554,24.44,10.0,24.0
269.4927,11635481.0,26708.0,35429.0,6.0,-12.0,5.9035,5.968,10.0435,25.03,10.0,24.0
269.4927,11634685.0,26675.0,34494.0,6.0,-12.0,5.918,5.837,9.8435,26.34,10.0,24.0
269.4927,11631468.0,26729.0,34212.0,6.0,-12.0,5.9766,6.0513,10.1738,26.09,10.0,24.0
269.5263,11631287.0,26712.0,35344.0,6.0,-12.0,5.9799,5.9839,10.0678,26.46,10.0,24.0
269.5263,11633014.0,26734.0,34995.0,6.0,-12.0,5.9484,6.0711,10.2062,25.78,10.0,24.0
269.5263,11632083.0,26748.0,34077.0,6.0,-12.0,5.9654,6.1267,10.297,25.04,10.0,24.0
269.5547,11631739.0,26704.0,34136.0,6.0,-12.0,5.9716,5.9521,10.0193,25.98,10.0,24.0
269.5547,11630307.0,26728.0,35391.0,6.0,-12.0,5.9977,6.0473,10.1673,26.06,10.0,24.0
269.5547,11631690.0,26729.0,35221.0,6.0,-12.0,5.9725,6.0513,10.1738,25.9,10.0,24.0
269.5869,11633461.0,26663.0,34270.0,6.0,-12.0,5.9403,5.7894,9.7703,27.23,10.0,24.0
269.5869,11633792.0,26705.0,34271.0,6.0,-12.0,5.9342,5.9561,10.0253,27.02,10.0,24.0
269.5869,11632389.0,26696.0,34751.0,6.0,-12.0,5.9598,5.9204,9.9708,27.29,10.0,24.0
269.6208,11632108.0,26713.0,33578.0,6.0,-12.0,5.9649,5.9878,10.0738,27.04,10.0,24.0
269.6208,11633067.0,26637.0,33461.0,6.0,-12.0,5.9474,5.6863,9.6004,28.51,10.0,24.0
269.6208,11632341.0,26711.0,33114.0,6.0,-12.0,5.9607,5.9799,10.0617,27.8,10.0,24.0
269.6462,11633547.0,26679.0,33735.0,6.0,-12.0,5.9387,5.8529,9.8678,28.03,10.0,24.0
269.6462,11632359.0,26617.0,35161.0,6.0,-12.0,5.9603,5.6069,9.4678,29.45,10.0,24.0
269.6462,11633037.0,26681.0,34671.0,6.0,-12.0,5.948,5.8609,9.8799,29.03,10.0,24.0
269.6724,11631235.0,26722.0,34039.0,6.0,-12.0,5.9808,6.0235,10.1284,27.95,10.0,24.0
269.6724,11631117.0,26701.0,34069.0,6.0,-12.0,5.983,5.9402,10.0011,27.87,10.0,24.0
269.6724,11632032.0,26695.0,35337.0,6.0,-12.0,5.9663,5.9164,9.9647,27.86,10.0,24.0
269.7001,11633513.0,26661.0,33868.0,6.0,-12.0,5.9393,5.7815,9.7577,28.45,10.0,24.0
269.7001,11634973.0,26715.0,33899.0,6.0,-12.0,5.9127,5.9958,10.0859,27.3,10.0,24.0
269.7001,11632203.0,26732.0,34951.0,6.0,-12.0,5.9632,6.0632,10.1932,26.47,10.0,24.0
269.7472,11630652.0,26700.0,35138.0,6.0,-12.0,5.9914,5.9362,9.995,27.05,10.0,24.0
269.7472,11632281.0,26668.0,33922.0,6.0,-12.0,5.9618,5.8093,9.8011,27.94,10.0,24.0
269.7472,11630831.0,26698.0,35438.0,6.0,-12.0,5.9882,5.9283,9.9829,27.96,10.0,24.0
269.7662,11631772.0,26706.0,34682.0,6.0,-12.0,5.971,5.96,10.0314,27.68,10.0,24.0
269.7662,11632772.0,26716.0,34064.0,6.0,-12.0,5.9528,5.9997,10.092,27.11,10.0,24.0
269.7662,11633228.0,26720.0,34206.0,6.0,-12.0,5.9445,6.0156,10.1162,26.59,10.0,24.0
269.7938,11634142.0,26708.0,34081.0,6.0,-12.003,5.9279,5.968,10.0435,26.5,10.0,24.0
269.7938,11633173.0,26751.0,34296.0,6.0,-12.003,5.9455,6.1386,10.3165,25.22,10.0,24.0
269.7938,11633173.0,26673.0,33880.0,6.0,-12.003,5.9455,5.8291,9.8314,26.65,10.0,24.0
269.8346,11632725.0,26672.0,34148.0,6.0,-12.003,5.9537,5.8251,9.8253,27.57,10.0,24.0
269.8346,11631820.0,26622.0,33990.0,6.0,-12.003,5.9702,5.6268,9.501,29.15,10.0,24.0
269.8346,11632625.0,26679.0,34093.0,6.0,-12.003,5.9555,5.8529,9.8678,28.93,10.0,24.0
269.8588,11630348.0,26670.0,34368.0,6.0,-12.003,5.997,5.8172,9.8132,29.21,10.0,24.0
269.8588,11633485.0,26636.0,34742.0,6.0,-12.003,5.9398,5.6823,9.5938,29.79,10.0,24.0
269.8588,11630421.0,26694.0,34206.0,6.0,-12.003,5.9957,5.9124,9.9587,29.21,10.0,24.0
269.892,11632203.0,26723.0,34364.0,6.0,-12.022,5.9632,6.0275,10.1348,27.9,10.0,23.98
269.892,11631492.0,26714.0,33769.0,6.0,-12.022,5.9761,5.9918,10.0799,27.46,10.0,23.98
269.892,11630199.0,26684.0,34438.0,6.0,-12.022,5.9997,5.8728,9.8981,28.05,10.0,23.98
269.9228,11631000.0,26677.0,33998.0,6.0,-12.022,5.9851,5.845,9.8556,28.47,10.0,23.98
269.9228,11633914.0,26748.0,34075.0,6.0,-12.022,5.932,6.1267,10.297,26.4,10.0,23.98
269.9228,11631480.0,26671.0,33823.0,6.0,-12.022,5.9764,5.8212,9.8193,27.56,10.0,23.98
269.9389,11631367.0,26710.0,33340.0,6.0,-12.022,5.9784,5.9759,10.0556,27.39,10.0,23.98
269.9389,11630327.0,26662.0,34583.0,6.0,-12.022,5.9974,5.7855,9.764,28.44,10.0,23.98
269.9389,11631066.0,26711.0,33079.0,6.0,-12.022,5.9839,5.9799,10.0617,27.93,10.0,23.98
269.9772,11633037.0,26740.0,34476.0,6.0,-12.022,5.948,6.0949,10.2451,26.46,10.0,23.98
269.9772,11630874.0,26751.0,34070.0,6.0,-12.022,5.9874,6.1386,10.3165,25.52,10.0,23.98
269.9772,11630710.0,26652.0,35617.0,6.0,-12.022,5.9904,5.7458,9.6999,27.49,10.0,23.98
270.0124,11633196.0,26670.0,34019.0,6.0,-12.066,5.9451,5.8172,9.8132,28.07,10.0,23.93
270.0124,11633687.0,26712.0,34385.0,6.0,-12.066,5.9362,5.9839,10.0678,27.33,10.0,23.93
270.0124,11630567.0,26750.0,34671.0,6.0,-12.066,5.993,6.1346,10.31,26.12,10.0,23.93
270.0347,11634095.0,26707.0,36041.0,6.0,-12.066,5.9287,5.964,10.0375,26.26,10.0,23.93
270.0347,11632515.0,26684.0,34015.0,6.0,-12.066,5.9575,5.8728,9.8981,27.09,10.0,23.93
270.0347,11632662.0,26743.0,34429.0,6.0,-12.066,5.9548,6.1068,10.2646,25.91,10.0,23.93
270.0692,11631670.0,26716.0,34080.0,6.0,-12.066,5.9729,5.9997,10.092,26.19,10.0,23.93
270.0692,11635229.0,26701.0,34191.0,6.0,-12.066,5.9081,5.9402,10.0011,26.32,10.0,23.93
270.0692,11634973.0,26605.0,33936.0,6.0,-12.066,5.9127,5.5593,9.3883,28.43,10.0,23.93
270.099,11632839.0,26672.0,33337.0,6.0,-12.066,5.9516,5.8251,9.8253,28.63,10.0,23.93
270.099,11631474.0,26719.0,33631.0,6.0,-12.066,5.9765,6.0116,10.1102,27.76,10.0,23.93
270.099,11633329.0,26713.0,32736.0,6.0,-12.066,5.9427,5.9878,10.0738,27.17,10.0,23.93
270.133,11632558.0,26664.0,34787.0,6.0,-12.125,5.9567,5.7934,9.7766,28.06,10.0,23.88
270.133,11632879.0,26696.0,34257.0,6.0,-12.125,5.9509,5.9204,9.9708,27.86,10.0,23.88
270.133,11632156.0,26688.0,33699.0,6.0,-12.125,5.964,5.8886,9.9223,28.01,10.0,23.88
270.1541,11632034.0,26695.0,34282.0,6.0,-12.125,5.9663,5.9164,9.9647,27.94,10.0,23.88
270.1541,11633816.0,26758.0,32924.0,6.0,-12.125,5.9338,6.1664,10.3619,25.78,10.0,23.88
270.1541,11633037.0,26761.0,34835.0,6.0,-12.125,5.948,6.1783,10.3813,24.49,10.0,23.88
270.1783,11631306.0,26714.0,34480.0,6.0,-12.125,5.9795,5.9918,10.0799,25.44,10.0,23.88
270.1783,11631491.0,26691.0,34077.0,6.0,-12.125,5.9762,5.9005,9.9405,26.55,10.0,23.88
270.1783,11632791.0,26704.0,34452.0,6.0,-12.125,5.9525,5.9521,10.0193,26.77,10.0,23.88
270.2105,11632951.0,26649.0,32766.0,6.0,-12.125,5.9496,5.7339,9.68,28.11,10.0,23.88
270.2105,11633233.0,26698.0,33686.0,6.0,-12.125,5.9444,5.9283,9.9829,27.8,10.0,23.88
270.2105,11631903.0,26650.0,32917.0,6.0,-12.125,5.9687,5.7379,9.6866,28.8,10.0,23.88
270.2427,11636386.0,26711.0,32489.0,6.0,-12.203,5.887,5.9799,10.0617,27.43,10.0,23.8
270.2427,11632203.0,26687.0,34215.0,6.0,-12.203,5.9632,5.8847,9.9163,27.77,10.0,23.8
270.2427,11633028.0,26702.0,34764.0,6.0,-12.203,5.9482,5.9442,10.0072,27.52,10.0,23.8
270.281,11634419.0,26718.0,33338.0,6.0,-12.203,5.9228,6.0077,10.1041,26.73,10.0,23.8
270.281,11630652.0,26644.0,32686.0,6.0,-12.203,5.9914,5.714,9.6468,28.38,10.0,23.8
270.281,11635974.0,26707.0,32836.0,6.0,-12.203,5.8945,5.964,10.0375,27.36,10.0,23.8
270.3111,11633064.0,26677.0,34023.0,6.0,-12.203,5.9475,5.845,9.8556,27.86,10.0,23.8
270.3111,11633326.0,26695.0,32955.0,6.0,-12.203,5.9427,5.9164,9.9647,27.72,10.0,23.8
270.3111,11634758.0,26724.0,33535.0,6.0,-12.203,5.9167,6.0315,10.1413,26.61,10.0,23.8
270.3413,11633100.0,26705.0,33023.0,6.0,-12.303,5.9468,5.9561,10.0253,26.74,10.0,23.7
270.3413,11631801.0,26682.0,33494.0,6.0,-12.303,5.9705,5.8648,9.8859,27.5,10.0,23.7
270.3413,11631491.0,26747.0,33401.0,6.0,-12.303,5.9762,6.1227,10.2906,26.19,10.0,23.7
270.3688,11631820.0,26687.0,32870.0,6.0,-12.303,5.9702,5.8847,9.9163,27.06,10.0,23.7
270.3688,11633740.0,26659.0,33519.0,6.0,-12.303,5.9352,5.7736,9.7451,27.99,10.0,23.7
270.3688,11633267.0,26704.0,34621.0,6.0,-12.303,5.9438,5.9521,10.0193,27.57,10.0,23.7
270.4005,11632359.0,26717.0,33096.0,6.0,-12.303,5.9603,6.0037,10.0981,27.07,10.0,23.7
270.4005,11638460.0,26675.0,34347.0,6.0,-12.303,5.8493,5.837,9.8435,27.15,10.0,23.7
270.4005,11633173.0,26667.0,33467.0,6.0,-12.303,5.9455,5.8053,9.795,27.93,10.0,23.7
270.4323,11631052.0,26711.0,34468.0,6.0,-12.303,5.9842,5.9799,10.0617,27.62,10.0,23.7
270.4323,11634258.0,26684.0,33841.0,6.0,-12.303,5.9258,5.8728,9.8981,27.73,10.0,23.7
270.4323,11634013.0,26757.0,32193.0,6.0,-12.303,5.9302,6.1624,10.3554,25.65,10.0,23.7
270.4642,11632738.0,26673.0,34027.0,6.0,-12.412,5.9534,5.8291,9.8314,26.95,10.0,23.59
270.4642,11633731.0,26726.0,33599.0,6.0,-12.412,5.9354,6.0394,10.1543,26.23,10.0,23.59
270.4642,11632733.0,26673.0,35017.0,6.0,-12.412,5.9535,5.8291,9.8314,27.3,10.0,23.59
270.4821,11635116.0,26754.0,34963.0,6.0,-12.412,5.9101,6.1505,10.336,25.34,10.0,23.59
270.4821,11632313.0,26608.0,33886.0,6.0,-12.412,5.9612,5.5712,9.4082,27.92,10.0,23.59
270.4821,11635156.0,26685.0,35266.0,6.0,-12.412,5.9094,5.8767,9.9041,27.79,10.0,23.59
270.512,11632772.0,26632.0,34585.0,6.0,-12.412,5.9528,5.6664,9.5673,29.07,10.0,23.59
270.512,11634112.0,26714.0,34866.0,6.0,-12.412,5.9284,5.9918,10.0799,27.82,10.0,23.59
270.512,11632064.0,26664.0,34406.0,6.0,-12.412,5.9657,5.7934,9.7766,28.5,10.0,23.59
270.5494,11634705.0,26648.0,33880.0,6.0,-12.55,5.9176,5.7299,9.6734,29.01,10.0,23.45
270.5494,11634539.0,26709.0,34079.0,6.0,-12.55,5.9206,5.9719,10.0496,27.87,10.0,23.45
270.5494,11639146.0,26792.0,34349.0,6.0,-12.55,5.8368,6.3013,10.5835,24.31,10.0,23.45
270.5775,11634030.0,26655.0,35371.0,6.0,-12.55,5.9299,5.7577,9.7196,26.4,10.0,23.45
270.5775,11633731.0,26681.0,35090.0,6.0,-12.55,5.9354,5.8609,9.8799,27.12,10.0,23.45
270.5775,11634419.0,26725.0,34645.0,6.0,-12.55,5.9228,6.0354,10.1478,26.27,10.0,23.45
270.6081,11634136.0,26718.0,35149.0,6.0,-12.55,5.928,6.0077,10.1041,26.03,10.0,23.45
270.6081,11636454.0,26730.0,33510.0,6.0,-12.55,5.8858,6.0553,10.1803,25.16,10.0,23.45
270.6081,11633203.0,26731.0,34182.0,6.0,-12.55,5.945,6.0592,10.1867,25.07,10.0,23.45
270.6443,11635137.0,26686.0,34902.0,6.0,-12.55,5.9098,5.8807,9.9102,26.06,10.0,23.45
270.6443,11633197.0,26670.0,34851.0,6.0,-12.55,5.9451,5.8172,9.8132,27.21,10.0,23.45
270.6443,11635279.0,26728.0,35274.0,6.0,-12.55,5.9072,6.0473,10.1673,26.1,10.0,23.45
270.672,11633173.0,26761.0,34322.0,6.0,-12.55,5.9455,6.1783,10.3813,24.66,10.0,23.45
270.672,11633388.0,26699.0,34268.0,6.0,-12.55,5.9416,5.9323,9.989,25.69,10.0,23.45
270.672,11634318.0,26671.0,34995.0,6.0,-12.55,5.9247,5.8212,9.8193,26.86,10.0,23.45
270.7038,11631513.0,26715.0,35081.0,6.0,-12.709,5.9758,5.9958,10.0859,26.81,10.0,23.29
270.7038,11632678.0,26650.0,34086.0,6.0,-12.709,5.9545,5.7379,9.6866,28.13,10.0,23.29
270.7038,11635397.0,26781.0,34539.0,6.0,-12.709,5.905,6.2576,10.5117,25.08,10.0,23.29
270.7197,11636043.0,26646.0,35023.0,6.0,-12.709,5.8933,5.722,9.6601,26.87,10.0,23.29
270.7197,11634318.0,26752.0,33690.0,6.0,-12.709,5.9247,6.1426,10.323,25.25,10.0,23.29
270.7197,11634214.0,26718.0,33456.0,6.0,-12.709,5.9266,6.0077,10.1041,25.4,10.0,23.29
270.7519,11635129.0,26641.0,34918.0,6.0,-12.709,5.9099,5.7021,9.627,27.26,10.0,23.29
270.7519,11636943.0,26664.0,35754.0,6.0,-12.709,5.8769,5.7934,9.7766,27.69,10.0,23.29
270.7519,11635662.0,26742.0,33944.0,6.0,-12.709,5.9002,6.1029,10.2581,25.87,10.0,23.29
270.7837,11635194.0,26753.0,33716.0,6.0,-12.875,5.9087,6.1465,10.3295,24.5,10.0,23.12
270.7837,11635671.0,26579.0,32664.0,6.0,-12.875,5.9,5.4562,9.2159,27.56,10.0,23.12
270.7837,11634904.0,26699.0,34124.0,6.0,-12.875,5.914,5.9323,9.989,27.24,10.0,23.12
270.8193,11637561.0,26684.0,33634.0,6.0,-12.875,5.8656,5.8728,9.8981,27.12,10.0,23.12
270.8193,11639325.0,26678.0,33323.0,6.0,-12.875,5.8336,5.849,9.8617,26.99,10.0,23.12
270.8193,11633388.0,26691.0,33835.0,6.0,-12.875,5.9416,5.9005,9.9405,27.28,10.0,23.12
270.8484,11633873.0,26718.0,34149.0,6.0,-12.875,5.9328,6.0077,10.1041,26.67,10.0,23.12
270.8484,11634464.0,26711.0,33501.0,6.0,-12.875,5.922,5.9799,10.0617,26.42,10.0,23.12
270.8484,11635498.0,26678.0,33297.0,6.0,-12.875,5.9032,5.849,9.8617,27.01,10.0,23.12
270.8867,11635536.0,26679.0,33851.0,6.0,-13.069,5.9025,5.8529,9.8678,27.34,10.0,22.93
270.8867,11636043.0,26670.0,33876.0,6.0,-13.069,5.8933,5.8172,9.8132,27.69,10.0,22.93
270.8867,11634271.0,26638.0,33546.0,6.0,-13.069,5.9255,5.6902,9.6071,28.77,10.0,22.93
270.9042,11634856.0,26671.0,33369.0,6.0,-13.069,5.9149,5.8212,9.8193,28.66,10.0,22.93
270.9042,11635837.0,26666.0,33517.0,6.0,-13.069,5.897,5.8013,9.789,28.59,10.0,22.93
270.9042,11634738.0,26667.0,35070.0,6.0,-13.069,5.917,5.8053,9.795,28.64,10.0,22.93
270.9289,11634258.0,26693.0,33338.0,6.0,-13.069,5.9258,5.9085,9.9526,28.13,10.0,22.93
270.9289,11635238.0,26694.0,33402.0,6.0,-13.069,5.9079,5.9124,9.9587,27.68,10.0,22.93
270.9289,11635459.0,26666.0,33935.0,6.0,-13.069,5.9039,5.8013,9.789,28.05,10.0,22.93
270.9646,11634622.0,26746.0,33151.0,6.0,-13.069,5.9191,6.1188,10.2841,26.11,10.0,22.93
270.9646,11635876.0,26627.0,34415.0,6.0,-13.069,5.8963,5.6466,9.5341,27.91,10.0,22.93
270.9646,11639016.0,26745.0,34150.0,6.0,-13.069,5.8392,6.1148,10.2776,25.47,10.0,22.93
271.0015,11634577.0,26619.0,33829.0,6.0,-13.069,5.9199,5.6149,9.4811,27.78,10.0,22.93
271.0015,11636627.0,26711.0,35115.0,6.0,-13.069,5.8826,5.9799,10.0617,26.78,10.0,22.93
271.0015,11636185.0,26687.0,33619.0,6.0,-13.069,5.8907,5.8847,9.9163,26.94,10.0,22.93
271.0252,11635498.0,26708.0,34624.0,6.0,-13.284,5.9032,5.968,10.0435,26.53,10.0,22.72
271.0252,11635947.0,26689.0,34599.0,6.0,-13.284,5.895,5.8926,9.9284,26.77,10.0,22.72
271.0252,11638310.0,26684.0,34752.0,6.0,-13.284,5.852,5.8728,9.8981,26.74,10.0,22.72
271.057,11635902.0,26654.0,35108.0,6.0,-13.284,5.8958,5.7537,9.7131,27.7,10.0,22.72
271.057,11635378.0,26765.0,33733.0,6.0,-13.284,5.9054,6.1941,10.4074,25.23,10.0,22.72
271.057,11634358.0,26670.0,33497.0,6.0,-13.284,5.9239,5.8172,9.8132,26.6,10.0,22.72
271.0893,11637268.0,26693.0,35082.0,6.0,-13.284,5.871,5.9085,9.9526,26.52,10.0,22.72
271.0893,11639478.0,26699.0,34220.0,6.0,-13.284,5.8308,5.9323,9.989,25.99,10.0,22.72
271.0893,11635854.0,26732.0,35795.0,6.0,-13.284,5.8967,6.0632,10.1932,25.16,10.0,22.72
271.1215,11635292.0,26672.0,33667.0,6.0,-13.503,5.9069,5.8251,9.8253,26.42,10.0,22.5
271.1215,11635454.0,26734.0,33510.0,6.0,-13.503,5.904,6.0711,10.2062,25.4,10.0,22.5
271.1215,11637104.0,26662.0,33390.0,6.0,-13.503,5.874,5.7855,9.764,26.6,10.0,22.5
271.1404,11638610.0,26759.0,34149.0,6.0,-13.503,5.8466,6.1703,10.3684,24.37,10.0,22.5
271.1404,11635854.0,26701.0,34833.0,6.0,-13.503,5.8967,5.9402,10.0011,25.14,10.0,22.5
271.1404,11638062.0,26715.0,32240.0,6.0,-13.503,5.8565,5.9958,10.0859,24.87,10.0,22.5
271.1848,11638012.0,26736.0,33970.0,6.0,-13.503,5.8574,6.0791,10.2192,24.05,10.0,22.5
271.1848,11636745.0,26793.0,33853.0,6.0,-13.503,5.8805,6.3052,10.59,22.21,10.0,22.5
271.1848,11637745.0,26713.0,32489.0,6.0,-13.503,5.8623,5.9878,10.0738,23.23,10.0,22.5
271.2007,11633485.0,26717.0,34412.0,6.0,-13.503,5.9398,6.0037,10.0981,24.31,10.0,22.5
271.2007,11636567.0,26730.0,34352.0,6.0,-13.503,5.8837,6.0553,10.1803,24.11,10.0,22.5
271.2007,11636216.0,26704.0,34081.0,6.0,-13.503,5.8901,5.9521,10.0193,24.85,10.0,22.5
271.2345,11637791.0,26643.0,34408.0,6.0,-13.747,5.8615,5.7101,9.6402,26.64,10.0,22.25
271.2345,11640618.0,26727.0,33130.0,6.0,-13.747,5.81,6.0434,10.1608,25.04,10.0,22.25
271.2345,11636997.0,26673.0,34318.0,6.0,-13.747,5.8759,5.8291,9.8314,26.14,10.0,22.25
271.2654,11637704.0,26745.0,34329.0,6.0,-13.747,5.863,6.1148,10.2776,24.57,10.0,22.25
271.2654,11636793.0,26731.0,34660.0,6.0,-13.747,5.8796,6.0592,10.1867,24.2,10.0,22.25
271.2654,11638188.0,26768.0,34349.0,6.0,-13.747,5.8542,6.206,10.4269,22.75,10.0,22.25
271.2991,11639395.0,26699.0,34561.0,6.0,-13.747,5.8323,5.9323,9.989,23.74,10.0,22.25
271.2991,11640031.0,26691.0,35120.0,6.0,-13.747,5.8207,5.9005,9.9405,24.5,10.0,22.25
271.2991,11643368.0,26664.0,33928.0,6.0,-13.747,5.7601,5.7934,9.7766,25.29,10.0,22.25
271.3338,11638240.0,26712.0,34560.0,6.0,-13.747,5.8533,5.9839,10.0678,25.03,10.0,22.25
271.3338,11637260.0,26715.0,35922.0,6.0,-13.747,5.8711,5.9958,10.0859,24.93,10.0,22.25
271.3338,11638004.0,26652.0,33717.0,6.0,-13.747,5.8576,5.7458,9.6999,26.46,10.0,22.25
271.3496,11637375.0,26703.0,34010.0,6.0,-14.009,5.869,5.9481,10.0132,26.13,10.0,21.99
271.3496,11640031.0,26678.0,34269.0,6.0,-14.009,5.8207,5.849,9.8617,26.31,10.0,21.99
271.3496,11638669.0,26737.0,34755.0,6.0,-14.009,5.8455,6.083,10.2257,24.79,10.0,21.99
271.3964,11638772.0,26685.0,35619.0,6.0,-14.009,5.8436,5.8767,9.9041,25.47,10.0,21.99
271.3964,11639814.0,26747.0,33595.0,6.0,-14.009,5.8247,6.1227,10.2906,23.86,10.0,21.99
271.3964,11640385.0,26698.0,33376.0,6.0,-14.009,5.8143,5.9283,9.9829,24.3,10.0,21.99
271.4168,11639078.0,26702.0,34519.0,6.0,-14.009,5.838,5.9442,10.0072,24.63,10.0,21.99
271.4168,11640172.0,26751.0,34849.0,6.0,-14.009,5.8181,6.1386,10.3165,23.21,10.0,21.99
271.4168,11640800.0,26701.0,33960.0,6.0,-14.009,5.8067,5.9402,10.0011,23.76,10.0,21.99
271.4422,11638492.0,26746.0,32625.0,6.0,-14.269,5.8487,6.1188,10.2841,23.01,10.0,21.73
271.4422,11639920.0,26735.0,33771.0,6.0,-14.269,5.8227,6.0751,10.2127,22.71,10.0,21.73
271.4422,11638541.0,26703.0,33448.0,6.0,-14.269,5.8478,5.9481,10.0132,23.72,10.0,21.73
271.4777,11638321.0,26654.0,33391.0,6.0,-14.269,5.8518,5.7537,9.7131,25.65,10.0,21.73
271.4777,11639168.0,26773.0,33711.0,6.0,-14.269,5.8364,6.2259,10.4595,23.4,10.0,21.73
271.4777,11640159.0,26685.0,32771.0,6.0,-14.269,5.8184,5.8767,9.9041,24.45,10.0,21.73
271.5067,11639478.0,26708.0,34156.0,6.0,-14.269,5.8308,5.968,10.0435,24.47,10.0,21.73
271.5067,11639995.0,26709.0,32918.0,6.0,-14.269,5.8214,5.9719,10.0496,24.38,10.0,21.73
271.5067,11642346.0,26736.0,33650.0,6.0,-14.269,5.7786,6.0791,10.2192,23.21,10.0,21.73
271.5417,11640312.0,26620.0,34921.0,6.0,-14.269,5.8156,5.6188,9.4877,25.92,10.0,21.73
271.5417,11640740.0,26671.0,34266.0,6.0,-14.269,5.8078,5.8212,9.8193,26.29,10.0,21.73
271.5417,11641467.0,26656.0,34780.0,6.0,-14.269,5.7946,5.7617,9.726,26.81,10.0,21.73
271.5594,11643081.0,26664.0,33782.0,6.0,-14.547,5.7653,5.7934,9.7766,26.71,10.0,21.45
271.5594,11648260.0,26724.0,34064.0,6.0,-14.547,5.6712,6.0315,10.1413,24.27,10.0,21.45
271.5594,11641965.0,26696.0,34153.0,6.0,-14.547,5.7856,5.9204,9.9708,24.38,10.0,21.45
271.6022,11641980.0,26710.0,32273.0,6.0,-14.547,5.7853,5.9759,10.0556,24.01,10.0,21.45
271.6022,11642004.0,26680.0,33252.0,6.0,-14.547,5.7848,5.8569,9.8738,24.71,10.0,21.45
271.6022,11642051.0,26707.0,33177.0,6.0,-14.547,5.784,5.964,10.0375,24.29,10.0,21.45
271.6219,11644919.0,26731.0,32383.0,6.0,-14.547,5.7319,6.0592,10.1867,23.0,10.0,21.45
271.6219,11641406.0,26743.0,33359.0,6.0,-14.547,5.7957,6.1068,10.2646,22.3,10.0,21.45
271.6219,11641464.0,26642.0,33787.0,6.0,-14.547,5.7947,5.7061,9.6336,24.78,10.0,21.45
271.6576,11640434.0,26731.0,34882.0,6.0,-14.547,5.8134,6.0592,10.1867,23.82,10.0,21.45
271.6576,11641174.0,26679.0,33874.0,6.0,-14.547,5.7999,5.8529,9.8678,24.74,10.0,21.45
271.6576,11642853.0,26673.0,33082.0,6.0,-14.547,5.7694,5.8291,9.8314,25.24,10.0,21.45
271.6828,11642023.0,26698.0,34200.0,6.0,-14.869,5.7845,5.9283,9.9829,24.89,10.0,21.13
271.6828,11643836.0,26654.0,34676.0,6.0,-14.869,5.7516,5.7537,9.7131,25.76,10.0,21.13
271.6828,11643380.0,26690.0,34566.0,6.0,-14.869,5.7598,5.8966,9.9344,25.25,10.0,21.13
271.7149,11643875.0,26714.0,32582.0,6.0,-14.869,5.7509,5.9918,10.0799,24.16,10.0,21.13
271.7149,11644988.0,26761.0,34638.0,6.0,-14.869,5.7306,6.1783,10.3813,22.2,10.0,21.13
271.7149,11644737.0,26691.0,35082.0,6.0,-14.869,5.7352,5.9005,9.9405,22.89,10.0,21.13
271.7472,11643241.0,26737.0,34350.0,6.0,-14.869,5.7624,6.083,10.2257,22.19,10.0,21.13
271.7472,11643585.0,26681.0,34644.0,6.0,-14.869,5.7561,5.8609,9.8799,23.37,10.0,21.13
271.7472,11644106.0,26660.0,35025.0,6.0,-14.869,5.7467,5.7775,9.7514,24.63,10.0,21.13
271.7798,11645362.0,26652.0,34964.0,6.0,-15.191,5.7238,5.7458,9.6999,25.46,10.0,20.81
271.7798,11645424.0,26729.0,34511.0,6.0,-15.191,5.7227,6.0513,10.1738,23.7,10.0,20.81
271.7798,11644659.0,26741.0,33666.0,6.0,-15.191,5.7366,6.0989,10.2516,22.42,10.0,20.81
271.8117,11643721.0,26708.0,33512.0,6.0,-15.191,5.7537,5.968,10.0435,22.65,10.0,20.81
271.8117,11644243.0,26684.0,33300.0,6.0,-15.191,5.7442,5.8728,9.8981,23.45,10.0,20.81
271.8117,11643824.0,26712.0,34217.0,6.0,-15.191,5.7518,5.9839,10.0678,23.14,10.0,20.81
271.8439,11645506.0,26734.0,35144.0,6.0,-15.191,5.7212,6.0711,10.2062,22.17,10.0,20.81
271.8439,11645759.0,26730.0,33267.0,6.0,-15.191,5.7166,6.0553,10.1803,21.66,10.0,20.81
271.8439,11646747.0,26696.0,34456.0,6.0,-15.191,5.6987,5.9204,9.9708,22.14,10.0,20.81
271.8596,11645313.0,26730.0,33709.0,6.0,-15.191,5.7247,6.0553,10.1803,21.69,10.0,20.81
271.8596,11645316.0,26711.0,33496.0,6.0,-15.191,5.7247,5.9799,10.0617,21.91,10.0,20.81
271.8596,11647443.0,26711.0,34516.0,6.0,-15.191,5.6861,5.9799,10.0617,21.78,10.0,20.81
271.8915,11646993.0,26681.0,33011.0,6.0,-15.541,5.6942,5.8609,9.8799,22.63,10.0,20.46
271.8915,11645649.0,26700.0,34841.0,6.0,-15.541,5.7186,5.9362,9.995,22.75,10.0,20.46
271.8915,11645608.0,26768.0,34261.0,6.0,-15.541,5.7194,6.206,10.4269,21.17,10.0,20.46
271.9228,11646811.0,26708.0,34729.0,6.0,-15.541,5.6975,5.968,10.0435,21.49,10.0,20.46
271.9228,11647798.0,26682.0,34276.0,6.0,-15.541,5.6796,5.8648,9.8859,22.31,10.0,20.46
271.9228,11646703.0,26723.0,34268.0,6.0,-15.541,5.6995,6.0275,10.1348,21.82,10.0,20.46
271.9558,11648087.0,26681.0,34024.0,6.0,-15.541,5.6744,5.8609,9.8799,22.49,10.0,20.46
271.9558,11647115.0,26696.0,33441.0,6.0,-15.541,5.692,5.9204,9.9708,22.59,10.0,20.46
271.9558,11648985.0,26630.0,33056.0,6.0,-15.541,5.6581,5.6585,9.554,24.44,10.0,20.46
271.9865,11645516.0,26679.0,34029.0,6.0,-15.541,5.7211,5.8529,9.8678,24.5,10.0,20.46
271.9865,11650002.0,26717.0,34334.0,6.0,-15.541,5.6397,6.0037,10.0981,22.92,10.0,20.46
271.9865,11647268.0,26742.0,34002.0,6.0,-15.541,5.6893,6.1029,10.2581,21.66,10.0,20.46
272.0197,11648633.0,26664.0,34533.0,6.0,-15.9,5.6645,5.7934,9.7766,22.85,10.0,20.1
272.0197,11647602.0,26658.0,34461.0,6.0,-15.9,5.6832,5.7696,9.7388,23.91,10.0,20.1
272.0197,11647145.0,26644.0,35504.0,6.0,-15.9,5.6915,5.714,9.6468,25.05,10.0,20.1
272.0502,11646102.0,26717.0,34956.0,6.0,-15.9,5.7104,6.0037,10.0981,23.67,10.0,20.1
272.0502,11648844.0,26738.0,34104.0,6.0,-15.9,5.6607,6.087,10.2322,22.05,10.0,20.1
272.0502,11648430.0,26685.0,34459.0,6.0,-15.9,5.6682,5.8767,9.9041,22.46,10.0,20.1
272.0825,11648400.0,26706.0,32396.0,6.0,-15.9,5.6687,5.96,10.0314,22.12,10.0,20.1
272.0825,11648472.0,26717.0,33105.0,6.0,-15.9,5.6674,6.0037,10.0981,21.66,10.0,20.1
272.0825,11650945.0,26710.0,33878.0,6.0,-15.9,5.6226,5.9759,10.0556,21.27,10.0,20.1
272.1155,11649462.0,26632.0,33647.0,6.0,-16.284,5.6494,5.6664,9.5673,23.53,10.0,19.72
272.1155,11648313.0,26724.0,33099.0,6.0,-16.284,5.6703,6.0315,10.1413,22.35,10.0,19.72
272.1155,11649165.0,26651.0,33795.0,6.0,-16.284,5.6548,5.7418,9.6933,23.62,10.0,19.72
272.1343,11650743.0,26741.0,33774.0,6.0,-16.284,5.6262,6.0989,10.2516,21.79,10.0,19.72
272.1343,11650176.0,26731.0,33694.0,6.0,-16.284,5.6365,6.0592,10.1867,20.94,10.0,19.72
272.1343,11653432.0,26687.0,33716.0,6.0,-16.284,5.5775,5.8847,9.9163,21.11,10.0,19.72
272.1628,11650281.0,26704.0,33411.0,6.0,-16.284,5.6346,5.9521,10.0193,21.16,10.0,19.72
272.1628,11649086.0,26744.0,34374.0,6.0,-16.284,5.6563,6.1108,10.2711,20.39,10.0,19.72
272.1628,11651666.0,26693.0,34668.0,6.0,-16.284,5.6095,5.9085,9.9526,20.83,10.0,19.72
272.195,11649928.0,26685.0,33314.0,6.0,-16.284,5.641,5.8767,9.9041,21.53,10.0,19.72
272.195,11651917.0,26674.0,32844.0,6.0,-16.284,5.6049,5.8331,9.8375,22.0,10.0,19.72
272.195,11650212.0,26708.0,34472.0,6.0,-16.284,5.6358,5.968,10.0435,21.6,10.0,19.72
272.2268,11650688.0,26753.0,34270.0,6.0,-16.681,5.6272,6.1465,10.3295,20.38,10.0,19.32
272.2268,11650389.0,26709.0,35118.0,6.0,-16.681,5.6326,5.9719,10.0496,20.59,10.0,19.32
272.2268,11651330.0,26654.0,34792.0,6.0,-16.681,5.6156,5.7537,9.7131,22.15,10.0,19.32
272.2605,11648087.0,26729.0,35197.0,6.0,-16.681,5.6744,6.0513,10.1738,21.43,10.0,19.32
272.2605,11650696.0,26672.0,34536.0,6.0,-16.681,5.6271,5.8251,9.8253,22.17,10.0,19.32
272.2605,11651962.0,26727.0,34527.0,6.0,-16.681,5.6041,6.0434,10.1608,21.09,10.0,19.32
272.2911,11653963.0,26726.0,33805.0,6.0,-16.681,5.5679,6.0394,10.1543,20.29,10.0,19.32
272.2911,11650844.0,26668.0,33328.0,6.0,-16.681,5.6244,5.8093,9.8011,21.58,10.0,19.32
272.2911,11652600.0,26724.0,34272.0,6.0,-16.681,5.5926,6.0315,10.1413,20.75,10.0,19.32
272.3247,11653166.0,26756.0,34869.0,6.0,-16.681,5.5823,6.1584,10.3489,19.68,10.0,19.32
272.3247,11654379.0,26720.0,34353.0,6.0,-16.681,5.5603,6.0156,10.1162,19.53,10.0,19.32
272.3247,11655020.0,26711.0,34056.0,6.0,-16.681,5.5487,5.9799,10.0617,19.55,10.0,19.32
272.3555,11653805.0,26632.0,33338.0,6.0,-17.097,5.5707,5.6664,9.5673,21.93,10.0,18.9
272.3555,11651084.0,26655.0,32959.0,6.0,-17.097,5.62,5.7577,9.7196,22.95,10.0,18.9
272.3555,11655434.0,26711.0,34124.0,6.0,-17.097,5.5412,5.9799,10.0617,21.57,10.0,18.9
272.3715,11654547.0,26689.0,34571.0,6.0,-17.097,5.5573,5.8926,9.9284,21.32,10.0,18.9
272.3715,11655271.0,26657.0,34873.0,6.0,-17.097,5.5442,5.7656,9.7324,21.93,10.0,18.9
272.3715,11655411.0,26695.0,33343.0,6.0,-17.097,5.5416,5.9164,9.9647,21.31,10.0,18.9
272.4045,11653931.0,26725.0,34331.0,6.0,-17.097,5.5684,6.0354,10.1478,20.44,10.0,18.9
272.4045,11656417.0,26711.0,34377.0,6.0,-17.097,5.5234,5.9799,10.0617,19.98,10.0,18.9
272.4045,11655369.0,26703.0,34722.0,6.0,-17.097,5.5424,5.9481,10.0132,19.96,10.0,18.9
272.4352,11656247.0,26685.0,35513.0,6.0,-17.097,5.5265,5.8767,9.9041,20.27,10.0,18.9
272.4352,11656656.0,26713.0,34636.0,6.0,-17.097,5.5191,5.9878,10.0738,19.81,10.0,18.9
272.4352,11655934.0,26692.0,34665.0,6.0,-17.097,5.5322,5.9045,9.9466,20.05,10.0,18.9
272.4697,11656870.0,26692.0,34582.0,6.0,-17.531,5.5152,5.9045,9.9466,20.1,10.0,18.47
272.4697,11655638.0,26690.0,33460.0,6.0,-17.531,5.5375,5.8966,9.9344,20.3,10.0,18.47
272.4697,11654927.0,26711.0,33790.0,6.0,-17.531,5.5504,5.9799,10.0617,20.03,10.0,18.47
272.5003,11656897.0,26713.0,33509.0,6.0,-17.531,5.5147,5.9878,10.0738,19.65,10.0,18.47
272.5003,11656436.0,26690.0,33327.0,6.0,-17.531,5.5231,5.8966,9.9344,19.95,10.0,18.47
272.5003,11657530.0,26695.0,32624.0,6.0,-17.531,5.5033,5.9164,9.9647,19.9,10.0,18.47
272.5311,11663757.0,26734.0,33598.0,6.0,-17.531,5.3906,6.0711,10.2062,18.87,10.0,18.47
272.5311,11658710.0,26635.0,34001.0,6.0,-17.531,5.4819,5.6783,9.5872,20.7,10.0,18.47
272.5311,11657975.0,26668.0,34594.0,6.0,-17.531,5.4952,5.8093,9.8011,20.92,10.0,18.47
272.5643,11659151.0,26699.0,34792.0,6.0,-17.975,5.4739,5.9323,9.989,20.25,10.0,18.02
272.5643,11661612.0,26710.0,34300.0,6.0,-17.975,5.4294,5.9759,10.0556,19.5,10.0,18.02
272.5643,11657408.0,26708.0,34553.0,6.0,-17.975,5.5055,5.968,10.0435,19.38,10.0,18.02
272.5977,11659408.0,26719.0,33538.0,6.0,-17.975,5.4693,6.0116,10.1102,19.0,10.0,18.02
272.5977,11660545.0,26712.0,34418.0,6.0,-17.975,5.4487,5.9839,10.0678,18.79,10.0,18.02
272.5977,11660251.0,26710.0,33525.0,6.0,-17.975,5.454,5.9759,10.0556,18.71,10.0,18.02
272.6118,11659696.0,26703.0,34093.0,6.0,-17.975,5.4641,5.9481,10.0132,18.81,10.0,18.02
272.6118,11661294.0,26683.0,33519.0,6.0,-17.975,5.4352,5.8688,9.892,19.1,10.0,18.02
272.6118,11660596.0,26722.0,35485.0,6.0,-17.975,5.4478,6.0235,10.1284,18.72,10.0,18.02
272.6433,11660466.0,26694.0,33965.0,6.0,-17.975,5.4501,5.9124,9.9587,18.91,10.0,18.02
272.6433,11661204.0,26700.0,35836.0,6.0,-17.975,5.4368,5.9362,9.995,18.87,10.0,18.02
272.6433,11663964.0,26689.0,32967.0,6.0,-17.975,5.3869,5.8926,9.9284,18.81,10.0,18.02
272.6762,11660967.0,26642.0,33561.0,6.0,-18.45,5.4411,5.7061,9.6336,20.14,10.0,17.55
272.6762,11661214.0,26719.0,33785.0,6.0,-18.45,5.4366,6.0116,10.1102,19.34,10.0,17.55
272.6762,11661875.0,26647.0,33776.0,6.0,-18.45,5.4247,5.726,9.6667,20.2,10.0,17.55
272.7081,11662957.0,26731.0,33631.0,6.0,-18.45,5.4051,6.0592,10.1867,19.13,10.0,17.55
272.7081,11663612.0,26689.0,34663.0,6.0,-18.45,5.3933,5.8926,9.9284,18.99,10.0,17.55
272.7081,11662993.0,26701.0,34685.0,6.0,-18.45,5.4044,5.9402,10.0011,18.78,10.0,17.55
272.7403,11665653.0,26743.0,34325.0,6.0,-18.45,5.3564,6.1068,10.2646,17.99,10.0,17.55
272.7403,11663111.0,26668.0,33232.0,6.0,-18.45,5.4023,5.8093,9.8011,18.76,10.0,17.55
272.7403,11664390.0,26707.0,33993.0,6.0,-18.45,5.3792,5.964,10.0375,18.48,10.0,17.55
272.7723,11666578.0,26726.0,34591.0,6.0,-18.45,5.3397,6.0394,10.1543,17.97,10.0,17.55
272.7723,11664160.0,26751.0,34411.0,6.0,-18.45,5.3834,6.1386,10.3165,17.49,10.0,17.55
272.7723,11667377.0,26697.0,34935.0,6.0,-18.45,5.3252,5.9243,9.9769,17.67,10.0,17.55
272.7882,11665422.0,26687.0,34493.0,6.0,-18.931,5.3606,5.8847,9.9163,18.03,10.0,17.07
272.7882,11665602.0,26722.0,34114.0,6.0,-18.931,5.3573,6.0235,10.1284,17.8,10.0,17.07
272.7882,11666940.0,26648.0,33720.0,6.0,-18.931,5.3331,5.7299,9.6734,18.71,10.0,17.07
272.8237,11666496.0,26733.0,33933.0,6.0,-18.931,5.3412,6.0672,10.1997,18.02,10.0,17.07
272.8237,11671107.0,26766.0,35566.0,6.0,-18.931,5.2579,6.1981,10.4139,17.07,10.0,17.07
272.8237,11668632.0,26709.0,33238.0,6.0,-18.931,5.3026,5.9719,10.0496,17.21,10.0,17.07
272.8523,11666625.0,26685.0,33774.0,6.0,-18.931,5.3388,5.8767,9.9041,17.7,10.0,17.07
272.8523,11669163.0,26674.0,33882.0,6.0,-18.931,5.293,5.8331,9.8375,17.99,10.0,17.07
272.8523,11671107.0,26717.0,34015.0,6.0,-18.931,5.2579,6.0037,10.0981,17.55,10.0,17.07
272.8877,11671107.0,26715.0,32742.0,6.0,-18.931,5.2579,5.9958,10.0859,17.3,10.0,17.07
272.8877,11669871.0,26725.0,34363.0,6.0,-18.931,5.2802,6.0354,10.1478,17.1,10.0,17.07
272.8877,11671818.0,26716.0,34482.0,6.0,-18.931,5.2451,5.9997,10.092,16.99,10.0,17.07
272.9166,11671107.0,26675.0,34197.0,6.0,-19.391,5.2579,5.837,9.8435,17.44,10.0,16.61
272.9166,11669835.0,26709.0,33952.0,6.0,-19.391,5.2809,5.9719,10.0496,17.37,10.0,16.61
272.9166,11673195.0,26716.0,34107.0,6.0,-19.391,5.2203,5.9997,10.092,17.08,10.0,16.61
272.9487,11671107.0,26673.0,33010.0,6.0,-19.391,5.2579,5.8291,9.8314,17.52,10.0,16.61
272.9487,11671781.0,26721.0,34178.0,6.0,-19.391,5.2458,6.0196,10.1223,17.18,10.0,16.61
272.9487,11673666.0,26715.0,33893.0,6.0,-19.391,5.2118,5.9958,10.0859,16.96,10.0,16.61
272.9805,11672265.0,26710.0,34183.0,6.0,-19.391,5.2371,5.9759,10.0556,16.94,10.0,16.61
272.9805,11676527.0,26686.0,34155.0,6.0,-19.391,5.1602,5.8807,9.9102,16.98,10.0,16.61
272.9805,11671107.0,26717.0,33012.0,6.0,-19.391,5.2579,6.0037,10.0981,16.94,10.0,16.61
273.0182,11674311.0,26748.0,32838.0,6.0,-19.391,5.2002,6.1267,10.297,16.46,10.0,16.61
273.0196,11672705.0,26675.0,33997.0,6.0,-19.391,5.2291,5.837,9.8435,17.03,10.0,16.61
273.0207,11673230.0,26730.0,33978.0,6.0,-19.391,5.2197,6.0553,10.1803,16.72,10.0,16.61
273.0331,11674269.0,26691.0,34282.0,6.0,-19.812,5.2009,5.9005,9.9405,16.91,10.0,16.19
273.0331,11671107.0,26729.0,33704.0,6.0,-19.812,5.2579,6.0513,10.1738,16.76,10.0,16.19
273.0331,11673580.0,26710.0,34687.0,6.0,-19.812,5.2133,5.9759,10.0556,16.76,10.0,16.19
273.0747,11675606.0,26669.0,33830.0,6.0,-19.812,5.1768,5.8132,9.8072,17.12,10.0,16.19
273.0747,11676965.0,26700.0,34459.0,6.0,-19.812,5.1524,5.9362,9.995,16.92,10.0,16.19
273.0747,11676701.0,26705.0,34208.0,6.0,-19.812,5.1571,5.9561,10.0253,16.75,10.0,16.19
273.0923,11676035.0,26697.0,33769.0,6.0,-19.812,5.1691,5.9243,9.9769,16.77,10.0,16.19
273.0923,11676672.0,26672.0,33523.0,6.0,-19.812,5.1576,5.8251,9.8253,17.03,10.0,16.19
273.0923,11677471.0,26715.0,33583.0,6.0,-19.812,5.1432,5.9958,10.0859,16.69,10.0,16.19
273.1251,11676508.0,26701.0,34076.0,6.0,-20.238,5.1606,5.9402,10.0011,16.67,10.0,15.76
273.1251,11681065.0,26676.0,34124.0,6.0,-20.238,5.0786,5.841,9.8496,16.7,10.0,15.76
273.1251,11679231.0,26676.0,34063.0,6.0,-20.238,5.1116,5.841,9.8496,16.81,10.0,15.76
273.1563,11681913.0,26723.0,35392.0,6.0,-20.238,5.0633,6.0275,10.1348,16.32,10.0,15.76
273.1563,11680425.0,26637.0,34137.0,6.0,-20.238,5.0901,5.6863,9.6004,17.0,10.0,15.76
273.1563,11678635.0,26686.0,32955.0,6.0,-20.238,5.1223,5.8807,9.9102,16.91,10.0,15.76
273.1884,11680115.0,26731.0,33923.0,6.0,-20.238,5.0956,6.0592,10.1867,16.37,10.0,15.76
273.1884,11679743.0,26699.0,34298.0,6.0,-20.238,5.1023,5.9323,9.989,16.35,10.0,15.76
273.1884,11678466.0,26781.0,33476.0,6.0,-20.238,5.1253,6.2576,10.5117,15.66,10.0,15.76
273.2202,11681189.0,26735.0,34029.0,6.0,-20.238,5.0763,6.0751,10.2127,15.54,10.0,15.76
273.2202,11682865.0,26686.0,34019.0,6.0,-20.238,5.0462,5.8807,9.9102,15.84,10.0,15.76
273.2202,11683547.0,26747.0,35012.0,6.0,-20.238,5.0339,6.1227,10.2906,15.46,10.0,15.76
273.252,11684879.0,26680.0,34548.0,6.0,-20.65,5.01,5.8569,9.8738,15.76,10.0,15.35
273.252,11685541.0,26712.0,35352.0,6.0,-20.65,4.9981,5.9839,10.0678,15.64,10.0,15.35
273.252,11683481.0,26724.0,34116.0,6.0,-20.65,5.0351,6.0315,10.1413,15.54,10.0,15.35
273.2848,11684340.0,26737.0,32635.0,6.0,-20.65,5.0197,6.083,10.2257,15.34,10.0,15.35
273.2848,11686331.0,26686.0,33353.0,6.0,-20.65,4.9839,5.8807,9.9102,15.57,10.0,15.35
273.2848,11687455.0,26700.0,33381.0,6.0,-20.65,4.9637,5.9362,9.995,15.55,10.0,15.35
273.3049,11687886.0,26756.0,33881.0,6.0,-20.65,4.9559,6.1584,10.3489,15.05,10.0,15.35
273.3049,11687798.0,26755.0,33037.0,6.0,-20.65,4.9575,6.1545,10.3424,14.76,10.0,15.35
273.3049,11688802.0,26713.0,32960.0,6.0,-20.65,4.9395,5.9878,10.0738,14.91,10.0,15.35
273.3396,11687469.0,26674.0,34786.0,6.0,-20.65,4.9634,5.8331,9.8375,15.37,10.0,15.35
273.3396,11688762.0,26719.0,33806.0,6.0,-20.65,4.9402,6.0116,10.1102,15.23,10.0,15.35
273.3396,11689701.0,26616.0,35078.0,6.0,-20.65,4.9234,5.603,9.4612,16.11,10.0,15.35
273.3643,11688237.0,26655.0,35506.0,6.0,-21.022,4.9496,5.7577,9.7196,16.25,10.0,14.98
273.3643,11687217.0,26666.0,33770.0,6.0,-21.022,4.968,5.8013,9.789,16.26,10.0,14.98
273.3643,11687990.0,26662.0,34109.0,6.0,-21.022,4.9541,5.7855,9.764,16.27,10.0,14.98
273.3967,11688237.0,26704.0,34411.0,6.0,-21.022,4.9496,5.9521,10.0193,15.91,10.0,14.98
273.3967,11690520.0,26703.0,33894.0,6.0,-21.022,4.9086,5.9481,10.0132,15.62,10.0,14.98
273.3967,11690656.0,26703.0,34514.0,6.0,-21.022,4.9062,5.9481,10.0132,15.44,10.0,14.98
273.4287,11691516.0,26665.0,33847.0,6.0,-21.022,4.8908,5.7974,9.7829,15.61,10.0,14.98
273.4287,11690257.0,26669.0,33154.0,6.0,-21.022,4.9134,5.8132,9.8072,15.72,10.0,14.98
273.4287,11691228.0,26691.0,34120.0,6.0,-21.022,4.8959,5.9005,9.9405,15.58,10.0,14.98
273.4625,11693074.0,26704.0,35369.0,6.0,-21.384,4.8628,5.9521,10.0193,15.32,10.0,14.62
273.4625,11695466.0,26727.0,35594.0,6.0,-21.384,4.8199,6.0434,10.1608,14.88,10.0,14.62
273.4625,11692134.0,26684.0,34349.0,6.0,-21.384,4.8797,5.8728,9.8981,15.1,10.0,14.62
273.481,11692008.0,26740.0,34518.0,6.0,-21.384,4.8819,6.0949,10.2451,14.76,10.0,14.62
273.481,11694395.0,26695.0,32899.0,6.0,-21.384,4.8391,5.9164,9.9647,14.85,10.0,14.62
273.481,11694660.0,26691.0,33903.0,6.0,-21.384,4.8344,5.9005,9.9405,14.93,10.0,14.62
273.5241,11697748.0,26644.0,35145.0,6.0,-21.384,4.779,5.714,9.6468,15.25,10.0,14.62
273.5241,11695852.0,26648.0,33781.0,6.0,-21.384,4.813,5.7299,9.6734,15.48,10.0,14.62
273.5241,11693609.0,26741.0,33513.0,6.0,-21.384,4.8532,6.0989,10.2516,14.93,10.0,14.62
273.5475,11695364.0,26694.0,33527.0,6.0,-21.384,4.8218,5.9124,9.9587,14.92,10.0,14.62
273.5475,11694727.0,26677.0,34596.0,6.0,-21.384,4.8332,5.845,9.8556,15.08,10.0,14.62
273.5475,11697343.0,26712.0,34742.0,6.0,-21.384,4.7863,5.9839,10.0678,14.8,10.0,14.62
273.572,11702579.0,26694.0,34982.0,6.0,-21.738,4.6926,5.9124,9.9587,14.58,10.0,14.26
273.572,11697000.0,26655.0,34465.0,6.0,-21.738,4.7924,5.7577,9.7196,14.97,10.0,14.26
273.572,11696994.0,26709.0,33958.0,6.0,-21.738,4.7926,5.9719,10.0496,14.77,10.0,14.26
273.6035,11699303.0,26692.0,33653.0,6.0,-21.738,4.7512,5.9045,9.9466,14.7,10.0,14.26
273.6035,11697054.0,26729.0,33821.0,6.0,-21.738,4.7915,6.0513,10.1738,14.44,10.0,14.26
273.6035,11697092.0,26627.0,34537.0,6.0,-21.738,4.7908,5.6466,9.5341,15.15,10.0,14.26
273.6354,11697609.0,26695.0,33637.0,6.0,-21.738,4.7815,5.9164,9.9647,14.96,10.0,14.26
273.6354,11699236.0,26659.0,32898.0,6.0,-21.738,4.7524,5.7736,9.7451,15.09,10.0,14.26
273.6354,11698795.0,26682.0,32804.0,6.0,-21.738,4.7603,5.8648,9.8859,14.99,10.0,14.26
273.6672,11699533.0,26683.0,34494.0,6.0,-21.738,4.7471,5.8688,9.892,14.89,10.0,14.26
273.6672,11701357.0,26683.0,34655.0,6.0,-21.738,4.7144,5.8688,9.892,14.77,10.0,14.26
273.6672,11700193.0,26688.0,34500.0,6.0,-21.738,4.7353,5.8886,9.9223,14.7,10.0,14.26
273.6992,11701677.0,26723.0,34764.0,6.0,-22.066,4.7087,6.0275,10.1348,14.32,10.0,13.93
273.6992,11702085.0,26750.0,33840.0,6.0,-22.066,4.7014,6.1346,10.31,13.88,10.0,13.93
273.6992,11702908.0,26672.0,32753.0,6.0,-22.066,4.6867,5.8251,9.8253,14.19,10.0,13.93
273.733,11704735.0,26747.0,33870.0,6.0,-22.066,4.654,6.1227,10.2906,13.75,10.0,13.93
273.733,11707465.0,26741.0,35166.0,6.0,-22.066,4.6052,6.0989,10.2516,13.45,10.0,13.93
273.733,11702650.0,26690.0,32572.0,6.0,-22.066,4.6913,5.8966,9.9344,13.8,10.0,13.93
273.7644,11704105.0,26623.0,33316.0,6.0,-22.066,4.6653,5.6307,9.5076,14.53,10.0,13.93
273.7644,11705510.0,26677.0,34273.0,6.0,-22.066,4.6401,5.845,9.8556,14.45,10.0,13.93
273.7644,11708129.0,26727.0,33695.0,6.0,-22.066,4.5933,6.0434,10.1608,13.94,10.0,13.93
273.7958,11709611.0,26675.0,34748.0,6.0,-22.381,4.5668,5.837,9.8435,13.96,10.0,13.62
273.7958,11705293.0,26665.0,33836.0,6.0,-22.381,4.644,5.7974,9.7829,14.21,10.0,13.62
273.7958,11704927.0,26739.0,34743.0,6.0,-22.381,4.6506,6.091,10.2387,13.81,10.0,13.62
273.8144,11705465.0,26669.0,33459.0,6.0,-22.381,4.6409,5.8132,9.8072,14.08,10.0,13.62
273.8144,11707924.0,26691.0,33915.0,6.0,-22.381,4.597,5.9005,9.9405,13.98,10.0,13.62
273.8144,11708816.0,26716.0,34130.0,6.0,-22.381,4.581,5.9997,10.092,13.71,10.0,13.62
273.8442,11706978.0,26699.0,33891.0,6.0,-22.381,4.6139,5.9323,9.989,13.73,10.0,13.62
273.8442,11705637.0,26720.0,34235.0,6.0,-22.381,4.6379,6.0156,10.1162,13.63,10.0,13.62
273.8442,11708093.0,26700.0,33628.0,6.0,-22.381,4.594,5.9362,9.995,13.63,10.0,13.62
273.8795,11708355.0,26650.0,33084.0,6.0,-22.381,4.5893,5.7379,9.6866,14.03,10.0,13.62
273.8795,11711748.0,26713.0,34802.0,6.0,-22.381,4.5287,5.9878,10.0738,13.68,10.0,13.62
273.8795,11709460.0,26657.0,33226.0,6.0,-22.381,4.5695,5.7656,9.7324,13.96,10.0,13.62
273.9102,11709623.0,26734.0,35386.0,6.0,-22.691,4.5666,6.0711,10.2062,13.56,10.0,13.31
273.9102,11710409.0,26653.0,35550.0,6.0,-22.691,4.5526,5.7498,9.7065,13.89,10.0,13.31
273.9102,11709320.0,26696.0,34151.0,6.0,-22.691,4.572,5.9204,9.9708,13.78,10.0,13.31
273.9402,11710886.0,26704.0,33690.0,6.0,-22.691,4.5441,5.9521,10.0193,13.61,10.0,13.31
273.9402,11712257.0,26753.0,32978.0,6.0,-22.691,4.5196,6.1465,10.3295,13.17,10.0,13.31
273.9402,11711445.0,26696.0,33698.0,6.0,-22.691,4.5341,5.9204,9.9708,13.28,10.0,13.31
273.9731,11710912.0,26749.0,33815.0,6.0,-22.691,4.5436,6.1307,10.3035,13.04,10.0,13.31
273.9731,11713269.0,26743.0,33199.0,6.0,-22.691,4.5015,6.1068,10.2646,12.87,10.0,13.31
273.9731,11712987.0,26649.0,33807.0,6.0,-22.691,4.5066,5.7339,9.68,13.41,10.0,13.31
274.005,11712118.0,26728.0,34703.0,6.0,-22.691,4.5221,6.0473,10.1673,13.21,10.0,13.31
274.005,11712665.0,26698.0,34785.0,6.0,-22.691,4.5123,5.9283,9.9829,13.25,10.0,13.31
274.005,11712584.0,26676.0,35633.0,6.0,-22.691,4.5138,5.841,9.8496,13.43,10.0,13.31
274.036,11715224.0,26702.0,34765.0,6.0,-22.991,4.4667,5.9442,10.0072,13.29,10.0,13.01
274.036,11714764.0,26774.0,34096.0,6.0,-22.991,4.4749,6.2298,10.4661,12.81,10.0,13.01
274.036,11715743.0,26710.0,33209.0,6.0,-22.991,4.4574,5.9759,10.0556,12.86,10.0,13.01
274.0541,11713806.0,26694.0,32461.0,6.0,-22.991,4.492,5.9124,9.9587,13.03,10.0,13.01
274.0541,11715650.0,26689.0,33125.0,6.0,-22.991,4.4591,5.8926,9.9284,13.12,10.0,13.01
274.0541,11715399.0,26636.0,32835.0,6.0,-22.991,4.4636,5.6823,9.5938,13.59,10.0,13.01
274.0841,11717538.0,26668.0,32519.0,6.0,-22.991,4.4254,5.8093,9.8011,13.53,10.0,13.01
274.0841,11717808.0,26702.0,33404.0,6.0,-22.991,4.4206,5.9442,10.0072,13.28,10.0,13.01
274.0841,11719635.0,26703.0,33848.0,6.0,-22.991,4.388,5.9481,10.0132,13.09,10.0,13.01
274.1161,11719086.0,26720.0,33356.0,6.0,-22.991,4.3978,6.0156,10.1162,12.89,10.0,13.01
274.1161,11717965.0,26709.0,33445.0,6.0,-22.991,4.4178,5.9719,10.0496,12.85,10.0,13.01
274.1161,11718475.0,26680.0,33598.0,6.0,-22.991,4.4087,5.8569,9.8738,12.99,10.0,13.01
274.1491,11719379.0,26713.0,34233.0,6.0,-23.228,4.3926,5.9878,10.0738,12.86,10.0,12.77
274.1491,11718874.0,26659.0,33444.0,6.0,-23.228,4.4016,5.7736,9.7451,13.12,10.0,12.77
274.1491,11718874.0,26702.0,33924.0,6.0,-23.228,4.4016,5.9442,10.0072,13.01,10.0,12.77
274.1798,11719370.0,26694.0,33162.0,6.0,-23.228,4.3928,5.9124,9.9587,12.98,10.0,12.77
274.1798,11721440.0,26684.0,34301.0,6.0,-23.228,4.3559,5.8728,9.8981,12.96,10.0,12.77
274.1798,11720521.0,26676.0,34495.0,6.0,-23.228,4.3723,5.841,9.8496,13.02,10.0,12.77
274.2174,11721477.0,26714.0,34471.0,6.0,-23.228,4.3552,5.9918,10.0799,12.82,10.0,12.77
274.2174,11720582.0,26715.0,33793.0,6.0,-23.228,4.3712,5.9958,10.0859,12.72,10.0,12.77
274.2174,11722446.0,26733.0,32991.0,6.0,-23.228,4.338,6.0672,10.1997,12.51,10.0,12.77
274.2313,11723236.0,26657.0,34508.0,6.0,-23.228,4.3239,5.7656,9.7324,12.79,10.0,12.77
274.2313,11723173.0,26729.0,34264.0,6.0,-23.228,4.3251,6.0513,10.1738,12.56,10.0,12.77
274.2313,11718725.0,26635.0,35480.0,6.0,-23.228,4.4043,5.6783,9.5872,13.14,10.0,12.77
274.2758,11723066.0,26700.0,36303.0,6.0,-23.484,4.327,5.9362,9.995,12.93,10.0,12.52
274.2758,11723692.0,26748.0,35156.0,6.0,-23.484,4.3158,6.1267,10.297,12.53,10.0,12.52
274.2758,11723962.0,26733.0,33949.0,6.0,-23.484,4.311,6.0672,10.1997,12.37,10.0,12.52
274.308,11723066.0,26669.0,35129.0,6.0,-23.484,4.327,5.8132,9.8072,12.64,10.0,12.52
274.308,11725084.0,26733.0,34926.0,6.0,-23.484,4.291,6.0672,10.1997,12.4,10.0,12.52
274.308,11728937.0,26668.0,35774.0,6.0,-23.484,4.2225,5.8093,9.8011,12.52,10.0,12.52
274.3294,11724732.0,26700.0,34631.0,6.0,-23.484,4.2973,5.9362,9.995,12.52,10.0,12.52
274.3294,11725998.0,26669.0,35342.0,6.0,-23.484,4.2748,5.8132,9.8072,12.65,10.0,12.52
274.3294,11723760.0,26739.0,33420.0,6.0,-23.484,4.3146,6.091,10.2387,12.41,10.0,12.52
274.3561,11727382.0,26660.0,33750.0,6.0,-23.709,4.2502,5.7775,9.7514,12.61,10.0,12.29
274.3561,11728565.0,26691.0,34271.0,6.0,-23.709,4.2292,5.9005,9.9405,12.53,10.0,12.29
274.3561,11725528.0,26688.0,32767.0,6.0,-23.709,4.2831,5.8886,9.9223,12.57,10.0,12.29
274.389,11726119.0,26725.0,34865.0,6.0,-23.709,4.2726,6.0354,10.1478,12.38,10.0,12.29
274.389,11728104.0,26685.0,34013.0,6.0,-23.709,4.2373,5.8767,9.9041,12.43,10.0,12.29
274.389,11730238.0,26732.0,33451.0,6.0,-23.709,4.1994,6.0632,10.1932,12.18,10.0,12.29
274.4196,11725341.0,26720.0,33365.0,6.0,-23.709,4.2865,6.0156,10.1162,12.19,10.0,12.29
274.4196,11728591.0,26661.0,32764.0,6.0,-23.709,4.2287,5.7815,9.7577,12.44,10.0,12.29
274.4196,11729223.0,26665.0,34420.0,6.0,-23.709,4.2175,5.7974,9.7829,12.55,10.0,12.29
274.4518,11730170.0,26735.0,35325.0,6.0,-23.709,4.2006,6.0751,10.2127,12.24,10.0,12.29
274.4518,11731736.0,26715.0,33229.0,6.0,-23.709,4.1728,5.9958,10.0859,12.11,10.0,12.29
274.4518,11728753.0,26730.0,33458.0,6.0,-23.709,4.2258,6.0553,10.1803,12.03,10.0,12.29
274.4827,11734883.0,26694.0,33447.0,6.0,-23.916,4.1169,5.9124,9.9587,12.02,10.0,12.08
274.4827,11731437.0,26712.0,34617.0,6.0,-23.916,4.1781,5.9839,10.0678,12.0,10.0,12.08
274.4827,11731935.0,26706.0,35430.0,6.0,-23.916,4.1693,5.96,10.0314,12.01,10.0,12.08
274.5152,11732940.0,26729.0,35473.0,6.0,-23.916,4.1514,6.0513,10.1738,11.89,10.0,12.08
274.5152,11733227.0,26645.0,34942.0,6.0,-23.916,4.1463,5.718,9.6535,12.24,10.0,12.08
274.5152,11734316.0,26709.0,33779.0,6.0,-23.916,4.127,5.9719,10.0496,12.08,10.0,12.08
274.5477,11732188.0,26640.0,34369.0,6.0,-23.916,4.1648,5.6982,9.6203,12.41,10.0,12.08
274.5477,11733859.0,26646.0,34853.0,6.0,-23.916,4.1351,5.722,9.6601,12.53,10.0,12.08
274.5477,11734200.0,26713.0,34840.0,6.0,-23.916,4.1291,5.9878,10.0738,12.24,10.0,12.08
274.5637,11733642.0,26737.0,33949.0,6.0,-23.916,4.139,6.083,10.2257,11.98,10.0,12.08
274.5637,11734883.0,26693.0,33963.0,6.0,-23.916,4.1169,5.9085,9.9526,11.99,10.0,12.08
274.5637,11734883.0,26691.0,33678.0,6.0,-23.916,4.1169,5.9005,9.9405,12.01,10.0,12.08
274.5956,11733826.0,26709.0,34037.0,6.0,-24.103,4.1357,5.9719,10.0496,11.96,10.0,11.9
274.5956,11735135.0,26729.0,32211.0,6.0,-24.103,4.1125,6.0513,10.1738,11.82,10.0,11.9
274.5956,11733249.0,26771.0,34649.0,6.0,-24.103,4.1459,6.2179,10.4465,11.58,10.0,11.9
274.6326,11735860.0,26675.0,33260.0,6.0,-24.103,4.0996,5.837,9.8435,11.82,10.0,11.9
274.6326,11736049.0,26736.0,34326.0,6.0,-24.103,4.0963,6.0791,10.2192,11.68,10.0,11.9
274.6326,11737045.0,26753.0,34523.0,6.0,-24.103,4.0786,6.1465,10.3295,11.51,10.0,11.9
274.6551,11737551.0,26763.0,33842.0,6.0,-24.103,4.0696,6.1862,10.3943,11.36,10.0,11.9
274.6551,11735531.0,26703.0,32481.0,6.0,-24.103,4.1055,5.9481,10.0132,11.56,10.0,11.9
274.6551,11737578.0,26751.0,34028.0,6.0,-24.103,4.0691,6.1386,10.3165,11.44,10.0,11.9
274.6921,11740428.0,26612.0,35057.0,6.0,-24.272,4.0186,5.5871,9.4347,11.99,10.0,11.73
274.6921,11738295.0,26820.0,33751.0,6.0,-24.272,4.0564,6.4124,10.7661,11.42,10.0,11.73
274.6921,11738010.0,26615.0,34965.0,6.0,-24.272,4.0615,5.599,9.4546,12.02,10.0,11.73
274.7238,11737519.0,26680.0,34749.0,6.0,-24.272,4.0702,5.8569,9.8738,12.02,10.0,11.73
274.7238,11738307.0,26627.0,34173.0,6.0,-24.272,4.0562,5.6466,9.5341,12.3,10.0,11.73
274.7238,11741092.0,26724.0,33912.0,6.0,-24.272,4.0069,6.0315,10.1413,11.93,10.0,11.73
274.7425,11739632.0,26618.0,33316.0,6.0,-24.272,4.0327,5.6109,9.4745,12.27,10.0,11.73
274.7425,11740388.0,26680.0,34394.0,6.0,-24.272,4.0193,5.8569,9.8738,12.11,10.0,11.73
274.7425,11739513.0,26718.0,34894.0,6.0,-24.272,4.0348,6.0077,10.1041,11.87,10.0,11.73
274.7878,11742709.0,26619.0,33593.0,6.0,-24.416,3.9782,5.6149,9.4811,12.15,10.0,11.58
274.7878,11739760.0,26713.0,34196.0,6.0,-24.416,4.0305,5.9878,10.0738,11.91,10.0,11.58
274.7878,11740320.0,26722.0,33606.0,6.0,-24.416,4.0205,6.0235,10.1284,11.72,10.0,11.58
274.8071,11740105.0,26714.0,33335.0,6.0,-24.416,4.0243,5.9918,10.0799,11.65,10.0,11.58
274.8071,11742390.0,26769.0,34310.0,6.0,-24.416,3.9839,6.21,10.4335,11.33,10.0,11.58
274.8071,11743462.0,26693.0,34085.0,6.0,-24.416,3.9649,5.9085,9.9526,11.44,10.0,11.58
274.8346,11741684.0,26688.0,33993.0,6.0,-24.416,3.9964,5.8886,9.9223,11.55,10.0,11.58
274.8346,11741649.0,26686.0,34028.0,6.0,-24.416,3.997,5.8807,9.9102,11.63,10.0,11.58
274.8346,11741954.0,26730.0,33464.0,6.0,-24.416,3.9916,6.0553,10.1803,11.49,10.0,11.58
274.8663,11743417.0,26671.0,33639.0,6.0,-24.416,3.9657,5.8212,9.8193,11.62,10.0,11.58
274.8663,11743703.0,26716.0,34395.0,6.0,-24.416,3.9606,5.9997,10.092,11.51,10.0,11.58
274.8663,11744051.0,26733.0,33779.0,6.0,-24.416,3.9545,6.0672,10.1997,11.37,10.0,11.58
274.8985,11746072.0,26704.0,34302.0,6.0,-24.55,3.9187,5.9521,10.0193,11.37,10.0,11.45
274.8985,11744239.0,26698.0,33866.0,6.0,-24.55,3.9511,5.9283,9.9829,11.42,10.0,11.45
274.8985,11744402.0,26681.0,34376.0,6.0,-24.55,3.9482,5.8609,9.8799,11.52,10.0,11.45
274.9308,11745147.0,26721.0,33944.0,6.0,-24.55,3.9351,6.0196,10.1223,11.41,10.0,11.45
274.9308,11746404.0,26714.0,33618.0,6.0,-24.55,3.9128,5.9918,10.0799,11.34,10.0,11.45
274.9308,11743110.0,26700.0,33757.0,6.0,-24.55,3.9711,5.9362,9.995,11.42,10.0,11.45
274.9632,11745295.0,26700.0,33800.0,6.0,-24.55,3.9324,5.9362,9.995,11.43,10.0,11.45
274.9632,11744926.0,26688.0,34531.0,6.0,-24.55,3.939,5.8886,9.9223,11.49,10.0,11.45
274.9632,11745622.0,26649.0,33532.0,6.0,-24.55,3.9266,5.7339,9.68,11.68,10.0,11.45
274.9803,11746717.0,26647.0,33857.0,6.0,-24.55,3.9073,5.726,9.6667,11.79,10.0,11.45
274.9803,11744782.0,26696.0,34868.0,6.0,-24.55,3.9415,5.9204,9.9708,11.67,10.0,11.45
274.9803,11745918.0,26734.0,34539.0,6.0,-24.55,3.9214,6.0711,10.2062,11.43,10.0,11.45
275.0279,11745894.0,26760.0,32932.0,6.0,-24.681,3.9218,6.1743,10.3749,11.19,10.0,11.32
275.0279,11744836.0,26695.0,33711.0,6.0,-24.681,3.9406,5.9164,9.9647,11.31,10.0,11.32
275.0284,11744232.0,26728.0,33693.0,6.0,-24.681,3.9512,6.0473,10.1673,11.27,10.0,11.32
275.0452,11745235.0,26675.0,34055.0,6.0,-24.681,3.9335,5.837,9.8435,11.44,10.0,11.32
275.0452,11748840.0,26667.0,33191.0,6.0,-24.681,3.8697,5.8053,9.795,11.51,10.0,11.32
275.0452,11747689.0,26669.0,34264.0,6.0,-24.681,3.8901,5.8132,9.8072,11.56,10.0,11.32
275.0757,11748603.0,26734.0,33463.0,6.0,-24.681,3.8739,6.0711,10.2062,11.32,10.0,11.32
275.0757,11747104.0,26672.0,33623.0,6.0,-24.681,3.9004,5.8251,9.8253,11.45,10.0,11.32
275.0757,11749174.0,26702.0,33238.0,6.0,-24.681,3.8638,5.9442,10.0072,11.37,10.0,11.32
275.1094,11752723.0,26692.0,33692.0,6.0,-24.681,3.8011,5.9045,9.9466,11.3,10.0,11.32
275.1094,11748006.0,26686.0,33540.0,6.0,-24.681,3.8845,5.8807,9.9102,11.36,10.0,11.32
275.1094,11746943.0,26666.0,34181.0,6.0,-24.681,3.9033,5.8013,9.789,11.5,10.0,11.32
275.1429,11749307.0,26659.0,34140.0,6.0,-24.775,3.8615,5.7736,9.7451,11.57,10.0,11.23
275.1429,11748904.0,26659.0,35162.0,6.0,-24.775,3.8686,5.7736,9.7451,11.62,10.0,11.23
275.1429,11748665.0,26686.0,32956.0,6.0,-24.775,3.8728,5.8807,9.9102,11.54,10.0,11.23
275.1707,11747785.0,26711.0,34408.0,6.0,-24.775,3.8884,5.9799,10.0617,11.41,10.0,11.23
275.1707,11748413.0,26732.0,33784.0,6.0,-24.775,3.8773,6.0632,10.1932,11.24,10.0,11.23
275.1707,11748982.0,26724.0,34526.0,6.0,-24.775,3.8672,6.0315,10.1413,11.16,10.0,11.23
275.2025,11748897.0,26720.0,33705.0,6.0,-24.775,3.8687,6.0156,10.1162,11.13,10.0,11.23
275.2025,11748370.0,26673.0,34013.0,6.0,-24.775,3.878,5.8291,9.8314,11.31,10.0,11.23
275.2025,11757331.0,26712.0,33540.0,6.0,-24.775,3.7198,5.9839,10.0678,11.11,10.0,11.23
275.2364,11751318.0,26682.0,33778.0,6.0,-24.859,3.8259,5.8648,9.8859,11.21,10.0,11.14
275.2364,11750883.0,26710.0,33632.0,6.0,-24.859,3.8336,5.9759,10.0556,11.16,10.0,11.14
275.2364,11751116.0,26721.0,34485.0,6.0,-24.859,3.8295,6.0196,10.1223,11.09,10.0,11.14
275.2664,11749565.0,26661.0,33626.0,6.0,-24.859,3.8569,5.7815,9.7577,11.31,10.0,11.14
275.2664,11752568.0,26656.0,34284.0,6.0,-24.859,3.8038,5.7617,9.726,11.41,10.0,11.14
275.2683,11749749.0,26751.0,34320.0,6.0,-24.859,3.8537,6.1386,10.3165,11.15,10.0,11.14
275.2984,11751206.0,26722.0,34849.0,6.0,-24.859,3.8279,6.0235,10.1284,11.08,10.0,11.14
275.2984,11751513.0,26621.0,35158.0,6.0,-24.859,3.8225,5.6228,9.4943,11.46,10.0,11.14
275.2984,11752095.0,26705.0,35728.0,6.0,-24.859,3.8122,5.9561,10.0253,11.31,10.0,11.14
275.3147,11754051.0,26711.0,34428.0,6.0,-24.859,3.7776,5.9799,10.0617,11.17,10.0,11.14
275.3147,11752143.0,26697.0,34197.0,6.0,-24.859,3.8113,5.9243,9.9769,11.17,10.0,11.14
275.3147,11752431.0,26612.0,33940.0,6.0,-24.859,3.8063,5.5871,9.4347,11.54,10.0,11.14
275.3466,11751197.0,26746.0,34110.0,6.0,-24.922,3.8281,6.1188,10.2841,11.22,10.0,11.08
275.3466,11751580.0,26660.0,32353.0,6.0,-24.922,3.8213,5.7775,9.7514,11.36,10.0,11.08
275.3466,11751335.0,26689.0,34170.0,6.0,-24.922,3.8256,5.8926,9.9284,11.33,10.0,11.08
275.3789,11757331.0,26706.0,33555.0,6.0,-24.922,3.7198,5.96,10.0314,11.14,10.0,11.08
275.3789,11751997.0,26750.0,33318.0,6.0,-24.922,3.8139,6.1346,10.31,10.96,10.0,11.08
275.3789,11755157.0,26760.0,33650.0,6.0,-24.922,3.7581,6.1743,10.3749,10.77,10.0,11.08
275.4118,11754167.0,26696.0,33468.0,6.0,-24.922,3.7756,5.9204,9.9708,10.9,10.0,11.08
275.4131,11753298.0,26747.0,34364.0,6.0,-24.922,3.7909,6.1227,10.2906,10.8,10.0,11.08
275.4131,11753658.0,26655.0,34567.0,6.0,-24.922,3.7846,5.7577,9.7196,11.09,10.0,11.08
275.4507,11752456.0,26703.0,34450.0,6.0,-24.922,3.8058,5.9481,10.0132,11.09,10.0,11.08
275.4507,11752579.0,26784.0,34889.0,6.0,-24.922,3.8036,6.2695,10.5313,10.81,10.0,11.08
275.4507,11752446.0,26690.0,33613.0,6.0,-24.922,3.806,5.8966,9.9344,10.98,10.0,11.08
275.4796,11752433.0,26661.0,34182.0,6.0,-24.969,3.8062,5.7815,9.7577,11.19,10.0,11.03
275.4796,11757752.0,26685.0,34193.0,6.0,-24.969,3.7123,5.8767,9.9041,11.13,10.0,11.03
275.4796,11752766.0,26701.0,34623.0,6.0,-24.969,3.8003,5.9402,10.0011,11.12,10.0,11.03
275.4927,11755183.0,26725.0,34011.0,6.0,-24.969,3.7577,6.0354,10.1478,10.99,10.0,11.03
275.4927,11754213.0,26651.0,34658.0,6.0,-24.969,3.7748,5.7418,9.6933,11.21,10.0,11.03
275.4927,11753794.0,26636.0,34247.0,6.0,-24.969,3.7822,5.6823,9.5938,11.41,10.0,11.03
275.525,11755122.0,26680.0,34044.0,6.0,-24.969,3.7587,5.8569,9.8738,11.33,10.0,11.03
275.525,11753911.0,26766.0,34404.0,6.0,-24.969,3.7801,6.1981,10.4139,10.99,10.0,11.03
275.525,11753146.0,26668.0,33962.0,6.0,-24.969,3.7936,5.8093,9.8011,11.16,10.0,11.03
275.5574,11752439.0,26695.0,34504.0,6.0,-24.969,3.8061,5.9164,9.9647,11.16,10.0,11.03
275.5574,11753648.0,26638.0,35685.0,6.0,-24.969,3.7848,5.6902,9.6071,11.38,10.0,11.03
275.5574,11754347.0,26657.0,33221.0,6.0,-24.969,3.7724,5.7656,9.7324,11.42,10.0,11.03
275.5875,11757099.0,26655.0,33442.0,6.0,-24.994,3.7238,5.7577,9.7196,11.39,10.0,11.01
275.5875,11754869.0,26735.0,34332.0,6.0,-24.994,3.7632,6.0751,10.2127,11.12,10.0,11.01
275.5875,11753956.0,26705.0,33458.0,6.0,-24.994,3.7793,5.9561,10.0253,11.08,10.0,11.01
275.6193,11754456.0,26732.0,33758.0,6.0,-24.994,3.7705,6.0632,10.1932,10.95,10.0,11.01
275.6193,11754891.0,26665.0,34329.0,6.0,-24.994,3.7628,5.7974,9.7829,11.11,10.0,11.01
275.6193,11752723.0,26718.0,35024.0,6.0,-24.994,3.8011,6.0077,10.1041,11.04,10.0,11.01
275.6526,11752412.0,26682.0,34591.0,6.0,-24.994,3.8066,5.8648,9.8859,11.15,10.0,11.01
275.6526,11753957.0,26589.0,34013.0,6.0,-24.994,3.7793,5.4958,9.2822,11.62,10.0,11.01
275.6526,11753563.0,26713.0,35446.0,6.0,-24.994,3.7863,5.9878,10.0738,11.36,10.0,11.01
275.6832,11754059.0,26647.0,34351.0,6.0,-25.0,3.7775,5.726,9.6667,11.45,10.0,11.0
275.6832,11755838.0,26678.0,34075.0,6.0,-25.0,3.7461,5.849,9.8617,11.35,10.0,11.0
275.6832,11755882.0,26732.0,34355.0,6.0,-25.0,3.7453,6.0632,10.1932,11.09,10.0,11.0
275.7149,11754591.0,26681.0,33480.0,6.0,-25.0,3.7681,5.8609,9.8799,11.14,10.0,11.0
275.7149,11754258.0,26606.0,33661.0,6.0,-25.0,3.774,5.5633,9.3949,11.51,10.0,11.0
275.7149,11754086.0,26643.0,34628.0,6.0,-25.0,3.777,5.7101,9.6402,11.56,10.0,11.0
275.7462,11757412.0,26656.0,34946.0,6.0,-25.0,3.7183,5.7617,9.726,11.47,10.0,11.0
275.7462,11755122.0,26636.0,35443.0,6.0,-25.0,3.7587,5.6823,9.5938,11.55,10.0,11.0
275.7462,11754222.0,26682.0,33880.0,6.0,-25.0,3.7746,5.8648,9.8859,11.42,10.0,11.0
275.7792,11753813.0,26683.0,34162.0,6.0,-25.0,3.7818,5.8688,9.892,11.34,10.0,11.0
275.7792,11754302.0,26660.0,33773.0,6.0,-25.0,3.7732,5.7775,9.7514,11.38,10.0,11.0
275.7792,11755666.0,26706.0,34348.0,6.0,-25.0,3.7491,5.96,10.0314,11.2,10.0,11.0
275.7954,11754818.0,26695.0,33933.0,6.0,-25.0,3.7641,5.9164,9.9647,11.15,10.0,11.0
275.7954,11755211.0,26702.0,33334.0,6.0,-25.0,3.7572,5.9442,10.0072,11.09,10.0,11.0
275.7954,11754132.0,26733.0,33688.0,6.0,-25.0,3.7762,6.0672,10.1997,10.95,10.0,11.0
275.8278,11754855.0,26674.0,34462.0,6.0,-25.0,3.7635,5.8331,9.8375,11.08,10.0,11.0
275.8278,11753060.0,26743.0,35083.0,6.0,-25.0,3.7951,6.1068,10.2646,10.93,10.0,11.0
275.8278,11757370.0,26672.0,34065.0,6.0,-25.0,3.7191,5.8251,9.8253,11.03,10.0,11.0
275.8614,11753911.0,26695.0,33359.0,6.0,-25.0,3.7801,5.9164,9.9647,11.06,10.0,11.0
275.8614,11752866.0,26759.0,34675.0,6.0,-25.0,3.7986,6.1703,10.3684,10.87,10.0,11.0
275.8614,11754140.0,26662.0,34114.0,6.0,-25.0,3.7761,5.7855,9.764,11.09,10.0,11.0
275.8917,11753669.0,26717.0,35413.0,6.0,-25.0,3.7844,6.0037,10.0981,11.02,10.0,11.0
275.8917,11757147.0,26733.0,35012.0,6.0,-25.0,3.723,6.0672,10.1997,10.87,10.0,11.0
275.8917,11755156.0,26666.0,32884.0,6.0,-25.0,3.7581,5.8013,9.789,11.06,10.0,11.0
275.9244,11755457.0,26681.0,33440.0,6.0,-25.0,3.7528,5.8609,9.8799,11.11,10.0,11.0
275.9244,11753828.0,26727.0,33806.0,6.0,-25.0,3.7816,6.0434,10.1608,10.99,10.0,11.0
275.9244,11754573.0,26702.0,34599.0,6.0,-25.0,3.7684,5.9442,10.0072,11.0,10.0,11.0
275.9562,11754152.0,26702.0,36143.0,6.0,-25.0,3.7759,5.9442,10.0072,11.02,10.0,11.0
275.9562,11752113.0,26686.0,33537.0,6.0,-25.0,3.8119,5.8807,9.9102,11.12,10.0,11.0
275.9562,11753574.0,26685.0,34899.0,6.0,-25.0,3.7861,5.8767,9.9041,11.16,10.0,11.0
275.9882,11753003.0,26630.0,33992.0,6.0,-25.0,3.7962,5.6585,9.554,11.43,10.0,11.0
275.9882,11754546.0,26648.0,33513.0,6.0,-25.0,3.7689,5.7299,9.6734,11.48,10.0,11.0
275.9882,11753881.0,26670.0,34345.0,6.0,-25.0,3.7806,5.8172,9.8132,11.43,10.0,11.0
276.0041,11756297.0,26699.0,34387.0,6.0,-25.0,3.738,5.9323,9.989,11.25,10.0,11.0
276.0041,11754901.0,26641.0,34214.0,6.0,-25.0,3.7626,5.7021,9.627,11.4,10.0,11.0
276.0041,11754825.0,26666.0,34933.0,6.0,-25.0,3.764,5.8013,9.789,11.38,10.0,11.0
276.0361,11755941.0,26699.0,34597.0,6.0,-25.0,3.7443,5.9323,9.989,11.22,10.0,11.0
276.0361,11756297.0,26679.0,34486.0,6.0,-25.0,3.738,5.8529,9.8678,11.2,10.0,11.0
276.0361,11754230.0,26706.0,33518.0,6.0,-25.0,3.7745,5.96,10.0314,11.12,10.0,11.0
276.0683,11754012.0,26719.0,33080.0,6.0,-25.0,3.7783,6.0116,10.1102,11.02,10.0,11.0
276.0683,11753652.0,26763.0,34182.0,6.0,-25.0,3.7847,6.1862,10.3943,10.82,10.0,11.0
276.0683,11754005.0,26673.0,34395.0,6.0,-25.0,3.7785,5.8291,9.8314,11.02,10.0,11.0
276.1001,11756769.0,26672.0,33832.0,6.0,-25.0,3.7297,5.8251,9.8253,11.1,10.0,11.0
276.1001,11757147.0,26660.0,34306.0,6.0,-25.0,3.723,5.7775,9.7514,11.18,10.0,11.0
276.1001,11754012.0,26711.0,33153.0,6.0,-25.0,3.7783,5.9799,10.0617,11.09,10.0,11.0
276.1339,11755220.0,26683.0,33437.0,6.0,-25.0,3.757,5.8688,9.892,11.12,10.0,11.0
276.1339,11754921.0,26719.0,34445.0,6.0,-25.0,3.7623,6.0116,10.1102,11.01,10.0,11.0
276.1339,11756084.0,26746.0,33778.0,6.0,-25.0,3.7418,6.1188,10.2841,10.84,10.0,11.0
276.1654,11754546.0,26684.0,34033.0,6.0,-25.0,3.7689,5.8728,9.8981,10.98,10.0,11.0
276.1654,11752398.0,26728.0,33585.0,6.0,-25.0,3.8068,6.0473,10.1673,10.93,10.0,11.0
276.1654,11752920.0,26727.0,34760.0,6.0,-25.0,3.7976,6.0434,10.1608,10.9,10.0,11.0
276.197,11752900.0,26712.0,33858.0,6.0,-25.0,3.798,5.9839,10.0678,10.94,10.0,11.0
276.197,11752683.0,26735.0,34290.0,6.0,-25.0,3.8018,6.0751,10.2127,10.88,10.0,11.0
276.197,11753979.0,26720.0,34991.0,6.0,-25.0,3.7789,6.0156,10.1162,10.88,10.0,11.0
276.2168,11755072.0,26697.0,34488.0,6.0,-25.0,3.7596,5.9243,9.9769,10.94,10.0,11.0
276.2168,11753979.0,26748.0,35016.0,6.0,-25.0,3.7789,6.1267,10.297,10.82,10.0,11.0
276.2168,11754211.0,26680.0,33655.0,6.0,-25.0,3.7748,5.8569,9.8738,10.99,10.0,11.0
276.2608,11754925.0,26640.0,33765.0,6.0,-25.0,3.7622,5.6982,9.6203,11.24,10.0,11.0
276.2608,11754059.0,26727.0,33216.0,6.0,-25.0,3.7775,6.0434,10.1608,11.07,10.0,11.0
276.2608,11757660.0,26712.0,34520.0,6.0,-25.0,3.7139,5.9839,10.0678,10.96,10.0,11.0
276.2768,11754012.0,26696.0,34177.0,6.0,-25.0,3.7783,5.9204,9.9708,11.02,10.0,11.0
276.2768,11752895.0,26665.0,34595.0,6.0,-25.0,3.7981,5.7974,9.7829,11.19,10.0,11.0
276.2768,11753016.0,26736.0,35169.0,6.0,-25.0,3.7959,6.0791,10.2192,11.02,10.0,11.0
276.3101,11754546.0,26621.0,34910.0,6.0,-25.0,3.7689,5.6228,9.4943,11.36,10.0,11.0
276.3101,11755570.0,26693.0,34180.0,6.0,-25.0,3.7508,5.9085,9.9526,11.24,10.0,11.0
276.3101,11754152.0,26639.0,34942.0,6.0,-25.0,3.7759,5.6942,9.6137,11.41,10.0,11.0
276.3408,11753684.0,26706.0,33642.0,6.0,-25.0,3.7841,5.96,10.0314,11.26,10.0,11.0
276.3408,11753862.0,26698.0,33817.0,6.0,-25.0,3.781,5.9283,9.9829,11.19,10.0,11.0
276.3408,11754356.0,26694.0,33236.0,6.0,-25.0,3.7723,5.9124,9.9587,11.15,10.0,11.0
276.3719,11753588.0,26660.0,34858.0,6.0,-25.0,3.7858,5.7775,9.7514,11.28,10.0,11.0
276.3719,11760385.0,26675.0,33955.0,6.0,-25.0,3.6659,5.837,9.8435,11.18,10.0,11.0
276.3719,11755219.0,26684.0,32877.0,6.0,-25.0,3.757,5.8728,9.8981,11.17,10.0,11.0
276.4038,11753869.0,26725.0,34085.0,6.0,-25.0,3.7809,6.0354,10.1478,11.04,10.0,11.0
276.4038,11755225.0,26740.0,34165.0,6.0,-25.0,3.7569,6.0949,10.2451,10.88,10.0,11.0
276.4038,11754969.0,26703.0,34246.0,6.0,-25.0,3.7614,5.9481,10.0132,10.93,10.0,11.0
276.4359,11760434.0,26725.0,33633.0,6.0,-25.0,3.665,6.0354,10.1478,10.79,10.0,11.0
276.4359,11752766.0,26706.0,34062.0,6.0,-25.0,3.8003,5.96,10.0314,10.9,10.0,11.0
276.4359,11754669.0,26727.0,34754.0,6.0,-25.0,3.7667,6.0434,10.1608,10.85,10.0,11.0
276.4518,11754189.0,26725.0,33072.0,6.0,-25.0,3.7752,6.0354,10.1478,10.84,10.0,11.0
276.4518,11753307.0,26716.0,34100.0,6.0,-25.0,3.7908,5.9997,10.092,10.88,10.0,11.0
276.4518,11756297.0,26642.0,34489.0,6.0,-25.0,3.738,5.7061,9.6336,11.15,10.0,11.0
276.4842,11755259.0,26728.0,34419.0,6.0,-25.0,3.7563,6.0473,10.1673,10.99,10.0,11.0
276.4842,11753484.0,26632.0,34320.0,6.0,-25.0,3.7877,5.6664,9.5673,11.31,10.0,11.0
276.4842,11753761.0,26700.0,34386.0,6.0,-25.0,3.7828,5.9362,9.995,11.21,10.0,11.0
276.5155,11750744.0,26743.0,34140.0,6.0,-25.0,3.8361,6.1068,10.2646,11.04,10.0,11.0
276.5155,11753658.0,26619.0,33701.0,6.0,-25.0,3.7846,5.6149,9.4811,11.4,10.0,11.0
276.5155,11756297.0,26680.0,35687.0,6.0,-25.0,3.738,5.8569,9.8738,11.3,10.0,11.0
276.548,11754967.0,26705.0,35262.0,6.0,-25.0,3.7615,5.9561,10.0253,11.17,10.0,11.0
276.548,11754904.0,26682.0,33359.0,6.0,-25.0,3.7626,5.8648,9.8859,11.18,10.0,11.0
276.548,11753675.0,26671.0,33761.0,6.0,-25.0,3.7843,5.8212,9.8193,11.25,10.0,11.0
276.5799,11754302.0,26696.0,32007.0,6.0,-25.0,3.7732,5.9204,9.9708,11.18,10.0,11.0
276.5799,11759874.0,26658.0,32433.0,6.0,-25.0,3.6749,5.7696,9.7388,11.2,10.0,11.0
276.5799,11755458.0,26622.0,34407.0,6.0,-25.0,3.7528,5.6268,9.501,11.44,10.0,11.0
276.6168,11753957.0,26691.0,35467.0,6.0,-25.0,3.7793,5.9005,9.9405,11.32,10.0,11.0
276.6168,11753563.0,26716.0,35546.0,6.0,-25.0,3.7863,5.9997,10.092,11.17,10.0,11.0
276.6168,11754059.0,26690.0,34588.0,6.0,-25.0,3.7775,5.8966,9.9344,11.16,10.0,11.0
276.6517,11755838.0,26722.0,34289.0,6.0,-25.0,3.7461,6.0235,10.1284,11.01,10.0,11.0
276.6517,11754012.0,26687.0,33597.0,6.0,-25.0,3.7783,5.8847,9.9163,11.08,10.0,11.0
276.6517,11754097.0,26718.0,33124.0,6.0,-25.0,3.7768,6.0077,10.1041,11.0,10.0,11.0
276.6766,11753469.0,26714.0,34207.0,6.0,-25.0,3.7879,5.9918,10.0799,10.98,10.0,11.0
276.6766,11754977.0,26749.0,34356.0,6.0,-25.0,3.7613,6.1307,10.3035,10.82,10.0,11.0
276.6766,11752248.0,26696.0,34155.0,6.0,-25.0,3.8095,5.9204,9.9708,10.96,10.0,11.0
276.7139,11758556.0,26685.0,34185.0,6.0,-25.0,3.6981,5.8767,9.9041,10.98,10.0,11.0
276.7139,11753552.0,26723.0,34332.0,6.0,-25.0,3.7865,6.0275,10.1348,10.94,10.0,11.0
276.7139,11752970.0,26720.0,34231.0,6.0,-25.0,3.7967,6.0156,10.1162,10.93,10.0,11.0
276.732,11754329.0,26737.0,34171.0,6.0,-25.0,3.7727,6.083,10.2257,10.84,10.0,11.0
276.732,11753233.0,26723.0,34272.0,6.0,-25.0,3.7921,6.0275,10.1348,10.86,10.0,11.0
276.732,11758391.0,26667.0,33115.0,6.0,-25.0,3.7011,5.8053,9.795,10.99,10.0,11.0
276.7564,11753176.0,26724.0,33823.0,6.0,-25.0,3.7931,6.0315,10.1413,10.94,10.0,11.0
276.7564,11754957.0,26680.0,33678.0,6.0,-25.0,3.7616,5.8569,9.8738,11.05,10.0,11.0
276.7564,11754699.0,26726.0,33279.0,6.0,-25.0,3.7662,6.0394,10.1543,10.95,10.0,11.0
276.7886,11754192.0,26719.0,34309.0,6.0,-25.0,3.7752,6.0116,10.1102,10.92,10.0,11.0
276.7886,11755790.0,26742.0,34579.0,6.0,-25.0,3.7469,6.1029,10.2581,10.8,10.0,11.0
276.7886,11752143.0,26739.0,33068.0,6.0,-25.0,3.8113,6.091,10.2387,10.79,10.0,11.0
276.8206,11753796.0,26740.0,32884.0,6.0,-25.0,3.7821,6.0949,10.2451,10.75,10.0,11.0
276.8206,11753216.0,26733.0,32548.0,6.0,-25.0,3.7924,6.0672,10.1997,10.77,10.0,11.0
276.8206,11753530.0,26709.0,33995.0,6.0,-25.0,3.7868,5.9719,10.0496,10.86,10.0,11.0
276.8525,11754302.0,26708.0,34875.0,6.0,-25.0,3.7732,5.968,10.0435,10.9,10.0,11.0
276.8525,11753389.0,26704.0,32490.0,6.0,-25.0,3.7893,5.9521,10.0193,10.96,10.0,11.0
276.8525,11753598.0,26674.0,32582.0,6.0,-25.0,3.7856,5.8331,9.8375,11.11,10.0,11.0
276.8843,11753009.0,26635.0,33966.0,6.0,-25.0,3.796,5.6783,9.5872,11.37,10.0,11.0
276.8843,11755680.0,26747.0,34198.0,6.0,-25.0,3.7489,6.1227,10.2906,11.06,10.0,11.0
276.8843,11755637.0,26660.0,34674.0,6.0,-25.0,3.7496,5.7775,9.7514,11.18,10.0,11.0
276.9171,11760464.0,26749.0,33454.0,6.0,-25.0,3.6645,6.1307,10.3035,10.87,10.0,11.0
276.9171,11753871.0,26750.0,33441.0,6.0,-25.0,3.7808,6.1346,10.31,10.77,10.0,11.0
276.9171,11754225.0,26637.0,33040.0,6.0,-25.0,3.7746,5.6863,9.6004,11.14,10.0,11.0
276.9492,11753709.0,26734.0,34053.0,6.0,-25.0,3.7837,6.0711,10.2062,10.99,10.0,11.0
276.9492,11754069.0,26670.0,34166.0,6.0,-25.0,3.7773,5.8172,9.8132,11.13,10.0,11.0
276.9492,11755729.0,26743.0,33474.0,6.0,-25.0,3.748,6.1068,10.2646,10.92,10.0,11.0
276.9661,11753490.0,26696.0,33268.0,6.0,-25.0,3.7876,5.9204,9.9708,11.0,10.0,11.0
276.9661,11753604.0,26687.0,33451.0,6.0,-25.0,3.7855,5.8847,9.9163,11.08,10.0,11.0
276.9661,11754792.0,26739.0,34202.0,6.0,-25.0,3.7646,6.091,10.2387,10.92,10.0,11.0
276.9973,11755815.0,26722.0,34443.0,6.0,-25.0,3.7465,6.0235,10.1284,10.87,10.0,11.0
276.9973,11756297.0,26731.0,33413.0,6.0,-25.0,3.738,6.0592,10.1867,10.79,10.0,11.0
276.9973,11754012.0,26673.0,33136.0,6.0,-25.0,3.7783,5.8291,9.8314,11.0,10.0,11.0
277.0289,11753901.0,26641.0,34993.0,6.0,-25.0,3.7803,5.7021,9.627,11.27,10.0,11.0
277.0289,11754603.0,26693.0,34327.0,6.0,-25.0,3.7679,5.9085,9.9526,11.2,10.0,11.0
277.0289,11754362.0,26728.0,34469.0,6.0,-25.0,3.7722,6.0473,10.1673,11.04,10.0,11.0
277.0624,11755238.0,26700.0,34073.0,6.0,-25.0,3.7567,5.9362,9.995,11.03,10.0,11.0
277.0624,11753339.0,26727.0,33442.0,6.0,-25.0,3.7902,6.0434,10.1608,10.95,10.0,11.0
277.0624,11754491.0,26646.0,33845.0,6.0,-25.0,3.7699,5.722,9.6601,11.2,10.0,11.0
277.0935,11754302.0,26702.0,33375.0,6.0,-25.0,3.7732,5.9442,10.0072,11.13,10.0,11.0
277.0935,11755329.0,26735.0,34283.0,6.0,-25.0,3.7551,6.0751,10.2127,10.95,10.0,11.0
277.0935,11755994.0,26713.0,33362.0,6.0,-25.0,3.7433,5.9878,10.0738,10.92,10.0,11.0
277.1321,11756297.0,26714.0,34071.0,6.0,-25.0,3.738,5.9918,10.0799,10.89,10.0,11.0
277.1321,11756513.0,26664.0,34068.0,6.0,-25.0,3.7342,5.7934,9.7766,11.05,10.0,11.0
277.1321,11752801.0,26646.0,34786.0,6.0,-25.0,3.7997,5.722,9.6601,11.29,10.0,11.0
277.1574,11753805.0,26735.0,34686.0,6.0,-25.0,3.782,6.0751,10.2127,11.08,10.0,11.0
277.1574,11757618.0,26667.0,33638.0,6.0,-25.0,3.7147,5.8053,9.795,11.13,10.0,11.0
277.1574,11753729.0,26692.0,33188.0,6.0,-25.0,3.7833,5.9045,9.9466,11.14,10.0,11.0
277.19,11753911.0,26700.0,33323.0,6.0,-25.0,3.7801,5.9362,9.995,11.11,10.0,11.0
277.19,11754915.0,26676.0,33662.0,6.0,-25.0,3.7624,5.841,9.8496,11.17,10.0,11.0
277.19,11755645.0,26752.0,34573.0,6.0,-25.0,3.7495,6.1426,10.323,10.92,10.0,11.0
277.2075,11756532.0,26792.0,34096.0,6.0,-25.0,3.7338,6.3013,10.5835,10.63,10.0,11.0
277.2075,11757541.0,26644.0,34753.0,6.0,-25.0,3.716,5.714,9.6468,10.96,10.0,11.0
277.2075,11754012.0,26739.0,32885.0,6.0,-25.0,3.7783,6.091,10.2387,10.86,10.0,11.0
277.2375,11754286.0,26723.0,33279.0,6.0,-25.0,3.7735,6.0275,10.1348,10.85,10.0,11.0
277.2375,11753120.0,26697.0,33240.0,6.0,-25.0,3.7941,5.9243,9.9769,10.96,10.0,11.0
277.2375,11754623.0,26719.0,34323.0,6.0,-25.0,3.7675,6.0116,10.1102,10.92,10.0,11.0
277.2692,11754255.0,26615.0,34606.0,6.0,-25.0,3.774,5.599,9.4546,11.34,10.0,11.0
277.2692,11758123.0,26707.0,33587.0,6.0,-25.0,3.7058,5.964,10.0375,11.13,10.0,11.0
277.2692,11754847.0,26741.0,33580.0,6.0,-25.0,3.7636,6.0989,10.2516,10.94,10.0,11.0
277.3011,11754341.0,26669.0,34349.0,6.0,-25.0,3.7725,5.8132,9.8072,11.1,10.0,11.0
277.3011,11754040.0,26702.0,34316.0,6.0,-25.0,3.7778,5.9442,10.0072,11.08,10.0,11.0
277.3011,11755146.0,26658.0,34296.0,6.0,-25.0,3.7583,5.7696,9.7388,11.21,10.0,11.0
277.3326,11753881.0,26699.0,34532.0,6.0,-25.0,3.7806,5.9323,9.989,11.16,10.0,11.0
277.3326,11753876.0,26722.0,33677.0,6.0,-25.0,3.7807,6.0235,10.1284,11.04,10.0,11.0
277.3326,11754338.0,26663.0,33681.0,6.0,-25.0,3.7726,5.7894,9.7703,11.18,10.0,11.0
277.3647,11758189.0,26675.0,34336.0,6.0,-25.0,3.7046,5.837,9.8435,11.16,10.0,11.0
277.3647,11755538.0,26673.0,34903.0,6.0,-25.0,3.7514,5.8291,9.8314,11.2,10.0,11.0
277.3647,11757262.0,26623.0,33352.0,6.0,-25.0,3.721,5.6307,9.5076,11.4,10.0,11.0
277.3976,11757024.0,26679.0,34315.0,6.0,-25.0,3.7252,5.8529,9.8678,11.3,10.0,11.0
277.3976,11754424.0,26727.0,33236.0,6.0,-25.0,3.7711,6.0434,10.1608,11.1,10.0,11.0
277.3976,11755645.0,26675.0,33861.0,6.0,-25.0,3.7495,5.837,9.8435,11.15,10.0,11.0
277.4301,11755122.0,26631.0,32945.0,6.0,-25.0,3.7587,5.6625,9.5606,11.38,10.0,11.0
277.4301,11756297.0,26718.0,33741.0,6.0,-25.0,3.738,6.0077,10.1041,11.15,10.0,11.0
277.4301,11753389.0,26721.0,32822.0,6.0,-25.0,3.7893,6.0196,10.1223,11.05,10.0,11.0
277.4512,11753669.0,26735.0,34466.0,6.0,-25.0,3.7844,6.0751,10.2127,10.93,10.0,11.0
277.4512,11754921.0,26713.0,34380.0,6.0,-25.0,3.7623,5.9878,10.0738,10.92,10.0,11.0
277.4512,11753530.0,26709.0,33633.0,6.0,-25.0,3.7868,5.9719,10.0496,10.95,10.0,11.0
277.4827,11756297.0,26733.0,33950.0,6.0,-25.0,3.738,6.0672,10.1997,10.84,10.0,11.0
277.4827,11758248.0,26733.0,33089.0,6.0,-25.0,3.7036,6.0672,10.1997,10.74,10.0,11.0
277.4827,11753704.0,26703.0,34358.0,6.0,-25.0,3.7838,5.9481,10.0132,10.86,10.0,11.0
277.5105,11753173.0,26674.0,33895.0,6.0,-25.0,3.7932,5.8331,9.8375,11.06,10.0,11.0
277.5105,11753604.0,26683.0,33871.0,6.0,-25.0,3.7855,5.8688,9.892,11.13,10.0,11.0
277.5105,11752723.0,26705.0,33923.0,6.0,-25.0,3.8011,5.9561,10.0253,11.1,10.0,11.0
277.5422,11753658.0,26726.0,32781.0,6.0,-25.0,3.7846,6.0394,10.1543,11.0,10.0,11.0
277.5422,11754376.0,26670.0,34385.0,6.0,-25.0,3.7719,5.8172,9.8132,11.13,10.0,11.0
277.5422,11754172.0,26674.0,33735.0,6.0,-25.0,3.7755,5.8331,9.8375,11.2,10.0,11.0
277.5744,11755064.0,26658.0,32573.0,6.0,-25.0,3.7598,5.7696,9.7388,11.29,10.0,11.0
277.5744,11754993.0,26671.0,33910.0,6.0,-25.0,3.761,5.8212,9.8193,11.29,10.0,11.0
277.5744,11754792.0,26685.0,33821.0,6.0,-25.0,3.7646,5.8767,9.9041,11.24,10.0,11.0
277.6064,11753389.0,26670.0,33713.0,6.0,-25.0,3.7893,5.8172,9.8132,11.29,10.0,11.0
277.6064,11753675.0,26623.0,33405.0,6.0,-25.0,3.7843,5.6307,9.5076,11.53,10.0,11.0
277.6064,11752243.0,26632.0,33569.0,6.0,-25.0,3.8096,5.6664,9.5673,11.66,10.0,11.0
277.6251,11754462.0,26708.0,34048.0,6.0,-25.0,3.7704,5.968,10.0435,11.38,10.0,11.0
277.6251,11753530.0,26658.0,34170.0,6.0,-25.0,3.7868,5.7696,9.7388,11.42,10.0,11.0
277.6251,11754534.0,26670.0,34698.0,6.0,-25.0,3.7691,5.8172,9.8132,11.38,10.0,11.0
277.6694,11754661.0,26707.0,33990.0,6.0,-25.0,3.7669,5.964,10.0375,11.22,10.0,11.0
277.6694,11754364.0,26652.0,34782.0,6.0,-25.0,3.7721,5.7458,9.6999,11.34,10.0,11.0
277.6694,11752817.0,26657.0,33952.0,6.0,-25.0,3.7994,5.7656,9.7324,11.42,10.0,11.0
277.6863,11754987.0,26711.0,34453.0,6.0,-25.0,3.7611,5.9799,10.0617,11.22,10.0,11.0
277.6863,11757917.0,26672.0,34562.0,6.0,-25.0,3.7094,5.8251,9.8253,11.19,10.0,11.0
277.6863,11755086.0,26714.0,33598.0,6.0,-25.0,3.7594,5.9918,10.0799,11.07,10.0,11.0
277.721,11755054.0,26664.0,33976.0,6.0,-25.0,3.7599,5.7934,9.7766,11.19,10.0,11.0
277.721,11755000.0,26713.0,33947.0,6.0,-25.0,3.7609,5.9878,10.0738,11.07,10.0,11.0
277.721,11753203.0,26693.0,34688.0,6.0,-25.0,3.7926,5.9085,9.9526,11.11,10.0,11.0
277.75,11757457.0,26661.0,33564.0,6.0,-25.0,3.7175,5.7815,9.7577,11.18,10.0,11.0
277.75,11755775.0,26686.0,34203.0,6.0,-25.0,3.7472,5.8807,9.9102,11.16,10.0,11.0
277.75,11754230.0,26735.0,34173.0,6.0,-25.0,3.7745,6.0751,10.2127,10.99,10.0,11.0
277.7817,11755790.0,26707.0,33437.0,6.0,-25.0,3.7469,5.964,10.0375,10.96,10.0,11.0
277.7817,11754336.0,26681.0,33880.0,6.0,-25.0,3.7726,5.8609,9.8799,11.07,10.0,11.0
277.7817,11755853.0,26678.0,34403.0,6.0,-25.0,3.7458,5.849,9.8617,11.12,10.0,11.0
277.8144,11753389.0,26742.0,34305.0,6.0,-25.0,3.7893,6.1029,10.2581,10.95,10.0,11.0
277.8144,11753763.0,26610.0,34602.0,6.0,-25.0,3.7827,5.5791,9.4214,11.39,10.0,11.0
277.8144,11753828.0,26689.0,35038.0,6.0,-25.0,3.7816,5.8926,9.9284,11.3,10.0,11.0
277.8468,11751580.0,26710.0,33795.0,6.0,-25.0,3.8213,5.9759,10.0556,11.21,10.0,11.0
277.8468,11757001.0,26703.0,34266.0,6.0,-25.0,3.7256,5.9481,10.0132,11.09,10.0,11.0
277.8468,11757262.0,26717.0,35172.0,6.0,-25.0,3.721,6.0037,10.0981,10.96,10.0,11.0
277.8802,11753269.0,26660.0,34231.0,6.0,-25.0,3.7915,5.7775,9.7514,11.17,10.0,11.0
277.8802,11754047.0,26685.0,34291.0,6.0,-25.0,3.7777,5.8767,9.9041,11.18,10.0,11.0
277.8802,11753457.0,26698.0,33514.0,6.0,-25.0,3.7881,5.9283,9.9829,11.15,10.0,11.0
277.9024,11753979.0,26735.0,33410.0,6.0,-25.0,3.7789,6.0751,10.2127,10.99,10.0,11.0
277.9024,11755072.0,26705.0,32705.0,6.0,-25.0,3.7596,5.9561,10.0253,10.98,10.0,11.0
277.9024,11753876.0,26726.0,33854.0,6.0,-25.0,3.7807,6.0394,10.1543,10.92,10.0,11.0
277.9263,11753178.0,26600.0,34104.0,6.0,-25.0,3.7931,5.5395,9.3551,11.44,10.0,11.0
277.9263,11754089.0,26670.0,33899.0,6.0,-25.0,3.777,5.8172,9.8132,11.4,10.0,11.0
277.9263,11756297.0,26728.0,33742.0,6.0,-25.0,3.738,6.0473,10.1673,11.13,10.0,11.0
277.9583,11756747.0,26711.0,34610.0,6.0,-25.0,3.7301,5.9799,10.0617,11.02,10.0,11.0
277.9583,11755779.0,26754.0,33371.0,6.0,-25.0,3.7471,6.1505,10.336,10.82,10.0,11.0
277.9583,11755570.0,26707.0,34490.0,6.0,-25.0,3.7508,5.964,10.0375,10.86,10.0,11.0
277.9901,11754584.0,26722.0,33798.0,6.0,-25.0,3.7682,6.0235,10.1284,10.85,10.0,11.0
277.9901,11754120.0,26690.0,33950.0,6.0,-25.0,3.7764,5.8966,9.9344,10.97,10.0,11.0
277.9901,11754855.0,26674.0,33753.0,6.0,-25.0,3.7635,5.8331,9.8375,11.09,10.0,11.0
278.0223,11759476.0,26710.0,33580.0,6.0,-25.0,3.6819,5.9759,10.0556,10.96,10.0,11.0
278.0223,11752321.0,26614.0,33234.0,6.0,-25.0,3.8082,5.595,9.4479,11.4,10.0,11.0
278.0223,11753003.0,26683.0,33110.0,6.0,-25.0,3.7962,5.8688,9.892,11.35,10.0,11.0
278.0542,11755521.0,26694.0,32951.0,6.0,-25.0,3.7517,5.9124,9.9587,11.23,10.0,11.0
278.0542,11755097.0,26725.0,33709.0,6.0,-25.0,3.7592,6.0354,10.1478,11.05,10.0,11.0
278.0542,11758293.0,26693.0,33466.0,6.0,-25.0,3.7028,5.9085,9.9526,11.01,10.0,11.0
278.0861,11753736.0,26723.0,33634.0,6.0,-25.0,3.7832,6.0275,10.1348,10.95,10.0,11.0
278.0861,11755766.0,26721.0,33793.0,6.0,-25.0,3.7474,6.0196,10.1223,10.89,10.0,11.0
278.0861,11754718.0,26688.0,33342.0,6.0,-25.0,3.7659,5.8886,9.9223,10.99,10.0,11.0
278.1052,11754483.0,26678.0,34357.0,6.0,-25.0,3.77,5.849,9.8617,11.1,10.0,11.0
278.1052,11756297.0,26672.0,34677.0,6.0,-25.0,3.738,5.8251,9.8253,11.15,10.0,11.0
278.1052,11754012.0,26635.0,34025.0,6.0,-25.0,3.7783,5.6783,9.5872,11.38,10.0,11.0
278.1559,11754059.0,26713.0,33872.0,6.0,-25.0,3.7775,5.9878,10.0738,11.2,10.0,11.0
278.1559,11754527.0,26733.0,34486.0,6.0,-25.0,3.7692,6.0672,10.1997,11.02,10.0,11.0
278.1559,11755385.0,26735.0,33318.0,6.0,-25.0,3.7541,6.0751,10.2127,10.88,10.0,11.0
278.1658,11755510.0,26686.0,33821.0,6.0,-25.0,3.7519,5.8807,9.9102,10.98,10.0,11.0
278.1658,11755882.0,26743.0,33908.0,6.0,-25.0,3.7453,6.1068,10.2646,10.83,10.0,11.0
278.1658,11753960.0,26648.0,33210.0,6.0,-25.0,3.7793,5.7299,9.6734,11.13,10.0,11.0
278.1972,11755256.0,26705.0,33994.0,6.0,-25.0,3.7564,5.9561,10.0253,11.06,10.0,11.0
278.1972,11755072.0,26789.0,33694.0,6.0,-25.0,3.7596,6.2894,10.5639,10.74,10.0,11.0
278.1972,11756952.0,26757.0,33862.0,6.0,-25.0,3.7264,6.1624,10.3554,10.63,10.0,11.0
278.23,11763657.0,26740.0,34186.0,6.0,-25.0,3.6082,6.0949,10.2451,10.53,10.0,11.0
278.23,11753764.0,26674.0,34162.0,6.0,-25.0,3.7827,5.8331,9.8375,10.84,10.0,11.0
278.23,11754782.0,26636.0,33877.0,6.0,-25.0,3.7647,5.6823,9.5938,11.18,10.0,11.0
278.2627,11754637.0,26613.0,33747.0,6.0,-25.0,3.7673,5.5911,9.4413,11.49,10.0,11.0
278.2627,11757131.0,26662.0,34156.0,6.0,-25.0,3.7233,5.7855,9.764,11.41,10.0,11.0
278.2627,11758556.0,26631.0,33098.0,6.0,-25.0,3.6981,5.6625,9.5606,11.47,10.0,11.0
278.2944,11753490.0,26720.0,32981.0,6.0,-25.0,3.7876,6.0156,10.1162,11.24,10.0,11.0
278.2944,11753604.0,26724.0,33569.0,6.0,-25.0,3.7855,6.0315,10.1413,11.09,10.0,11.0
278.2944,11755962.0,26691.0,34357.0,6.0,-25.0,3.7439,5.9005,9.9405,11.08,10.0,11.0
278.3265,11754843.0,26688.0,33408.0,6.0,-25.0,3.7637,5.8886,9.9223,11.1,10.0,11.0
278.3265,11754546.0,26710.0,32867.0,6.0,-25.0,3.7689,5.9759,10.0556,11.04,10.0,11.0
278.3265,11754012.0,26717.0,33326.0,6.0,-25.0,3.7783,6.0037,10.0981,10.98,10.0,11.0
278.3586,11753646.0,26716.0,34628.0,6.0,-25.0,3.7848,5.9997,10.092,10.96,10.0,11.0
278.3586,11754906.0,26700.0,32711.0,6.0,-25.0,3.7625,5.9362,9.995,10.99,10.0,11.0
278.3586,11754573.0,26701.0,33803.0,6.0,-25.0,3.7684,5.9402,10.0011,11.0,10.0,11.0
278.3764,11756297.0,26656.0,33119.0,6.0,-25.0,3.738,5.7617,9.726,11.16,10.0,11.0
278.3764,11759476.0,26682.0,32253.0,6.0,-25.0,3.6819,5.8648,9.8859,11.09,10.0,11.0
278.3764,11754477.0,26758.0,33780.0,6.0,-25.0,3.7701,6.1664,10.3619,10.87,10.0,11.0
278.4232,11754142.0,26689.0,34051.0,6.0,-25.0,3.776,5.8926,9.9284,10.99,10.0,11.0
278.4232,11755122.0,26662.0,34357.0,6.0,-25.0,3.7587,5.7855,9.764,11.14,10.0,11.0
278.4232,11752357.0,26772.0,33747.0,6.0,-25.0,3.8076,6.2219,10.453,10.88,10.0,11.0
278.4376,11759677.0,26715.0,33661.0,6.0,-25.0,3.6784,5.9958,10.0859,10.81,10.0,11.0
278.4376,11754691.0,26683.0,34103.0,6.0,-25.0,3.7663,5.8688,9.892,10.96,10.0,11.0
278.4376,11753633.0,26687.0,33600.0,6.0,-25.0,3.785,5.8847,9.9163,11.06,10.0,11.0
278.4694,11753836.0,26675.0,34179.0,6.0,-25.0,3.7814,5.837,9.8435,11.16,10.0,11.0
278.4694,11755780.0,26742.0,33196.0,6.0,-25.0,3.7471,6.1029,10.2581,10.94,10.0,11.0
278.4694,11755322.0,26679.0,33292.0,6.0,-25.0,3.7552,5.8529,9.8678,11.05,10.0,11.0
278.5016,11753911.0,26641.0,34032.0,6.0,-25.0,3.7801,5.7021,9.627,11.29,10.0,11.0
278.5016,11755803.0,26758.0,33438.0,6.0,-25.0,3.7467,6.1664,10.3619,10.97,10.0,11.0
278.5016,11755333.0,26736.0,33932.0,6.0,-25.0,3.755,6.0791,10.2192,10.85,10.0,11.0
278.5338,11755838.0,26677.0,33863.0,6.0,-25.0,3.7461,5.845,9.8556,10.99,10.0,11.0
278.5338,11755089.0,26686.0,34690.0,6.0,-25.0,3.7593,5.8807,9.9102,11.06,10.0,11.0
278.5338,11754635.0,26618.0,34515.0,6.0,-25.0,3.7673,5.6109,9.4745,11.39,10.0,11.0
278.5662,11753805.0,26725.0,34007.0,6.0,-25.0,3.782,6.0354,10.1478,11.17,10.0,11.0
278.5662,11751879.0,26722.0,34192.0,6.0,-25.0,3.816,6.0235,10.1284,11.08,10.0,11.0
278.5662,11755452.0,26685.0,34538.0,6.0,-25.0,3.7529,5.8767,9.9041,11.1,10.0,11.0
278.5986,11757682.0,26721.0,34728.0,6.0,-25.0,3.7136,6.0196,10.1223,10.95,10.0,11.0
278.5986,11755354.0,26670.0,34630.0,6.0,-25.0,3.7546,5.8172,9.8132,11.09,10.0,11.0
278.5986,11754615.0,26764.0,32621.0,6.0,-25.0,3.7677,6.1902,10.4008,10.84,10.0,11.0
278.616,11755168.0,26723.0,33790.0,6.0,-25.0,3.7579,6.0275,10.1348,10.83,10.0,11.0
278.616,11755153.0,26685.0,34454.0,6.0,-25.0,3.7582,5.8767,9.9041,10.96,10.0,11.0
278.616,11751046.0,26657.0,32910.0,6.0,-25.0,3.8307,5.7656,9.7324,11.22,10.0,11.0
278.6492,11755680.0,26737.0,33885.0,6.0,-25.0,3.7489,6.083,10.2257,11.0,10.0,11.0
278.6492,11754184.0,26728.0,33719.0,6.0,-25.0,3.7753,6.0473,10.1673,10.92,10.0,11.0
278.6492,11753936.0,26705.0,33687.0,6.0,-25.0,3.7797,5.9561,10.0253,10.96,10.0,11.0
278.6789,11754230.0,26645.0,34443.0,6.006,-25.0,3.7745,5.718,9.6535,11.22,10.01,11.0
278.6789,11754792.0,26686.0,34326.0,6.006,-25.0,3.7646,5.8807,9.9102,11.19,10.01,11.0
278.6789,11751635.0,26631.0,34871.0,6.006,-25.0,3.8203,5.6625,9.5606,11.47,10.01,11.0
278.7127,11754012.0,26660.0,32369.0,6.006,-25.0,3.7783,5.7775,9.7514,11.46,10.01,11.0
278.7127,11751898.0,26730.0,34266.0,6.006,-25.0,3.8157,6.0553,10.1803,11.22,10.01,11.0
278.7127,11752677.0,26805.0,34058.0,6.006,-25.0,3.8019,6.3528,10.6683,10.82,10.01,11.0
278.7432,11752548.0,26692.0,32886.0,6.006,-25.0,3.8042,5.9045,9.9466,10.97,10.01,11.0
278.7432,11754456.0,26659.0,33792.0,6.006,-25.0,3.7705,5.7736,9.7451,11.16,10.01,11.0
278.7432,11758556.0,26652.0,34951.0,6.006,-25.0,3.6981,5.7458,9.6999,11.23,10.01,11.0
278.7755,11750808.0,26692.0,33614.0,6.006,-25.0,3.8349,5.9045,9.9466,11.25,10.01,11.0
278.7755,11751235.0,26646.0,32925.0,6.006,-25.0,3.8274,5.722,9.6601,11.44,10.01,11.0
278.7755,11753149.0,26658.0,33429.0,6.006,-25.0,3.7936,5.7696,9.7388,11.47,10.01,11.0
278.8063,11751686.0,26728.0,32503.0,6.031,-25.0,3.8194,6.0473,10.1673,11.24,10.0517,11.0
278.8063,11754891.0,26728.0,34001.0,6.031,-25.0,3.7628,6.0473,10.1673,11.05,10.0517,11.0
278.8063,11752089.0,26711.0,34927.0,6.031,-25.0,3.8123,5.9799,10.0617,11.04,10.0517,11.0
278.84,11751062.0,26720.0,35344.0,6.031,-25.0,3.8304,6.0156,10.1162,11.02,10.0517,11.0
278.84,11750603.0,26694.0,34506.0,6.031,-25.0,3.8386,5.9124,9.9587,11.12,10.0517,11.0
278.84,11749457.0,26689.0,34382.0,6.031,-25.0,3.8588,5.8926,9.9284,11.22,10.0517,11.0
278.8574,11752744.0,26700.0,33776.0,6.031,-25.0,3.8007,5.9362,9.995,11.18,10.0517,11.0
278.8574,11749652.0,26679.0,32266.0,6.031,-25.0,3.8554,5.8529,9.8678,11.28,10.0517,11.0
278.8574,11748954.0,26688.0,35050.0,6.031,-25.0,3.8677,5.8886,9.9223,11.33,10.0517,11.0
278.8865,11750515.0,26676.0,33360.0,6.031,-25.0,3.8401,5.841,9.8496,11.37,10.0517,11.0
278.8865,11746569.0,26737.0,33683.0,6.031,-25.0,3.9099,6.083,10.2257,11.23,10.0517,11.0
278.8865,11751661.0,26775.0,34473.0,6.031,-25.0,3.8199,6.2338,10.4726,10.93,10.0517,11.0
278.9184,11748407.0,26683.0,33964.0,6.075,-25.0,3.8774,5.8688,9.892,11.15,10.125,11.0
278.9184,11748417.0,26726.0,34204.0,6.075,-25.0,3.8772,6.0394,10.1543,11.11,10.125,11.0
278.9184,11745562.0,26685.0,33728.0,6.075,-25.0,3.9277,5.8767,9.9041,11.29,10.125,11.0
278.9505,11745430.0,26744.0,32974.0,6.075,-25.0,3.93,6.1108,10.2711,11.17,10.125,11.0
278.9505,11748386.0,26681.0,33888.0,6.075,-25.0,3.8778,5.8609,9.8799,11.3,10.125,11.0
278.9505,11751076.0,26734.0,34502.0,6.075,-25.0,3.8302,6.0711,10.2062,11.12,10.125,11.0
278.9854,11747592.0,26675.0,33310.0,6.075,-25.0,3.8918,5.837,9.8435,11.31,10.125,11.0
278.9854,11746258.0,26678.0,33462.0,6.075,-25.0,3.9154,5.849,9.8617,11.43,10.125,11.0
278.9854,11747452.0,26705.0,32959.0,6.075,-25.0,3.8943,5.9561,10.0253,11.38,10.125,11.0
279.015,11741521.0,26682.0,33946.0,6.141,-25.0,3.9993,5.8648,9.8859,11.54,10.235,11.0
279.015,11743151.0,26743.0,33779.0,6.141,-25.0,3.9704,6.1068,10.2646,11.36,10.235,11.0
279.015,11744051.0,26743.0,34708.0,6.141,-25.0,3.9545,6.1068,10.2646,11.24,10.235,11.0
279.0485,11743295.0,26779.0,34078.0,6.141,-25.0,3.9678,6.2497,10.4987,11.04,10.235,11.0
279.0485,11745314.0,26739.0,34410.0,6.141,-25.0,3.9321,6.091,10.2387,11.04,10.235,11.0
279.0485,11743253.0,26714.0,32527.0,6.141,-25.0,3.9686,5.9918,10.0799,11.18,10.235,11.0
279.0809,11743703.0,26730.0,34095.0,6.141,-25.0,3.9606,6.0553,10.1803,11.19,10.235,11.0
279.0809,11742272.0,26705.0,35501.0,6.141,-25.0,3.986,5.9561,10.0253,11.32,10.235,11.0
279.0809,11741521.0,26732.0,33902.0,6.141,-25.0,3.9993,6.0632,10.1932,11.31,10.235,11.0
279.0955,11741209.0,26806.0,33399.0,6.141,-25.0,4.0048,6.3568,10.6748,11.02,10.235,11.0
279.0955,11739410.0,26753.0,33592.0,6.141,-25.0,4.0367,6.1465,10.3295,11.07,10.235,11.0
279.0955,11741173.0,26688.0,34772.0,6.141,-25.0,4.0054,5.8886,9.9223,11.34,10.235,11.0
279.1286,11748501.0,26779.0,34657.0,6.141,-25.0,3.8757,6.2497,10.4987,11.03,10.235,11.0
279.1286,11739293.0,26780.0,33195.0,6.141,-25.0,4.0387,6.2537,10.5052,10.97,10.235,11.0
279.1286,11738325.0,26804.0,32364.0,6.141,-25.0,4.0559,6.3489,10.6617,10.86,10.235,11.0
279.1599,11737818.0,26775.0,33769.0,6.222,-25.0,4.0649,6.2338,10.4726,10.91,10.37,11.0
279.1599,11736788.0,26776.0,34971.0,6.222,-25.0,4.0832,6.2378,10.4791,10.96,10.37,11.0
279.1599,11741521.0,26724.0,34354.0,6.222,-25.0,3.9993,6.0315,10.1413,11.12,10.37,11.0
279.1943,11735981.0,26714.0,33488.0,6.222,-25.0,4.0975,5.9918,10.0799,11.36,10.37,11.0
279.1943,11736049.0,26784.0,34618.0,6.222,-25.0,4.0963,6.2695,10.5313,11.21,10.37,11.0
279.1943,11736161.0,26774.0,33969.0,6.222,-25.0,4.0943,6.2298,10.4661,11.15,10.37,11.0
279.2272,11734883.0,26811.0,32835.0,6.222,-25.0,4.1169,6.3766,10.7074,11.0,10.37,11.0
279.2272,11733519.0,26817.0,33531.0,6.222,-25.0,4.1412,6.4005,10.7465,10.9,10.37,11.0
279.2272,11733638.0,26773.0,33345.0,6.222,-25.0,4.139,6.2259,10.4595,11.02,10.37,11.0
279.2557,11733337.0,26769.0,33005.0,6.319,-25.0,4.1444,6.21,10.4335,11.11,10.5317,11.0
279.2557,11733594.0,26804.0,32310.0,6.319,-25.0,4.1398,6.3489,10.6617,11.02,10.5317,11.0
279.2557,11732582.0,26778.0,34107.0,6.319,-25.0,4.1578,6.2457,10.4922,11.08,10.5317,11.0
279.2888,11732407.0,26794.0,35159.0,6.319,-25.0,4.1609,6.3092,10.5965,11.06,10.5317,11.0
279.2888,11739160.0,26782.0,34080.0,6.319,-25.0,4.0411,6.2616,10.5182,10.98,10.5317,11.0
279.2888,11730587.0,26788.0,34587.0,6.319,-25.0,4.1932,6.2854,10.5574,11.06,10.5317,11.0
279.3196,11729116.0,26763.0,33847.0,6.319,-25.0,4.2194,6.1862,10.3943,11.23,10.5317,11.0
279.3196,11728815.0,26836.0,32610.0,6.319,-25.0,4.2247,6.4758,10.8696,11.05,10.5317,11.0
279.3196,11728381.0,26788.0,34072.0,6.319,-25.0,4.2324,6.2854,10.5574,11.13,10.5317,11.0
279.3516,11730610.0,26810.0,33714.0,6.438,-25.0,4.1928,6.3727,10.7009,11.05,10.73,11.0
279.3516,11726610.0,26828.0,33745.0,6.438,-25.0,4.2639,6.4441,10.8182,11.0,10.73,11.0
279.3516,11724172.0,26864.0,34261.0,6.438,-25.0,4.3073,6.5869,11.0451,10.88,10.73,11.0
279.3717,11724654.0,26870.0,33488.0,6.438,-25.0,4.2987,6.6107,11.0827,10.78,10.73,11.0
279.3717,11722072.0,26848.0,33946.0,6.438,-25.0,4.3447,6.5235,10.9451,10.84,10.73,11.0
279.3717,11727413.0,26811.0,34652.0,6.438,-25.0,4.2496,6.3766,10.7074,10.93,10.73,11.0
279.4106,11723688.0,26816.0,34890.0,6.438,-25.0,4.3159,6.3965,10.74,11.02,10.73,11.0
279.4106,11721543.0,26837.0,33745.0,6.438,-25.0,4.3541,6.4798,10.8759,11.03,10.73,11.0
279.4106,11723057.0,26877.0,33913.0,6.438,-25.0,4.3271,6.6385,11.1265,10.87,10.73,11.0
279.4312,11718830.0,26845.0,34298.0,6.438,-25.0,4.4024,6.5115,10.9263,10.96,10.73,11.0
279.4312,11720342.0,26857.0,32275.0,6.438,-25.0,4.3755,6.5592,11.0014,10.93,10.73,11.0
279.4312,11718098.0,26861.0,35341.0,6.438,-25.0,4.4154,6.575,11.0264,10.94,10.73,11.0
279.463,11716970.0,26888.0,33588.0,6.575,-25.0,4.4355,6.6822,11.1952,10.87,10.9583,11.0
279.463,11719895.0,26803.0,32314.0,6.575,-25.0,4.3834,6.3449,10.6552,11.11,10.9583,11.0
279.463,11716276.0,26873.0,34716.0,6.575,-25.0,4.4479,6.6226,11.1014,11.03,10.9583,11.0
279.4952,11716114.0,26898.0,33846.0,6.575,-25.0,4.4508,6.7218,11.2578,10.9,10.9583,11.0
279.4952,11721510.0,26828.0,34255.0,6.575,-25.0,4.3547,6.4441,10.8182,11.0,10.9583,11.0
279.4952,11713883.0,26829.0,33237.0,6.575,-25.0,4.4906,6.4481,10.8246,11.18,10.9583,11.0
279.5275,11712350.0,26879.0,33505.0,6.575,-25.0,4.5179,6.6464,11.139,11.12,10.9583,11.0
279.5275,11712026.0,26906.0,32990.0,6.575,-25.0,4.5237,6.7536,11.3078,10.99,10.9583,11.0
279.5275,11711352.0,26906.0,32735.0,6.575,-25.0,4.5358,6.7536,11.3078,10.92,10.9583,11.0
279.5589,11708816.0,26897.0,34042.0,6.575,-25.0,4.581,6.7179,11.2515,10.95,10.9583,11.0
279.5589,11708957.0,26863.0,34261.0,6.575,-25.0,4.5785,6.583,11.0389,11.1,10.9583,11.0
279.5589,11709545.0,26882.0,33597.0,6.575,-25.0,4.568,6.6584,11.1577,11.1,10.9583,11.0
279.5915,11706279.0,26894.0,33987.0,6.734,-25.0,4.6264,6.706,11.2328,11.12,11.2233,11.0
279.5915,11707574.0,26925.0,33445.0,6.734,-25.0,4.6032,6.829,11.4266,10.99,11.2233,11.0
279.5915,11708285.0,26934.0,34186.0,6.734,-25.0,4.5905,6.8647,11.4829,10.87,11.2233,11.0
279.6235,11705117.0,26950.0,33787.0,6.734,-25.0,4.6472,6.9282,11.5829,10.79,11.2233,11.0
279.6235,11703745.0,26870.0,32738.0,6.734,-25.0,4.6717,6.6107,11.0827,11.07,11.2233,11.0
279.6235,11703999.0,26873.0,34928.0,6.734,-25.0,4.6672,6.6226,11.1014,11.22,11.2233,11.0
279.6435,11702995.0,26951.0,34045.0,6.734,-25.0,4.6851,6.9321,11.5892,11.03,11.2233,11.0
279.6435,11700598.0,26960.0,34571.0,6.734,-25.0,4.728,6.9678,11.6455,10.92,11.2233,11.0
279.6435,11702055.0,26943.0,32679.0,6.734,-25.0,4.7019,6.9004,11.5392,10.89,11.2233,11.0
279.6714,11698968.0,26937.0,33093.0,6.734,-25.0,4.7572,6.8766,11.5016,10.94,11.2233,11.0
279.6714,11696764.0,26905.0,33628.0,6.734,-25.0,4.7967,6.7496,11.3015,11.14,11.2233,11.0
279.6714,11696534.0,26896.0,33084.0,6.734,-25.0,4.8008,6.7139,11.2453,11.3,11.2233,11.0
279.7025,11696116.0,26937.0,33606.0,6.906,-25.0,4.8083,6.8766,11.5016,11.24,11.51,11.0
279.7025,11700343.0,26887.0,32216.0,6.906,-25.0,4.7326,6.6782,11.189,11.33,11.51,11.0
279.7025,11694678.0,26949.0,33547.0,6.906,-25.0,4.8341,6.9242,11.5767,11.23,11.51,11.0
279.7341,11694140.0,27006.0,33327.0,6.906,-25.0,4.8437,7.1503,11.9507,10.97,11.51,11.0
279.7341,11692094.0,26961.0,35134.0,6.906,-25.0,4.8804,6.9718,11.6517,11.01,11.51,11.0
279.7341,11691366.0,27002.0,34017.0,6.906,-25.0,4.8935,7.1345,11.9234,10.9,11.51,11.0
279.7679,11697187.0,26988.0,35222.0,6.906,-25.0,4.7891,7.0789,11.8278,10.79,11.51,11.0
279.7679,11689979.0,26987.0,33644.0,6.906,-25.0,4.9184,7.075,11.821,10.84,11.51,11.0
279.7679,11688320.0,27009.0,35829.0,6.906,-25.0,4.9481,7.1622,11.9712,10.81,11.51,11.0
279.7978,11687713.0,26954.0,32878.0,7.097,-25.0,4.959,6.944,11.6079,11.02,11.8283,11.0
279.7978,11686401.0,26990.0,33561.0,7.097,-25.0,4.9826,7.0869,11.8415,11.02,11.8283,11.0
279.7978,11689521.0,27004.0,33247.0,7.097,-25.0,4.9266,7.1424,11.937,10.92,11.8283,11.0
279.8301,11684359.0,26998.0,33528.0,7.097,-25.0,5.0193,7.1186,11.8961,10.96,11.8283,11.0
279.8301,11681280.0,27003.0,32869.0,7.097,-25.0,5.0747,7.1384,11.9302,11.02,11.8283,11.0
279.8301,11682417.0,27015.0,34013.0,7.097,-25.0,5.0542,7.186,12.0121,10.98,11.8283,11.0
279.8626,11680148.0,27066.0,32877.0,7.097,-25.0,5.0951,7.3884,12.3419,10.82,11.8283,11.0
279.8626,11679523.0,26994.0,34454.0,7.097,-25.0,5.1063,7.1027,11.8688,11.0,11.8283,11.0
279.8626,11677291.0,27011.0,33496.0,7.097,-25.0,5.1465,7.1702,11.9848,11.08,11.8283,11.0
279.8837,11675496.0,27100.0,34539.0,7.097,-25.0,5.1788,7.5233,12.5544,10.83,11.8283,11.0
279.8837,11674881.0,27016.0,33299.0,7.097,-25.0,5.1899,7.19,12.0189,11.0,11.8283,11.0
279.8837,11676437.0,27054.0,34634.0,7.097,-25.0,5.1619,7.3408,12.267,10.92,11.8283,11.0
279.9105,11675619.0,27054.0,33915.0,7.306,-25.0,5.1766,7.3408,12.267,10.89,12.1767,11.0
279.9105,11671107.0,27039.0,33595.0,7.306,-25.0,5.2579,7.2813,12.1723,10.99,12.1767,11.0
279.9105,11670418.0,27102.0,33919.0,7.306,-25.0,5.2704,7.5312,12.5669,10.85,12.1767,11.0
279.9435,11668483.0,27111.0,34189.0,7.306,-25.0,5.3053,7.5669,12.6231,10.76,12.1767,11.0
279.9435,11668719.0,27084.0,32822.0,7.306,-25.0,5.301,7.4598,12.4544,10.79,12.1767,11.0
279.9435,11665533.0,27110.0,32679.0,7.306,-25.0,5.3585,7.563,12.6169,10.77,12.1767,11.0
279.9745,11666808.0,27035.0,32878.0,7.306,-25.0,5.3355,7.2654,12.1461,11.02,12.1767,11.0
279.9745,11664019.0,27142.0,34291.0,7.306,-25.0,5.3859,7.6899,12.8181,10.83,12.1767,11.0
279.9745,11663083.0,27152.0,33572.0,7.306,-25.0,5.4028,7.7296,12.8865,10.69,12.1767,11.0
280.0073,11662567.0,27082.0,32769.0,7.306,-25.0,5.4121,7.4519,12.4419,10.85,12.1767,11.0
280.0073,11658395.0,27070.0,34503.0,7.306,-25.0,5.4876,7.4043,12.3669,11.08,12.1767,11.0
280.0073,11655562.0,27082.0,34200.0,7.306,-25.0,5.5389,7.4519,12.4419,11.21,12.1767,11.0
280.038,11658743.0,27109.0,33014.0,7.534,-25.0,5.4813,7.559,12.6106,11.13,12.5567,11.0
280.038,11656841.0,27120.0,33591.0,7.534,-25.0,5.5157,7.6027,12.6794,11.07,12.5567,11.0
280.038,11653534.0,27120.0,33755.0,7.534,-25.0,5.5756,7.6027,12.6794,11.09,12.5567,11.0
280.0713,11655750.0,27161.0,34054.0,7.534,-25.0,5.5355,7.7653,12.9496,10.91,12.5567,11.0
280.0713,11653721.0,27158.0,33303.0,7.534,-25.0,5.5722,7.7534,12.9286,10.85,12.5567,11.0
280.0713,11652549.0,27070.0,34540.0,7.534,-25.0,5.5935,7.4043,12.3669,11.19,12.5567,11.0
280.1073,11649705.0,27155.0,34012.0,7.534,-25.0,5.645,7.7415,12.9075,11.09,12.5567,11.0
280.1084,11649046.0,27158.0,34967.0,7.534,-25.0,5.657,7.7534,12.9286,11.03,12.5567,11.0
280.1084,11646501.0,27147.0,33553.0,7.534,-25.0,5.7032,7.7098,12.8514,11.08,12.5567,11.0
280.1213,11645142.0,27183.0,33382.0,7.534,-25.0,5.7278,7.8526,13.1041,10.98,12.5567,11.0
280.1213,11650571.0,27144.0,33991.0,7.534,-25.0,5.6293,7.6979,12.8312,10.99,12.5567,11.0
280.1213,11642984.0,27142.0,34119.0,7.534,-25.0,5.767,7.6899,12.8181,11.14,12.5567,11.0
280.1499,11642306.0,27170.0,32299.0,7.787,-25.0,5.7794,7.801,13.0128,11.12,12.9783,11.0
280.1499,11641264.0,27172.0,34208.0,7.787,-25.0,5.7983,7.809,13.0269,11.11,12.9783,11.0
280.1499,11639007.0,27188.0,34097.0,7.787,-25.0,5.8393,7.8725,13.1392,11.08,12.9783,11.0
280.1824,11639478.0,27199.0,34058.0,7.787,-25.0,5.8308,7.9161,13.2164,11.01,12.9783,11.0
280.1824,11635344.0,27206.0,35239.0,7.787,-25.0,5.906,7.9439,13.2655,11.0,12.9783,11.0
280.1824,11635378.0,27267.0,33242.0,7.787,-25.0,5.9054,8.1859,13.6695,10.79,12.9783,11.0
280.2143,11635283.0,27199.0,34883.0,7.787,-25.0,5.9071,7.9161,13.2164,10.9,12.9783,11.0
280.2143,11630327.0,27167.0,33853.0,7.787,-25.0,5.9974,7.7891,12.9918,11.21,12.9783,11.0
280.2143,11631700.0,27202.0,34153.0,7.787,-25.0,5.9724,7.928,13.2374,11.2,12.9783,11.0
280.2483,11628460.0,27234.0,33286.0,8.047,-25.0,6.0314,8.055,13.461,11.11,13.4117,11.0
280.2483,11627708.0,27275.0,34399.0,8.047,-25.0,6.0451,8.2176,13.7181,10.94,13.4117,11.0
280.2483,11626417.0,27262.0,33533.0,8.047,-25.0,6.0687,8.1661,13.6395,10.89,13.4117,11.0
280.2791,11623861.0,27266.0,35601.0,8.047,-25.0,6.1153,8.1819,13.6635,10.89,13.4117,11.0
280.2791,11622615.0,27224.0,34543.0,8.047,-25.0,6.1381,8.0153,13.3919,11.07,13.4117,11.0
280.2791,11621629.0,27181.0,32881.0,8.047,-25.0,6.1561,7.8447,13.09,11.43,13.4117,11.0
280.2994,11620440.0,27269.0,33554.0,8.047,-25.0,6.1778,8.1938,13.6817,11.25,13.4117,11.0
280.2994,11618848.0,27250.0,33376.0,8.047,-25.0,6.2069,8.1184,13.5647,11.24,13.4117,11.0
280.2994,11617399.0,27297.0,34566.0,8.047,-25.0,6.2334,8.3049,13.8515,11.1,13.4117,11.0
280.3477,11616164.0,27296.0,36047.0,8.047,-25.0,6.256,8.301,13.8454,11.03,13.4117,11.0
280.3477,11617624.0,27281.0,34998.0,8.047,-25.0,6.2293,8.2414,13.7544,11.02,13.4117,11.0
280.3477,11613132.0,27346.0,33408.0,8.047,-25.0,6.3115,8.4993,14.1558,10.86,13.4117,11.0
280.3606,11609921.0,27374.0,34566.0,8.328,-25.0,6.3703,8.6104,14.3335,10.73,13.88,11.0
280.3606,11610164.0,27223.0,33551.0,8.328,-25.0,6.3659,8.0113,13.3848,11.24,13.88,11.0
280.3606,11608685.0,27328.0,34011.0,8.328,-25.0,6.393,8.4279,14.0415,11.13,13.88,11.0
280.3918,11608506.0,27361.0,34179.0,8.328,-25.0,6.3962,8.5589,14.251,10.95,13.88,11.0
280.3918,11606281.0,27284.0,35110.0,8.328,-25.0,6.437,8.2533,13.7726,11.16,13.88,11.0
280.3918,11604099.0,27305.0,34451.0,8.328,-25.0,6.4771,8.3367,13.9,11.24,13.88,11.0
280.424,11601425.0,27367.0,34168.0,8.328,-25.0,6.5262,8.5827,14.2891,11.1,13.88,11.0
280.424,11601010.0,27352.0,34756.0,8.328,-25.0,6.5338,8.5231,14.1939,11.07,13.88,11.0
280.4252,11599872.0,27301.0,34583.0,8.328,-25.0,6.5547,8.3208,13.8757,11.29,13.88,11.0
280.4572,11596957.0,27490.0,33321.0,8.328,-25.0,6.6083,9.0707,15.0655,10.82,13.88,11.0
280.4572,11595411.0,27340.0,33131.0,8.328,-25.0,6.6367,8.4755,14.1177,11.05,13.88,11.0
280.4572,11594067.0,27352.0,33706.0,8.328,-25.0,6.6614,8.5231,14.1939,11.17,13.88,11.0
280.4879,11591812.0,27372.0,35559.0,8.628,-25.0,6.7029,8.6025,14.3208,11.19,14.38,11.0
280.4979,11592854.0,27401.0,33279.0,8.628,-25.0,6.6837,8.7176,14.5051,11.08,14.38,11.0
280.4979,11588881.0,27365.0,35126.0,8.628,-25.0,6.7569,8.5747,14.2764,11.23,14.38,11.0
280.5198,11587257.0,27412.0,34996.0,8.628,-25.0,6.7868,8.7612,14.575,11.16,14.38,11.0
280.5198,11586559.0,27406.0,33824.0,8.628,-25.0,6.7997,8.7374,14.5369,11.15,14.38,11.0
280.5198,11585343.0,27383.0,34249.0,8.628,-25.0,6.8221,8.6461,14.3907,11.26,14.38,11.0
280.5517,11582689.0,27376.0,33536.0,8.628,-25.0,6.8711,8.6184,14.3462,11.42,14.38,11.0
280.5517,11582513.0,27428.0,34519.0,8.628,-25.0,6.8743,8.8247,14.676,11.29,14.38,11.0
280.5517,11578629.0,27438.0,33460.0,8.628,-25.0,6.946,8.8644,14.739,11.24,14.38,11.0
280.5858,11577438.0,27468.0,34794.0,8.941,-25.0,6.968,8.9834,14.9276,11.12,14.9017,11.0
280.5858,11575451.0,27470.0,33638.0,8.941,-25.0,7.0048,8.9913,14.9401,11.07,14.9017,11.0
280.5858,11573400.0,27444.0,33988.0,8.941,-25.0,7.0427,8.8882,14.7769,11.18,14.9017,11.0
280.5991,11573712.0,27558.0,34903.0,8.941,-25.0,7.0369,9.3405,15.4943,10.85,14.9017,11.0
280.5991,11569759.0,27434.0,33639.0,8.941,-25.0,7.1101,8.8485,14.7138,11.17,14.9017,11.0
280.5991,11569289.0,27486.0,32102.0,8.941,-25.0,7.1188,9.0548,15.0405,11.15,14.9017,11.0
280.6312,11567359.0,27513.0,33453.0,8.941,-25.0,7.1545,9.1619,15.2097,11.06,14.9017,11.0
280.6312,11566573.0,27532.0,33244.0,8.941,-25.0,7.1691,9.2373,15.3288,10.96,14.9017,11.0
280.6312,11567487.0,27506.0,34004.0,8.941,-25.0,7.1522,9.1342,15.1658,10.98,14.9017,11.0
280.6631,11564118.0,27499.0,34533.0,8.941,-25.0,7.2146,9.1064,15.1219,11.07,14.9017,11.0
280.6631,11561394.0,27518.0,33547.0,8.941,-25.0,7.2651,9.1818,15.241,11.1,14.9017,11.0
280.6631,11558107.0,27583.0,34665.0,8.941,-25.0,7.3261,9.4397,15.6543,10.94,14.9017,11.0
280.6946,11559280.0,27542.0,32527.0,9.266,-25.0,7.3044,9.277,15.3918,10.96,15.4433,11.0
280.6946,11556622.0,27578.0,32711.0,9.266,-25.0,7.3537,9.4198,15.6223,10.89,15.4433,11.0
280.6946,11560771.0,27658.0,32364.0,9.266,-25.0,7.2767,9.7372,16.1305,10.55,15.4433,11.0
280.7145,11551972.0,27553.0,33739.0,9.266,-25.0,7.4402,9.3206,15.4622,10.81,15.4433,11.0
280.7145,11551769.0,27600.0,33434.0,9.266,-25.0,7.4439,9.5071,15.7631,10.8,15.4433,11.0
280.7145,11548499.0,27571.0,33126.0,9.266,-25.0,7.5048,9.3921,15.5775,10.95,15.4433,11.0
280.7589,11547885.0,27557.0,32345.0,9.266,-25.0,7.5162,9.3365,15.4878,11.12,15.4433,11.0
280.7589,11551927.0,27669.0,33770.0,9.266,-25.0,7.441,9.7809,16.1993,10.76,15.4433,11.0
280.7589,11543377.0,27566.0,33378.0,9.266,-25.0,7.6002,9.3722,15.5455,11.05,15.4433,11.0
280.7909,11544020.0,27599.0,34534.0,9.569,-25.0,7.5882,9.5032,15.7567,11.07,15.9483,11.0
280.7909,11542970.0,27583.0,35006.0,9.569,-25.0,7.6078,9.4397,15.6543,11.16,15.9483,11.0
280.7909,11540490.0,27581.0,33623.0,9.569,-25.0,7.6541,9.4317,15.6415,11.28,15.9483,11.0
280.8232,11543298.0,27640.0,33352.0,9.569,-25.0,7.6017,9.6658,16.0176,11.07,15.9483,11.0
280.8232,11536281.0,27625.0,33659.0,9.569,-25.0,7.7326,9.6063,15.9229,11.11,15.9483,11.0
280.8232,11534607.0,27627.0,33459.0,9.569,-25.0,7.7639,9.6142,15.9355,11.16,15.9483,11.0
280.8389,11535396.0,27675.0,33436.0,9.569,-25.0,7.7492,9.8047,16.2369,11.0,15.9483,11.0
280.8389,11534336.0,27698.0,34874.0,9.569,-25.0,7.769,9.896,16.3808,10.84,15.9483,11.0
280.8389,11533402.0,27644.0,33627.0,9.569,-25.0,7.7864,9.6817,16.0429,10.95,15.9483,11.0
280.8707,11530610.0,27645.0,32835.0,9.569,-25.0,7.8386,9.6857,16.0491,11.06,15.9483,11.0
280.8707,11528723.0,27709.0,33209.0,9.569,-25.0,7.8739,9.9396,16.4498,10.93,15.9483,11.0
280.8707,11525652.0,27722.0,34043.0,9.569,-25.0,7.9314,9.9912,16.5325,10.85,15.9483,11.0
280.9054,11524359.0,27673.0,34054.0,9.569,-25.0,7.9557,9.7968,16.2244,11.0,15.9483,11.0
280.9054,11525693.0,27695.0,33580.0,9.569,-25.0,7.9307,9.884,16.362,10.98,15.9483,11.0
280.9054,11523744.0,27781.0,34383.0,9.569,-25.0,7.9672,10.2253,16.9106,10.72,15.9483,11.0
280.9347,11520903.0,27710.0,33470.0,9.856,-25.0,8.0204,9.9436,16.4561,10.84,16.4267,11.0
280.9347,11518761.0,27714.0,33730.0,9.856,-25.0,8.0606,9.9594,16.4813,10.93,16.4267,11.0
280.9347,11518583.0,27764.0,33525.0,9.856,-25.0,8.064,10.1578,16.8016,10.81,16.4267,11.0
280.9685,11518767.0,27699.0,34269.0,9.856,-25.0,8.0605,9.8999,16.387,10.97,16.4267,11.0
280.9685,11516342.0,27763.0,33560.0,9.856,-25.0,8.106,10.1538,16.7952,10.88,16.4267,11.0
280.9685,11511852.0,27713.0,33936.0,9.856,-25.0,8.1904,9.9555,16.475,11.09,16.4267,11.0
280.9992,11511852.0,27739.0,32359.0,9.856,-25.0,8.1904,10.0586,16.6414,11.1,16.4267,11.0
280.9992,11509023.0,27751.0,34064.0,9.856,-25.0,8.2436,10.1062,16.7183,11.11,16.4267,11.0
280.9992,11507072.0,27821.0,34247.0,9.856,-25.0,8.2803,10.384,17.1667,10.9,16.4267,11.0
281.0306,11508732.0,27771.0,34181.0,10.125,-25.0,8.249,10.1856,16.8465,10.92,16.875,11.0
281.0306,11506411.0,27775.0,35454.0,10.125,-25.0,8.2927,10.2015,16.8721,10.95,16.875,11.0
281.0306,11504878.0,27793.0,34041.0,10.125,-25.0,8.3216,10.2729,16.9875,10.93,16.875,11.0
281.0643,11503722.0,27870.0,32960.0,10.125,-25.0,8.3433,10.5784,17.4778,10.69,16.875,11.0
281.0643,11502023.0,27758.0,34152.0,10.125,-25.0,8.3753,10.134,16.7632,10.97,16.875,11.0
281.0643,11500989.0,27823.0,33833.0,10.125,-25.0,8.3948,10.3919,17.1795,10.9,16.875,11.0
281.0782,11499091.0,27769.0,35483.0,10.125,-25.0,8.4306,10.1777,16.8337,11.11,16.875,11.0
281.0782,11496869.0,27835.0,34472.0,10.125,-25.0,8.4725,10.4395,17.2562,11.0,16.875,11.0
281.0782,11496843.0,27817.0,34020.0,10.125,-25.0,8.473,10.3681,17.1411,11.0,16.875,11.0
281.1105,11495534.0,27860.0,33874.0,10.125,-25.0,8.4977,10.5387,17.4151,10.88,16.875,11.0
281.1105,11496061.0,27802.0,33832.0,10.125,-25.0,8.4878,10.3086,17.0452,11.0,16.875,11.0
281.1105,11496462.0,27839.0,34864.0,10.125,-25.0,8.4802,10.4554,17.2818,10.93,16.875,11.0
281.1427,11490605.0,27871.0,33677.0,10.381,-25.0,8.5908,10.5824,17.484,10.87,17.3017,11.0
281.1427,11491143.0,27824.0,33464.0,10.381,-25.0,8.5807,10.3959,17.1859,10.99,17.3017,11.0
281.1427,11489038.0,27893.0,33263.0,10.381,-25.0,8.6205,10.6696,17.6181,10.86,17.3017,11.0
281.1747,11488803.0,27841.0,33347.0,10.381,-25.0,8.6249,10.4633,17.2945,10.96,17.3017,11.0
281.1747,11489076.0,27856.0,33505.0,10.381,-25.0,8.6197,10.5228,17.3897,10.96,17.3017,11.0
281.1747,11485534.0,27893.0,33156.0,10.381,-25.0,8.6867,10.6696,17.6181,10.9,17.3017,11.0
281.2101,11484266.0,27859.0,33973.0,10.381,-25.0,8.7107,10.5347,17.4087,10.99,17.3017,11.0
281.2101,11483606.0,27929.0,32041.0,10.381,-25.0,8.7232,10.8125,17.8375,10.82,17.3017,11.0
281.2101,11482295.0,27968.0,33237.0,10.381,-25.0,8.7481,10.9672,18.0987,10.62,17.3017,11.0
281.24,11481538.0,27900.0,34221.0,10.381,-25.0,8.7624,10.6974,17.6607,10.73,17.3017,11.0
281.24,11479382.0,27895.0,33160.0,10.381,-25.0,8.8033,10.6776,17.6302,10.84,17.3017,11.0
281.24,11477380.0,27893.0,34780.0,10.381,-25.0,8.8412,10.6696,17.6181,10.95,17.3017,11.0
281.2558,11476033.0,27970.0,34102.0,10.622,-25.0,8.8668,10.9752,18.1126,10.77,17.7033,11.0
281.2558,11475745.0,27935.0,33857.0,10.622,-25.0,8.8722,10.8363,17.8741,10.79,17.7033,11.0
281.2558,11472576.0,27894.0,32917.0,10.622,-25.0,8.9324,10.6736,17.6241,11.01,17.7033,11.0
281.3028,11474278.0,27958.0,33200.0,10.622,-25.0,8.9001,10.9275,18.0293,10.88,17.7033,11.0
281.3028,11472296.0,27900.0,34759.0,10.622,-25.0,8.9377,10.6974,17.6607,11.04,17.7033,11.0
281.3028,11472311.0,27938.0,36019.0,10.622,-25.0,8.9374,10.8482,17.8932,11.0,17.7033,11.0
281.3193,11470858.0,27906.0,32644.0,10.622,-25.0,8.965,10.7212,17.6973,11.12,17.7033,11.0
281.3193,11469170.0,27868.0,33914.0,10.622,-25.0,8.9971,10.5705,17.4653,11.4,17.7033,11.0
281.3193,11476110.0,27951.0,32917.0,10.622,-25.0,8.8653,10.8998,17.9807,11.11,17.7033,11.0
281.3508,11465525.0,28012.0,34129.0,10.622,-25.0,9.0664,11.1418,18.3984,10.87,17.7033,11.0
281.3508,11465246.0,27981.0,33967.0,10.622,-25.0,9.0717,11.0188,18.1889,10.85,17.7033,11.0
281.3508,11465235.0,27991.0,33383.0,10.622,-25.0,9.0719,11.0585,18.2581,10.79,17.7033,11.0
281.3832,11465210.0,27993.0,34057.0,10.831,-25.0,9.0724,11.0664,18.2719,10.75,18.0517,11.0
281.3832,11463436.0,27951.0,34268.0,10.831,-25.0,9.1062,10.8998,17.9807,10.92,18.0517,11.0
281.3832,11461754.0,28007.0,34635.0,10.831,-25.0,9.1382,11.122,18.3652,10.84,18.0517,11.0
281.4148,11459966.0,28009.0,34238.0,10.831,-25.0,9.1723,11.1299,18.3784,10.8,18.0517,11.0
281.4148,11457463.0,27956.0,34187.0,10.831,-25.0,9.22,10.9196,18.0154,11.05,18.0517,11.0
281.4148,11458933.0,27976.0,33949.0,10.831,-25.0,9.1919,10.999,18.1542,11.07,18.0517,11.0
281.4469,11461446.0,28027.0,33970.0,10.831,-25.0,9.1441,11.2013,18.4948,10.86,18.0517,11.0
281.4469,11454574.0,28034.0,34618.0,10.831,-25.0,9.2751,11.2291,18.5357,10.82,18.0517,11.0
281.4469,11454255.0,28046.0,34012.0,10.831,-25.0,9.2812,11.2767,18.6059,10.76,18.0517,11.0
281.4801,11452292.0,28027.0,34441.0,11.031,-25.0,9.3186,11.2013,18.4948,10.81,18.385,11.0
281.4801,11452567.0,28024.0,33829.0,11.031,-25.0,9.3134,11.1894,18.477,10.85,18.385,11.0
281.4801,11453543.0,28030.0,33292.0,11.031,-25.0,9.2947,11.2132,18.5123,10.84,18.385,11.0
281.5118,11449719.0,28020.0,34172.0,11.031,-25.0,9.3678,11.1735,18.451,10.93,18.385,11.0
281.5118,11450236.0,27982.0,33673.0,11.031,-25.0,9.3579,11.0228,18.1959,11.15,18.385,11.0
281.5118,11449464.0,28078.0,34050.0,11.031,-25.0,9.3726,11.4037,18.7931,10.93,18.385,11.0
281.5291,11446899.0,28086.0,33947.0,11.031,-25.0,9.4216,11.4354,18.8399,10.81,18.385,11.0
281.5291,11445099.0,28025.0,34695.0,11.031,-25.0,9.4561,11.1934,18.4831,10.98,18.385,11.0
281.5291,11449854.0,28049.0,33385.0,11.031,-25.0,9.3652,11.2886,18.6235,10.91,18.385,11.0
281.5803,11444394.0,28053.0,34901.0,11.194,-25.0,9.4696,11.3045,18.6469,10.95,18.6567,11.0
281.5803,11442197.0,28080.0,34346.0,11.194,-25.0,9.5116,11.4116,18.8048,10.92,18.6567,11.0
281.5803,11443935.0,28064.0,33138.0,11.194,-25.0,9.4783,11.3481,18.7112,10.92,18.6567,11.0
281.5946,11443419.0,28049.0,34244.0,11.194,-25.0,9.4882,11.2886,18.6235,10.98,18.6567,11.0
281.5946,11445237.0,28060.0,33795.0,11.194,-25.0,9.4534,11.3322,18.6878,10.95,18.6567,11.0
281.5946,11439297.0,28090.0,34476.0,11.194,-25.0,9.5671,11.4513,18.8633,10.93,18.6567,11.0
281.6241,11439061.0,28066.0,33464.0,11.194,-25.0,9.5717,11.356,18.7229,11.01,18.6567,11.0
281.6241,11437685.0,28128.0,33114.0,11.194,-25.0,9.598,11.602,19.0857,10.87,18.6567,11.0
281.6241,11438721.0,28075.0,33747.0,11.194,-25.0,9.5782,11.3918,18.7756,10.94,18.6567,11.0
281.6561,11438658.0,28146.0,34591.0,11.194,-25.0,9.5794,11.6735,19.1918,10.76,18.6567,11.0
281.6561,11436101.0,28065.0,33508.0,11.194,-25.0,9.6284,11.3521,18.7171,10.96,18.6567,11.0
281.6561,11434472.0,28087.0,33181.0,11.194,-25.0,9.6596,11.4394,18.8458,11.03,18.6567,11.0
281.6882,11432807.0,28089.0,33055.0,11.353,-25.0,9.6916,11.4473,18.8575,11.09,18.9217,11.0
281.6882,11432974.0,28126.0,34096.0,11.353,-25.0,9.6884,11.5941,19.074,11.0,18.9217,11.0
281.6882,11434472.0,28162.0,34546.0,11.353,-25.0,9.6596,11.7369,19.29,10.81,18.9217,11.0
281.7202,11432515.0,28147.0,34508.0,11.353,-25.0,9.6972,11.6774,19.1979,10.77,18.9217,11.0
281.7202,11429772.0,28087.0,35158.0,11.353,-25.0,9.7498,11.4394,18.8458,11.01,18.9217,11.0
281.7202,11429926.0,28143.0,33388.0,11.353,-25.0,9.7469,11.6616,19.1736,10.95,18.9217,11.0
281.7516,11428493.0,28069.0,31995.0,11.353,-25.0,9.7744,11.368,18.7405,11.22,18.9217,11.0
281.7516,11429886.0,28150.0,34259.0,11.353,-25.0,9.7476,11.6893,19.2162,11.05,18.9217,11.0
281.7516,11428716.0,28117.0,35424.0,11.353,-25.0,9.7701,11.5584,19.0213,11.08,18.9217,11.0
281.7834,11427786.0,28203.0,34155.0,11.353,-25.0,9.788,11.8996,19.5469,10.82,18.9217,11.0
281.7834,11426286.0,28121.0,33311.0,11.353,-25.0,9.8168,11.5743,19.0447,10.97,18.9217,11.0
281.7834,11426399.0,28060.0,33219.0,11.353,-25.0,9.8146,11.3322,18.6878,11.32,18.9217,11.0
281.7999,11428155.0,28123.0,32268.0,11.506,-25.0,9.7809,11.5822,19.0564,11.23,19.1767,11.0
281.7999,11427260.0,28119.0,33714.0,11.506,-25.0,9.7981,11.5663,19.033,11.2,19.1767,11.0
281.7999,11423088.0,28154.0,32396.0,11.506,-25.0,9.8783,11.7052,19.2406,11.13,19.1767,11.0
281.8395,11422785.0,28136.0,34303.0,11.506,-25.0,9.8841,11.6338,19.1326,11.16,19.1767,11.0
281.8395,11422785.0,28165.0,34380.0,11.506,-25.0,9.8841,11.7488,19.3085,11.08,19.1767,11.0
281.8395,11422105.0,28136.0,33847.0,11.506,-25.0,9.8972,11.6338,19.1326,11.14,19.1767,11.0
281.869,11423971.0,28138.0,33064.0,11.506,-25.0,9.8613,11.6417,19.1443,11.14,19.1767,11.0
281.869,11420062.0,28146.0,33735.0,11.506,-25.0,9.9365,11.6735,19.1918,11.18,19.1767,11.0
281.869,11419692.0,28198.0,35008.0,11.506,-25.0,9.9437,11.8798,19.5155,11.03,19.1767,11.0
281.8964,11416221.0,28189.0,33635.0,11.506,-25.0,10.0105,11.8441,19.459,11.02,19.1767,11.0
281.8964,11419756.0,28193.0,34573.0,11.506,-25.0,9.9424,11.8599,19.4841,10.94,19.1767,11.0
281.8964,11416908.0,28173.0,34025.0,11.506,-25.0,9.9973,11.7806,19.3585,11.02,19.1767,11.0
281.9282,11417617.0,28286.0,32985.0,11.628,-25.0,9.9836,12.2289,20.0544,10.67,19.38,11.0
281.9282,11415327.0,28212.0,34675.0,11.628,-25.0,10.0278,11.9353,19.6034,10.74,19.38,11.0
281.9282,11416662.0,28171.0,33262.0,11.628,-25.0,10.002,11.7727,19.346,10.91,19.38,11.0
281.9616,11413994.0,28179.0,32896.0,11.628,-25.0,10.0535,11.8044,19.3962,11.02,19.38,11.0
281.9616,11416038.0,28171.0,33468.0,11.628,-25.0,10.014,11.7727,19.346,11.09,19.38,11.0
281.9616,11417387.0,28179.0,33769.0,11.628,-25.0,9.9881,11.8044,19.3962,11.07,19.38,11.0
281.9928,11413859.0,28168.0,34392.0,11.628,-25.0,10.0561,11.7607,19.3271,11.17,19.38,11.0
281.9928,11411333.0,28230.0,34261.0,11.628,-25.0,10.1048,12.0067,19.7162,11.04,19.38,11.0
281.9928,11412228.0,28216.0,31858.0,11.628,-25.0,10.0875,11.9512,19.6285,11.0,19.38,11.0
282.0267,11411014.0,28177.0,33025.0,11.738,-25.0,10.1109,11.7965,19.3836,11.14,19.5633,11.0
282.0267,11409148.0,28256.0,33887.0,11.738,-25.0,10.147,12.1099,19.8754,10.97,19.5633,11.0
282.0267,11409467.0,28233.0,34528.0,11.738,-25.0,10.1408,12.0186,19.735,10.94,19.5633,11.0
282.0473,11409596.0,28172.0,33373.0,11.738,-25.0,10.1383,11.7766,19.3522,11.16,19.5633,11.0
282.0473,11409477.0,28255.0,32553.0,11.738,-25.0,10.1406,12.1059,19.8694,10.98,19.5633,11.0
282.0473,11409263.0,28193.0,34215.0,11.738,-25.0,10.1447,11.8599,19.4841,11.1,19.5633,11.0
282.0711,11410810.0,28226.0,34574.0,11.738,-25.0,10.1149,11.9909,19.6912,11.02,19.5633,11.0
282.0711,11412525.0,28278.0,34211.0,11.738,-25.0,10.0818,12.1972,20.0072,10.77,19.5633,11.0
282.0711,11408389.0,28170.0,34172.0,11.738,-25.0,10.1616,11.7687,19.3397,11.09,19.5633,11.0
282.1031,11407059.0,28269.0,33290.0,11.738,-25.0,10.1873,12.1615,19.9535,10.93,19.5633,11.0
282.1031,11406528.0,28255.0,34156.0,11.738,-25.0,10.1976,12.1059,19.8694,10.88,19.5633,11.0
282.1031,11406239.0,28141.0,34873.0,11.738,-25.0,10.2032,11.6536,19.1619,11.35,19.5633,11.0
282.1347,11411648.0,28192.0,34071.0,11.828,-25.0,10.0987,11.856,19.4778,11.28,19.7133,11.0
282.1347,11406860.0,28280.0,33614.0,11.828,-25.0,10.1912,12.2051,20.019,11.0,19.7133,11.0
282.1347,11405224.0,28187.0,33141.0,11.828,-25.0,10.2228,11.8361,19.4464,11.22,19.7133,11.0
282.1729,11406251.0,28251.0,34989.0,11.828,-25.0,10.2029,12.0901,19.8452,11.08,19.7133,11.0
282.1729,11405108.0,28247.0,34072.0,11.828,-25.0,10.225,12.0742,19.821,11.03,19.7133,11.0
282.1729,11404871.0,28250.0,34342.0,11.828,-25.0,10.2296,12.0861,19.8391,10.99,19.7133,11.0
282.1991,11404632.0,28273.0,33150.0,11.828,-25.0,10.2342,12.1774,19.9775,10.89,19.7133,11.0
282.1991,11403255.0,28197.0,31903.0,11.828,-25.0,10.2608,11.8758,19.5092,11.15,19.7133,11.0
282.1991,11403435.0,28229.0,34742.0,11.828,-25.0,10.2574,12.0028,19.71,11.16,19.7133,11.0
282.2319,11403114.0,28229.0,34039.0,11.828,-25.0,10.2636,12.0028,19.71,11.18,19.7133,11.0
282.2319,11404963.0,28267.0,34312.0,11.828,-25.0,10.2278,12.1535,19.9415,11.02,19.7133,11.0
282.2319,11402492.0,28203.0,32658.0,11.828,-25.0,10.2756,11.8996,19.5469,11.21,19.7133,11.0
282.2636,11400929.0,28233.0,32026.0,11.9,-25.0,10.3058,12.0186,19.735,11.23,19.8333,11.0
282.2636,11399225.0,28237.0,33840.0,11.9,-25.0,10.3388,12.0345,19.7598,11.26,19.8333,11.0
282.2636,11399314.0,28251.0,34435.0,11.9,-25.0,10.3371,12.0901,19.8452,11.22,19.8333,11.0
282.2973,11403951.0,28204.0,34227.0,11.9,-25.0,10.2474,11.9036,19.5531,11.3,19.8333,11.0
282.2973,11400734.0,28285.0,32518.0,11.9,-25.0,10.3096,12.225,20.0485,11.1,19.8333,11.0
282.2973,11398769.0,28271.0,33043.0,11.9,-25.0,10.3476,12.1694,19.9655,11.06,19.8333,11.0
282.3143,11400421.0,28234.0,34897.0,11.9,-25.0,10.3157,12.0226,19.7412,11.14,19.8333,11.0
282.3143,11399770.0,28327.0,33833.0,11.9,-25.0,10.3283,12.3916,20.2967,10.87,19.8333,11.0
282.3143,11402961.0,28208.0,34948.0,11.9,-25.0,10.2665,11.9195,19.5782,11.09,19.8333,11.0
282.3473,11399008.0,28295.0,34334.0,11.9,-25.0,10.343,12.2646,20.1076,10.96,19.8333,11.0
282.3473,11397699.0,28290.0,33644.0,11.9,-25.0,10.3684,12.2448,20.078,10.93,19.8333,11.0
282.3473,11400147.0,28317.0,34263.0,11.9,-25.0,10.321,12.3519,20.2375,10.77,19.8333,11.0
282.3767,11396689.0,28283.0,34653.0,11.953,-25.0,10.3879,12.217,20.0367,10.86,19.9217,11.0
282.3767,11397129.0,28326.0,34220.0,11.953,-25.0,10.3794,12.3876,20.2908,10.74,19.9217,11.0
282.3767,11398533.0,28286.0,34434.0,11.953,-25.0,10.3522,12.2289,20.0544,10.8,19.9217,11.0
282.4089,11396794.0,28296.0,32864.0,11.953,-25.0,10.3859,12.2686,20.1135,10.82,19.9217,11.0
282.4089,11398874.0,28266.0,32829.0,11.953,-25.0,10.3456,12.1496,19.9355,10.91,19.9217,11.0
282.4089,11397836.0,28270.0,32321.0,11.953,-25.0,10.3657,12.1654,19.9595,10.97,19.9217,11.0
282.4409,11398751.0,28268.0,33272.0,11.953,-25.0,10.348,12.1575,19.9475,10.99,19.9217,11.0
282.4409,11395845.0,28256.0,33603.0,11.953,-25.0,10.4043,12.1099,19.8754,11.1,19.9217,11.0
282.4409,11397657.0,28294.0,34653.0,11.953,-25.0,10.3692,12.2607,20.1017,11.0,19.9217,11.0
282.4728,11396003.0,28290.0,34879.0,11.988,-25.0,10.4012,12.2448,20.078,10.98,19.98,11.0
282.4728,11395130.0,28326.0,35374.0,11.988,-25.0,10.4181,12.3876,20.2908,10.85,19.98,11.0
282.4728,11394985.0,28248.0,35072.0,11.988,-25.0,10.4209,12.0782,19.827,11.06,19.98,11.0
282.49,11397774.0,28267.0,34502.0,11.988,-25.0,10.3669,12.1535,19.9415,11.07,19.98,11.0
282.49,11395077.0,28252.0,33244.0,11.988,-25.0,10.4192,12.094,19.8512,11.17,19.98,11.0
282.49,11395249.0,28235.0,34668.0,11.988,-25.0,10.4158,12.0266,19.7474,11.31,19.98,11.0
282.5368,11396411.0,28295.0,35271.0,11.988,-25.0,10.3933,12.2646,20.1076,11.14,19.98,11.0
282.5368,11396618.0,28290.0,33659.0,11.988,-25.0,10.3893,12.2448,20.078,11.05,19.98,11.0
282.5368,11394425.0,28276.0,33934.0,11.988,-25.0,10.4318,12.1893,19.9953,11.09,19.98,11.0
282.5527,11399176.0,28276.0,33964.0,11.988,-25.0,10.3398,12.1893,19.9953,11.03,19.98,11.0
282.5527,11396477.0,28251.0,33910.0,11.988,-25.0,10.392,12.0901,19.8452,11.13,19.98,11.0
282.5527,11395054.0,28292.0,34188.0,11.988,-25.0,10.4196,12.2527,20.0898,11.07,19.98,11.0
282.5867,11395845.0,28331.0,34840.0,12.0,-25.0,10.4043,12.4075,20.3204,10.87,20.0,11.0
282.5867,11392684.0,28236.0,33301.0,12.0,-25.0,10.4655,12.0305,19.7536,11.18,20.0,11.0
282.5867,11394077.0,28348.0,33348.0,12.0,-25.0,10.4385,12.4749,20.4235,10.91,20.0,11.0
282.6172,11395241.0,28257.0,34527.0,12.0,-25.0,10.416,12.1139,19.8814,11.06,20.0,11.0
282.6172,11394854.0,28371.0,35301.0,12.0,-25.0,10.4235,12.5662,20.5774,10.74,20.0,11.0
282.6172,11395521.0,28305.0,34570.0,12.0,-25.0,10.4106,12.3043,20.1666,10.78,20.0,11.0
282.6501,11396001.0,28277.0,34810.0,12.0,-25.0,10.4013,12.1932,20.0013,10.89,20.0,11.0
282.6501,11396126.0,28352.0,33926.0,12.0,-25.0,10.3988,12.4908,20.4482,10.69,20.0,11.0
282.6501,11395845.0,28298.0,34340.0,12.0,-25.0,10.4043,12.2765,20.1253,10.77,20.0,11.0
282.6721,11396001.0,28292.0,33189.0,12.0,-25.0,10.4013,12.2527,20.0898,10.83,20.0,11.0
282.6721,11396046.0,28300.0,34837.0,12.0,-25.0,10.4004,12.2845,20.1371,10.84,20.0,11.0
282.6721,11394152.0,28312.0,35207.0,12.0,-25.0,10.4371,12.3321,20.208,10.83,20.0,11.0
282.7121,11397260.0,28250.0,33261.0,12.0,-25.0,10.3769,12.0861,19.8391,11.0,20.0,11.0
282.7121,11403114.0,28324.0,33497.0,12.0,-25.0,10.2636,12.3797,20.279,10.75,20.0,11.0
282.7121,11395401.0,28338.0,33604.0,12.0,-25.0,10.4129,12.4352,20.3622,10.66,20.0,11.0
282.7485,11396126.0,28303.0,35230.0,12.0,-25.0,10.3988,12.2964,20.1548,10.73,20.0,11.0
282.7485,11395588.0,28248.0,34529.0,12.0,-25.0,10.4093,12.0782,19.827,10.98,20.0,11.0
282.7485,11396251.0,28314.0,34610.0,12.0,-25.0,10.3964,12.34,20.2198,10.87,20.0,11.0
282.7758,11392486.0,28273.0,33983.0,12.0,-25.0,10.4694,12.1774,19.9775,11.03,20.0,11.0
282.7758,11395774.0,28280.0,33933.0,12.0,-25.0,10.4057,12.2051,20.019,11.04,20.0,11.0
282.7758,11394521.0,28306.0,33963.0,12.0,-25.0,10.4299,12.3083,20.1725,10.97,20.0,11.0
282.7919,11395609.0,28325.0,33438.0,12.0,-25.0,10.4088,12.3837,20.2849,10.84,20.0,11.0
282.7919,11394595.0,28345.0,33038.0,12.0,-25.0,10.4285,12.463,20.4049,10.7,20.0,11.0
282.7919,11398039.0,28286.0,34292.0,12.0,-25.0,10.3618,12.2289,20.0544,10.78,20.0,11.0
282.825,11394228.0,28251.0,33843.0,12.0,-25.0,10.4356,12.0901,19.8452,11.02,20.0,11.0
282.825,11396177.0,28279.0,34127.0,12.0,-25.0,10.3978,12.2012,20.0131,11.03,20.0,11.0
282.825,11395301.0,28317.0,34211.0,12.0,-25.0,10.4148,12.3519,20.2375,10.91,20.0,11.0
282.8558,11398533.0,28304.0,33357.0,12.0,-25.0,10.3522,12.3003,20.1607,10.83,20.0,11.0
282.8558,11395264.0,28327.0,34526.0,12.0,-25.0,10.4155,12.3916,20.2967,10.75,20.0,11.0
282.8558,11395241.0,28290.0,34150.0,12.0,-25.0,10.416,12.2448,20.078,10.85,20.0,11.0
282.8874,11395451.0,28333.0,34500.0,12.0,-25.0,10.4119,12.4154,20.3323,10.74,20.0,11.0
282.8874,11395338.0,28312.0,33923.0,12.0,-25.0,10.4141,12.3321,20.208,10.75,20.0,11.0
282.8874,11397699.0,28238.0,32672.0,12.0,-25.0,10.3684,12.0385,19.7659,10.99,20.0,11.0
282.9203,11395604.0,28298.0,34157.0,12.0,-25.0,10.4089,12.2765,20.1253,10.95,20.0,11.0
282.9203,11398182.0,28268.0,34923.0,12.0,-25.0,10.359,12.1575,19.9475,10.99,20.0,11.0
282.9203,11395096.0,28255.0,34667.0,12.0,-25.0,10.4188,12.1059,19.8694,11.12,20.0,11.0
282.9503,11395273.0,28311.0,33899.0,12.0,-25.0,10.4154,12.3281,20.2021,10.98,20.0,11.0
282.9503,11395583.0,28279.0,33863.0,12.0,-25.0,10.4094,12.2012,20.0131,11.02,20.0,11.0
282.9503,11395212.0,28241.0,33442.0,12.0,-25.0,10.4165,12.0504,19.7845,11.19,20.0,11.0
282.9809,11401169.0,28272.0,34235.0,12.0,-25.0,10.3012,12.1734,19.9715,11.07,20.0,11.0
282.9809,11395702.0,28321.0,33496.0,12.0,-25.0,10.407,12.3678,20.2612,10.91,20.0,11.0
282.9809,11395216.0,28266.0,33256.0,12.0,-25.0,10.4165,12.1496,19.9355,11.03,20.0,11.0
283.013,11395123.0,28319.0,33479.0,12.0,-25.0,10.4183,12.3599,20.2493,10.9,20.0,11.0
283.013,11396393.0,28330.0,33785.0,12.0,-25.0,10.3937,12.4035,20.3145,10.77,20.0,11.0
283.013,11395077.0,28260.0,34492.0,12.0,-25.0,10.4192,12.1258,19.8994,10.96,20.0,11.0
283.0455,11394552.0,28373.0,33942.0,12.0,-25.0,10.4293,12.5741,20.5912,10.68,20.0,11.0
283.0455,11396182.0,28299.0,33722.0,12.0,-25.0,10.3977,12.2805,20.1312,10.75,20.0,11.0
283.0455,11394849.0,28210.0,33269.0,12.0,-25.0,10.4236,11.9274,19.5908,11.18,20.0,11.0
283.0672,11396334.0,28253.0,35542.0,12.0,-25.0,10.3948,12.098,19.8573,11.22,20.0,11.0
283.0672,11397983.0,28242.0,34570.0,12.0,-25.0,10.3629,12.0544,19.7907,11.25,20.0,11.0
283.0672,11394637.0,28261.0,35671.0,12.0,-25.0,10.4277,12.1297,19.9054,11.26,20.0,11.0
283.0933,11395765.0,28258.0,34006.0,12.0,-25.0,10.4058,12.1178,19.8874,11.26,20.0,11.0
283.0933,11394811.0,28320.0,34929.0,12.0,-25.0,10.4243,12.3638,20.2552,11.04,20.0,11.0
283.0933,11394964.0,28299.0,32445.0,12.0,-25.0,10.4213,12.2805,20.1312,10.99,20.0,11.0
283.1304,11395338.0,28273.0,34480.0,12.0,-25.0,10.4141,12.1774,19.9775,11.05,20.0,11.0
283.1304,11395845.0,28273.0,34914.0,12.0,-25.0,10.4043,12.1774,19.9775,11.07,20.0,11.0
283.1304,11396148.0,28359.0,33433.0,12.0,-25.0,10.3984,12.5186,20.4945,10.77,20.0,11.0
283.1557,11395264.0,28284.0,32895.0,12.0,-25.0,10.4155,12.221,20.0426,10.88,20.0,11.0
283.1557,11396246.0,28314.0,35095.0,12.0,-25.0,10.3965,12.34,20.2198,10.81,20.0,11.0
283.1557,11396493.0,28232.0,34460.0,12.0,-25.0,10.3917,12.0147,19.7287,11.08,20.0,11.0
283.1885,11399807.0,28257.0,34741.0,12.0,-25.0,10.3275,12.1139,19.8814,11.08,20.0,11.0
283.1885,11396493.0,28250.0,35080.0,12.0,-25.0,10.3917,12.0861,19.8391,11.17,20.0,11.0
283.1885,11395392.0,28274.0,34539.0,12.0,-25.0,10.4131,12.1813,19.9835,11.15,20.0,11.0
283.2202,11395234.0,28322.0,34864.0,12.0,-25.0,10.4161,12.3718,20.2671,10.96,20.0,11.0
283.2202,11398280.0,28304.0,32899.0,12.0,-25.0,10.3571,12.3003,20.1607,10.87,20.0,11.0
283.2202,11397450.0,28264.0,33121.0,12.0,-25.0,10.3732,12.1416,19.9235,10.97,20.0,11.0
283.2523,11395095.0,28305.0,34367.0,12.0,-25.0,10.4188,12.3043,20.1666,10.92,20.0,11.0
283.2523,11394577.0,28246.0,33313.0,12.0,-25.0,10.4288,12.0702,19.815,11.12,20.0,11.0
283.2523,11395622.0,28290.0,34046.0,12.0,-25.0,10.4086,12.2448,20.078,11.06,20.0,11.0
283.2848,11398460.0,28185.0,33903.0,12.0,-25.0,10.3536,11.8282,19.4339,11.41,20.0,11.0
283.2848,11396459.0,28261.0,34123.0,12.0,-25.0,10.3924,12.1297,19.9054,11.32,20.0,11.0
283.2848,11395845.0,28346.0,34302.0,12.0,-25.0,10.4043,12.467,20.4111,10.97,20.0,11.0
283.3008,11394728.0,28319.0,33301.0,12.0,-25.0,10.4259,12.3599,20.2493,10.88,20.0,11.0
283.3008,11395329.0,28314.0,34256.0,12.0,-25.0,10.4143,12.34,20.2198,10.83,20.0,11.0
283.3008,11395115.0,28262.0,33514.0,12.0,-25.0,10.4184,12.1337,19.9114,10.99,20.0,11.0
283.3327,11397855.0,28287.0,34277.0,12.0,-25.0,10.3653,12.2329,20.0603,10.96,20.0,11.0
283.3327,11396449.0,28286.0,34924.0,12.0,-25.0,10.3926,12.2289,20.0544,10.96,20.0,11.0
283.3327,11395920.0,28281.0,33819.0,12.0,-25.0,10.4028,12.2091,20.0249,10.99,20.0,11.0
283.3644,11395557.0,28283.0,34117.0,12.0,-25.0,10.4099,12.217,20.0367,11.01,20.0,11.0
283.3644,11396108.0,28282.0,33173.0,12.0,-25.0,10.3992,12.2131,20.0308,11.01,20.0,11.0
283.3644,11396265.0,28264.0,35158.0,12.0,-25.0,10.3961,12.1416,19.9235,11.08,20.0,11.0
283.3968,11394264.0,28311.0,35731.0,12.0,-25.0,10.4349,12.3281,20.2021,10.98,20.0,11.0
283.3968,11395132.0,28287.0,34211.0,12.0,-25.0,10.4181,12.2329,20.0603,10.99,20.0,11.0
283.3968,11394595.0,28281.0,35593.0,12.0,-25.0,10.4285,12.2091,20.0249,11.03,20.0,11.0
283.4294,11394770.0,28302.0,34629.0,12.0,-25.0,10.4251,12.2924,20.1489,10.97,20.0,11.0
283.4294,11395845.0,28268.0,35039.0,12.0,-25.0,10.4043,12.1575,19.9475,11.05,20.0,11.0
283.4294,11395466.0,28313.0,35160.0,12.0,-25.0,10.4116,12.3361,20.2139,10.93,20.0,11.0
283.4616,11396456.0,28332.0,33893.0,12.0,-25.0,10.3924,12.4114,20.3264,10.78,20.0,11.0
283.4616,11396602.0,28233.0,34479.0,12.0,-25.0,10.3896,12.0186,19.735,11.05,20.0,11.0
283.4616,11394293.0,28264.0,33492.0,12.0,-25.0,10.4344,12.1416,19.9235,11.13,20.0,11.0
283.4975,11395682.0,28320.0,35020.0,12.0,-25.0,10.4074,12.3638,20.2552,10.95,20.0,11.0
283.4975,11399490.0,28312.0,34067.0,12.0,-25.0,10.3337,12.3321,20.208,10.81,20.0,11.0
283.4975,11394637.0,28251.0,33508.0,12.0,-25.0,10.4277,12.0901,19.8452,11.03,20.0,11.0
283.5247,11395210.0,28224.0,34829.0,12.0,-25.0,10.4166,11.9829,19.6787,11.28,20.0,11.0
283.5247,11394616.0,28257.0,34571.0,12.0,-25.0,10.4281,12.1139,19.8814,11.29,20.0,11.0
283.5247,11396133.0,28200.0,34667.0,12.0,-25.0,10.3987,11.8877,19.528,11.53,20.0,11.0
283.5566,11396334.0,28293.0,34550.0,12.0,-25.0,10.3948,12.2567,20.0957,11.28,20.0,11.0
283.5566,11401381.0,28363.0,34243.0,12.0,-25.0,10.2971,12.5344,20.5221,10.81,20.0,11.0
283.5566,11394205.0,28297.0,33751.0,12.0,-25.0,10.4361,12.2726,20.1194,10.87,20.0,11.0
283.5757,11395466.0,28282.0,34254.0,12.0,-25.0,10.4116,12.2131,20.0308,10.94,20.0,11.0
283.5757,11395327.0,28265.0,34360.0,12.0,-25.0,10.4143,12.1456,19.9295,11.05,20.0,11.0
283.5757,11396049.0,28300.0,34687.0,12.0,-25.0,10.4003,12.2845,20.1371,10.97,20.0,11.0
283.6045,11396334.0,28315.0,34082.0,12.0,-25.0,10.3948,12.344,20.2257,10.86,20.0,11.0
283.6045,11396056.0,28289.0,34318.0,12.0,-25.0,10.4002,12.2408,20.0721,10.9,20.0,11.0
283.6045,11395315.0,28326.0,33004.0,12.0,-25.0,10.4145,12.3876,20.2908,10.8,20.0,11.0
283.6363,11394669.0,28273.0,34426.0,12.0,-25.0,10.4271,12.1774,19.9775,10.94,20.0,11.0
283.6363,11397426.0,28297.0,33776.0,12.0,-25.0,10.3736,12.2726,20.1194,10.9,20.0,11.0
283.6363,11394449.0,28219.0,33897.0,12.0,-25.0,10.4313,11.9631,19.6473,11.24,20.0,11.0
283.6684,11394637.0,28327.0,33817.0,12.0,-25.0,10.4277,12.3916,20.2967,11.01,20.0,11.0
283.6684,11395763.0,28268.0,33688.0,12.0,-25.0,10.4059,12.1575,19.9475,11.07,20.0,11.0
283.6684,11394349.0,28277.0,34211.0,12.0,-25.0,10.4333,12.1932,20.0013,11.1,20.0,11.0
283.7011,11395845.0,28284.0,35336.0,12.0,-25.0,10.4043,12.221,20.0426,11.06,20.0,11.0
283.7011,11397196.0,28295.0,33925.0,12.0,-25.0,10.3781,12.2646,20.1076,10.98,20.0,11.0
283.7011,11395845.0,28297.0,35480.0,12.0,-25.0,10.4043,12.2726,20.1194,10.94,20.0,11.0
283.7342,11395383.0,28294.0,35117.0,12.0,-25.0,10.4132,12.2607,20.1017,10.94,20.0,11.0
283.7342,11396439.0,28322.0,34591.0,12.0,-25.0,10.3928,12.3718,20.2671,10.82,20.0,11.0
283.7342,11394883.0,28229.0,34283.0,12.0,-25.0,10.4229,12.0028,19.71,11.13,20.0,11.0
283.7654,11398330.0,28273.0,33917.0,12.0,-25.0,10.3561,12.1774,19.9775,11.08,20.0,11.0
283.7654,11397699.0,28237.0,34570.0,12.0,-25.0,10.3684,12.0345,19.7598,11.19,20.0,11.0
283.7654,11395264.0,28226.0,33547.0,12.0,-25.0,10.4155,11.9909,19.6912,11.36,20.0,11.0
283.7815,11393925.0,28285.0,34938.0,12.0,-25.0,10.4415,12.225,20.0485,11.25,20.0,11.0
283.7815,11395474.0,28259.0,34938.0,12.0,-25.0,10.4115,12.1218,19.8934,11.25,20.0,11.0
283.7815,11394515.0,28275.0,33442.0,12.0,-25.0,10.43,12.1853,19.9894,11.21,20.0,11.0
283.8143,11400395.0,28371.0,33688.0,12.0,-25.0,10.3162,12.5662,20.5774,10.75,20.0,11.0
283.8143,11396739.0,28290.0,33481.0,12.0,-25.0,10.387,12.2448,20.078,10.82,20.0,11.0
283.8143,11395418.0,28269.0,35353.0,12.0,-25.0,10.4125,12.1615,19.9535,10.96,20.0,11.0
283.8464,11395845.0,28254.0,34327.0,12.0,-25.0,10.4043,12.102,19.8633,11.09,20.0,11.0
283.8464,11397338.0,28344.0,33706.0,12.0,-25.0,10.3754,12.4591,20.3987,10.82,20.0,11.0
283.8464,11395845.0,28265.0,34416.0,12.0,-25.0,10.4043,12.1456,19.9295,10.96,20.0,11.0
283.8791,11395241.0,28281.0,34464.0,12.0,-25.0,10.416,12.2091,20.0249,11.0,20.0,11.0
283.8791,11395685.0,28211.0,35657.0,12.0,-25.0,10.4074,11.9314,19.5971,11.31,20.0,11.0
283.8791,11394703.0,28315.0,35182.0,12.0,-25.0,10.4264,12.344,20.2257,11.1,20.0,11.0
283.9098,11396876.0,28285.0,35252.0,12.0,-25.0,10.3843,12.225,20.0485,11.04,20.0,11.0
283.9098,11397620.0,28288.0,35029.0,12.0,-25.0,10.3699,12.2369,20.0662,10.98,20.0,11.0
283.9098,11394033.0,28312.0,34664.0,12.0,-25.0,10.4394,12.3321,20.208,10.92,20.0,11.0
283.9416,11396902.0,28206.0,33575.0,12.0,-25.0,10.3838,11.9115,19.5657,11.26,20.0,11.0
283.9416,11394595.0,28315.0,35835.0,12.0,-25.0,10.4285,12.344,20.2257,11.07,20.0,11.0
283.9416,11394925.0,28275.0,34442.0,12.0,-25.0,10.4221,12.1853,19.9894,11.09,20.0,11.0
283.9746,11398346.0,28261.0,34631.0,12.0,-25.0,10.3558,12.1297,19.9054,11.1,20.0,11.0
283.9746,11397381.0,28350.0,33348.0,12.0,-25.0,10.3745,12.4829,20.4359,10.8,20.0,11.0
283.9746,11395278.0,28232.0,33456.0,12.0,-25.0,10.4153,12.0147,19.7287,11.1,20.0,11.0
284.0066,11393982.0,28248.0,35115.0,12.0,-25.0,10.4404,12.0782,19.827,11.23,20.0,11.0
284.0066,11396198.0,28279.0,34436.0,12.0,-25.0,10.3974,12.2012,20.0131,11.15,20.0,11.0
284.0066,11395668.0,28311.0,34196.0,12.0,-25.0,10.4077,12.3281,20.2021,11.0,20.0,11.0
284.037,11397260.0,28201.0,34656.0,12.0,-25.0,10.3769,11.8917,19.5343,11.32,20.0,11.0
284.037,11394637.0,28262.0,34072.0,12.0,-25.0,10.4277,12.1337,19.9114,11.3,20.0,11.0
284.037,11395268.0,28324.0,33619.0,12.0,-25.0,10.4155,12.3797,20.279,11.05,20.0,11.0
284.0529,11395630.0,28314.0,34611.0,12.0,-25.0,10.4084,12.34,20.2198,10.92,20.0,11.0
284.0529,11396929.0,28343.0,34664.0,12.0,-25.0,10.3833,12.4551,20.3926,10.73,20.0,11.0
284.0529,11396672.0,28224.0,34889.0,12.0,-25.0,10.3883,11.9829,19.6787,11.06,20.0,11.0
284.0846,11395241.0,28251.0,33769.0,12.0,-25.0,10.416,12.0901,19.8452,11.17,20.0,11.0
284.0846,11395535.0,28316.0,34740.0,12.0,-25.0,10.4103,12.348,20.2316,10.99,20.0,11.0
284.0859,11395845.0,28238.0,33635.0,12.0,-25.0,10.4043,12.0385,19.7659,11.17,20.0,11.0
284.117,11398346.0,28260.0,34873.0,12.0,-25.0,10.3558,12.1258,19.8994,11.15,20.0,11.0
284.117,11395164.0,28247.0,33850.0,12.0,-25.0,10.4175,12.0742,19.821,11.24,20.0,11.0
284.117,11403264.0,28276.0,34358.0,12.0,-25.0,10.2607,12.1893,19.9953,11.05,20.0,11.0
284.1493,11395917.0,28250.0,35550.0,12.0,-25.0,10.4029,12.0861,19.8391,11.16,20.0,11.0
284.1498,11395478.0,28257.0,32339.0,12.0,-25.0,10.4114,12.1139,19.8814,11.2,20.0,11.0
284.1498,11395348.0,28291.0,35575.0,12.0,-25.0,10.4139,12.2488,20.0839,11.11,20.0,11.0
284.1817,11396036.0,28278.0,34485.0,12.0,-25.0,10.4006,12.1972,20.0072,11.09,20.0,11.0
284.1817,11394152.0,28315.0,33080.0,12.0,-25.0,10.4371,12.344,20.2257,10.97,20.0,11.0
284.1817,11394811.0,28283.0,35030.0,12.0,-25.0,10.4243,12.217,20.0367,11.01,20.0,11.0
284.2143,11394989.0,28202.0,33636.0,12.0,-25.0,10.4209,11.8956,19.5406,11.38,20.0,11.0
284.2143,11396185.0,28310.0,34321.0,12.0,-25.0,10.3977,12.3242,20.1961,11.13,20.0,11.0
284.2143,11394176.0,28300.0,34271.0,12.0,-25.0,10.4366,12.2845,20.1371,11.05,20.0,11.0
284.2462,11394264.0,28255.0,35367.0,12.0,-25.0,10.4349,12.1059,19.8694,11.17,20.0,11.0
284.2462,11395845.0,28251.0,34844.0,12.0,-25.0,10.4043,12.0901,19.8452,11.22,20.0,11.0
284.2462,11396005.0,28292.0,34042.0,12.0,-25.0,10.4012,12.2527,20.0898,11.11,20.0,11.0
284.2622,11393770.0,28223.0,35024.0,12.0,-25.0,10.4445,11.979,19.6724,11.36,20.0,11.0
284.2622,11397608.0,28303.0,34621.0,12.0,-25.0,10.3701,12.2964,20.1548,11.12,20.0,11.0
284.2622,11396602.0,28304.0,34576.0,12.0,-25.0,10.3896,12.3003,20.1607,10.99,20.0,11.0
284.297,11394637.0,28243.0,34754.0,12.0,-25.0,10.4277,12.0583,19.7968,11.17,20.0,11.0
284.297,11395242.0,28285.0,33425.0,12.0,-25.0,10.416,12.225,20.0485,11.11,20.0,11.0
284.297,11396326.0,28300.0,33980.0,12.0,-25.0,10.395,12.2845,20.1371,11.01,20.0,11.0
284.3264,11395450.0,28303.0,34847.0,12.0,-25.0,10.4119,12.2964,20.1548,10.94,20.0,11.0
284.3264,11394375.0,28251.0,34604.0,12.0,-25.0,10.4328,12.0901,19.8452,11.12,20.0,11.0
284.3264,11398533.0,28240.0,33971.0,12.0,-25.0,10.3522,12.0464,19.7783,11.19,20.0,11.0
284.3589,11397855.0,28269.0,33301.0,12.0,-25.0,10.3653,12.1615,19.9535,11.14,20.0,11.0
284.3589,11396118.0,28250.0,34105.0,12.0,-25.0,10.399,12.0861,19.8391,11.21,20.0,11.0
284.3589,11397583.0,28273.0,35859.0,12.0,-25.0,10.3706,12.1774,19.9775,11.14,20.0,11.0
284.3908,11400734.0,28250.0,34822.0,12.0,-25.0,10.3096,12.0861,19.8391,11.13,20.0,11.0
284.3908,11398123.0,28250.0,34734.0,12.0,-25.0,10.3601,12.0861,19.8391,11.16,20.0,11.0
284.3908,11397742.0,28243.0,33916.0,12.0,-25.0,10.3675,12.0583,19.7968,11.22,20.0,11.0
284.4242,11395225.0,28268.0,34027.0,12.0,-25.0,10.4163,12.1575,19.9475,11.2,20.0,11.0
284.4242,11396672.0,28269.0,33489.0,12.0,-25.0,10.3883,12.1615,19.9535,11.17,20.0,11.0
284.4242,11397091.0,28287.0,33744.0,12.0,-25.0,10.3801,12.2329,20.0603,11.07,20.0,11.0
284.4557,11396571.0,28308.0,34007.0,12.0,-25.0,10.3902,12.3162,20.1843,10.95,20.0,11.0
284.4557,11397594.0,28313.0,33425.0,12.0,-25.0,10.3704,12.3361,20.2139,10.84,20.0,11.0
284.4557,11394352.0,28274.0,33498.0,12.0,-25.0,10.4332,12.1813,19.9835,10.97,20.0,11.0
284.4728,11394868.0,28245.0,35939.0,12.0,-25.0,10.4232,12.0663,19.8089,11.15,20.0,11.0
284.4728,11397260.0,28228.0,35577.0,12.0,-25.0,10.3769,11.9988,19.7038,11.28,20.0,11.0
284.4728,11395845.0,28302.0,35872.0,12.0,-25.0,10.4043,12.2924,20.1489,11.11,20.0,11.0
284.5031,11395241.0,28180.0,34740.0,12.0,-25.0,10.416,11.8084,19.4025,11.54,20.0,11.0
284.5031,11396704.0,28293.0,34134.0,12.0,-25.0,10.3876,12.2567,20.0957,11.28,20.0,11.0
284.5031,11397355.0,28311.0,34911.0,12.0,-25.0,10.375,12.3281,20.2021,11.05,20.0,11.0
284.5348,11397831.0,28234.0,34165.0,12.0,-25.0,10.3658,12.0226,19.7412,11.18,20.0,11.0
284.5348,11398965.0,28275.0,33526.0,12.0,-25.0,10.3438,12.1853,19.9894,11.09,20.0,11.0
284.5348,11400734.0,28334.0,34366.0,12.0,-25.0,10.3096,12.4194,20.3382,10.8,20.0,11.0
284.5671,11395319.0,28328.0,34570.0,12.0,-25.0,10.4145,12.3956,20.3027,10.73,20.0,11.0
284.5671,11395654.0,28282.0,34018.0,12.0,-25.0,10.408,12.2131,20.0308,10.85,20.0,11.0
284.5671,11395583.0,28282.0,34951.0,12.0,-25.0,10.4094,12.2131,20.0308,10.93,20.0,11.0
284.6018,11395427.0,28277.0,35025.0,12.0,-25.0,10.4124,12.1932,20.0013,10.99,20.0,11.0
284.6018,11399464.0,28285.0,33934.0,12.0,-25.0,10.3342,12.225,20.0485,10.94,20.0,11.0
284.6018,11394565.0,28240.0,36473.0,12.0,-25.0,10.4291,12.0464,19.7783,11.16,20.0,11.0
284.6317,11395134.0,28285.0,36534.0,12.0,-25.0,10.4181,12.225,20.0485,11.11,20.0,11.0
284.6317,11396557.0,28251.0,36588.0,12.0,-25.0,10.3905,12.0901,19.8452,11.18,20.0,11.0
284.6317,11394595.0,28299.0,33824.0,12.0,-25.0,10.4285,12.2805,20.1312,11.08,20.0,11.0
284.6648,11398371.0,28247.0,32006.0,12.0,-25.0,10.3553,12.0742,19.821,11.14,20.0,11.0
284.6659,11396989.0,28256.0,33508.0,12.0,-25.0,10.3821,12.1099,19.8754,11.17,20.0,11.0
284.6659,11397101.0,28249.0,34270.0,12.0,-25.0,10.3799,12.0821,19.8331,11.21,20.0,11.0
284.6985,11395955.0,28277.0,33509.0,12.0,-25.0,10.4021,12.1932,20.0013,11.16,20.0,11.0
284.6985,11395845.0,28303.0,33868.0,12.0,-25.0,10.4043,12.2964,20.1548,11.03,20.0,11.0
284.6985,11395845.0,28154.0,34863.0,12.0,-25.0,10.4043,11.7052,19.2406,11.61,20.0,11.0
284.7135,11397053.0,28274.0,36927.0,12.0,-25.0,10.3809,12.1813,19.9835,11.39,20.0,11.0
284.7135,11396321.0,28290.0,36372.0,12.0,-25.0,10.3951,12.2448,20.078,11.21,20.0,11.0
284.7135,11395538.0,28243.0,34991.0,12.0,-25.0,10.4102,12.0583,19.7968,11.28,20.0,11.0
284.743,11395990.0,28318.0,35327.0,12.0,-25.0,10.4015,12.3559,20.2434,11.05,20.0,11.0
284.743,11396091.0,28345.0,32423.0,12.0,-25.0,10.3995,12.463,20.4049,10.81,20.0,11.0
284.743,11395241.0,28279.0,34593.0,12.0,-25.0,10.416,12.2012,20.0131,10.92,20.0,11.0
284.7779,11395019.0,28311.0,34920.0,12.0,-25.0,10.4203,12.3281,20.2021,10.87,20.0,11.0
284.7779,11396513.0,28288.0,33991.0,12.0,-25.0,10.3913,12.2369,20.0662,10.9,20.0,11.0
284.7779,11396108.0,28296.0,35592.0,12.0,-25.0,10.3992,12.2686,20.1135,10.89,20.0,11.0
284.8076,11396265.0,28254.0,33695.0,12.0,-25.0,10.3961,12.102,19.8633,11.04,20.0,11.0
284.8076,11399008.0,28253.0,34853.0,12.0,-25.0,10.343,12.098,19.8573,11.09,20.0,11.0
284.8076,11397344.0,28361.0,34601.0,12.0,-25.0,10.3752,12.5265,20.5083,10.76,20.0,11.0
284.8381,11394858.0,28299.0,34118.0,12.0,-25.0,10.4234,12.2805,20.1312,10.82,20.0,11.0
284.8381,11396206.0,28350.0,34546.0,12.0,-25.0,10.3973,12.4829,20.4359,10.65,20.0,11.0
284.8381,11396393.0,28284.0,34669.0,12.0,-25.0,10.3937,12.221,20.0426,10.79,20.0,11.0
284.8739,11398874.0,28329.0,34655.0,12.0,-25.0,10.3456,12.3995,20.3086,10.66,20.0,11.0
284.8739,11395913.0,28213.0,32444.0,12.0,-25.0,10.403,11.9393,19.6096,11.09,20.0,11.0
284.8739,11395594.0,28251.0,33701.0,12.0,-25.0,10.4091,12.0901,19.8452,11.18,20.0,11.0
284.9032,11395077.0,28268.0,34000.0,12.0,-25.0,10.4192,12.1575,19.9475,11.19,20.0,11.0
284.9032,11397600.0,28240.0,35172.0,12.0,-25.0,10.3703,12.0464,19.7783,11.25,20.0,11.0
284.9032,11394964.0,28293.0,35468.0,12.0,-25.0,10.4213,12.2567,20.0957,11.13,20.0,11.0
284.934,11395241.0,28278.0,34030.0,12.0,-25.0,10.416,12.1972,20.0072,11.12,20.0,11.0
284.934,11395057.0,28299.0,34716.0,12.0,-25.0,10.4195,12.2805,20.1312,11.03,20.0,11.0
284.934,11396251.0,28213.0,34419.0,12.0,-25.0,10.3964,11.9393,19.6096,11.31,20.0,11.0
284.9659,11395132.0,28303.0,35806.0,12.0,-25.0,10.4181,12.2964,20.1548,11.13,20.0,11.0
284.9659,11397995.0,28240.0,33342.0,12.0,-25.0,10.3626,12.0464,19.7783,11.21,20.0,11.0
284.9659,11392900.0,28333.0,33846.0,12.0,-25.0,10.4614,12.4154,20.3323,11.0,20.0,11.0
284.9978,11395697.0,28323.0,33606.0,12.0,-25.0,10.4071,12.3757,20.273,10.86,20.0,11.0
284.9978,11396033.0,28320.0,34098.0,12.0,-25.0,10.4006,12.3638,20.2552,10.78,20.0,11.0
284.9978,11395077.0,28255.0,35206.0,12.0,-25.0,10.4192,12.1059,19.8694,10.99,20.0,11.0
285.0141,11396251.0,28260.0,34300.0,12.0,-25.0,10.3964,12.1258,19.8994,11.08,20.0,11.0
285.0141,11394894.0,28237.0,34331.0,12.0,-25.0,10.4227,12.0345,19.7598,11.25,20.0,11.0
285.0141,11395564.0,28305.0,34963.0,12.0,-25.0,10.4097,12.3043,20.1666,11.08,20.0,11.0
285.0462,11396720.0,28276.0,36395.0,12.0,-25.0,10.3873,12.1893,19.9953,11.07,20.0,11.0
285.0462,11393863.0,28303.0,34091.0,12.0,-25.0,10.4427,12.2964,20.1548,11.01,20.0,11.0
285.0462,11396192.0,28232.0,33735.0,12.0,-25.0,10.3976,12.0147,19.7287,11.2,20.0,11.0
285.0786,11399612.0,28258.0,35021.0,12.0,-25.0,10.3313,12.1178,19.8874,11.16,20.0,11.0
285.0786,11395845.0,28218.0,34661.0,12.0,-25.0,10.4043,11.9591,19.641,11.37,20.0,11.0
285.0786,11395845.0,28281.0,34292.0,12.0,-25.0,10.4043,12.2091,20.0249,11.24,20.0,11.0
285.1144,11395845.0,28303.0,34783.0,12.0,-25.0,10.4043,12.2964,20.1548,11.07,20.0,11.0
285.1144,11395234.0,28241.0,34314.0,12.0,-25.0,10.4161,12.0504,19.7845,11.22,20.0,11.0
285.1144,11394764.0,28299.0,35552.0,12.0,-25.0,10.4252,12.2805,20.1312,11.1,20.0,11.0
285.1468,11395845.0,28242.0,34247.0,12.0,-25.0,10.4043,12.0544,19.7907,11.22,20.0,11.0
285.1468,11395077.0,28270.0,34555.0,12.0,-25.0,10.4192,12.1654,19.9595,11.2,20.0,11.0
285.1468,11395354.0,28295.0,35352.0,12.0,-25.0,10.4138,12.2646,20.1076,11.09,20.0,11.0
285.1751,11396936.0,28308.0,33925.0,12.0,-25.0,10.3831,12.3162,20.1843,10.95,20.0,11.0
285.1751,11396733.0,28276.0,33332.0,12.0,-25.0,10.3871,12.1893,19.9953,10.99,20.0,11.0
285.1751,11398261.0,28310.0,33994.0,12.0,-25.0,10.3575,12.3242,20.1961,10.86,20.0,11.0
285.2081,11395627.0,28237.0,34678.0,12.0,-25.0,10.4085,12.0345,19.7598,11.1,20.0,11.0
285.2081,11396393.0,28249.0,34498.0,12.0,-25.0,10.3937,12.0821,19.8331,11.18,20.0,11.0
285.2081,11394982.0,28322.0,34437.0,12.0,-25.0,10.421,12.3718,20.2671,10.99,20.0,11.0
285.2392,11394515.0,28314.0,33791.0,12.0,-25.0,10.43,12.34,20.2198,10.91,20.0,11.0
285.2392,11394595.0,28273.0,34039.0,12.0,-25.0,10.4285,12.1774,19.9775,11.01,20.0,11.0
285.2392,11394537.0,28259.0,36479.0,12.0,-25.0,10.4296,12.1218,19.8934,11.12,20.0,11.0
285.2555,11396530.0,28270.0,34405.0,12.0,-25.0,10.391,12.1654,19.9595,11.12,20.0,11.0
285.2555,11396750.0,28340.0,35059.0,12.0,-25.0,10.3867,12.4432,20.3744,10.86,20.0,11.0
285.2555,11397180.0,28310.0,34675.0,12.0,-25.0,10.3784,12.3242,20.1961,10.8,20.0,11.0
285.286,11397110.0,28297.0,32614.0,12.0,-25.0,10.3798,12.2726,20.1194,10.81,20.0,11.0
285.286,11394637.0,28347.0,34810.0,12.0,-25.0,10.4277,12.471,20.4173,10.68,20.0,11.0
285.286,11396327.0,28281.0,33989.0,12.0,-25.0,10.3949,12.2091,20.0249,10.82,20.0,11.0
285.3178,11395117.0,28264.0,33561.0,12.0,-25.0,10.4184,12.1416,19.9235,10.98,20.0,11.0
285.3178,11395550.0,28226.0,35321.0,12.0,-25.0,10.41,11.9909,19.6912,11.23,20.0,11.0
285.3178,11398874.0,28283.0,34072.0,12.0,-25.0,10.3456,12.217,20.0367,11.09,20.0,11.0
285.3578,11394904.0,28241.0,34322.0,12.0,-25.0,10.4225,12.0504,19.7845,11.24,20.0,11.0
285.3578,11394941.0,28316.0,33595.0,12.0,-25.0,10.4218,12.348,20.2316,11.04,20.0,11.0
285.3578,11395654.0,28279.0,34241.0,12.0,-25.0,10.408,12.2012,20.0131,11.05,20.0,11.0
285.3816,11396763.0,28281.0,34651.0,12.0,-25.0,10.3865,12.2091,20.0249,11.03,20.0,11.0
285.3816,11396470.0,28260.0,34579.0,12.0,-25.0,10.3922,12.1258,19.8994,11.1,20.0,11.0
285.3816,11397381.0,28252.0,34985.0,12.0,-25.0,10.3745,12.094,19.8512,11.15,20.0,11.0
285.4192,11396200.0,28349.0,34701.0,12.0,-25.0,10.3974,12.4789,20.4297,10.86,20.0,11.0
285.4192,11395489.0,28280.0,34947.0,12.0,-25.0,10.4112,12.2051,20.019,10.94,20.0,11.0
285.4192,11394296.0,28286.0,34952.0,12.0,-25.0,10.4343,12.2289,20.0544,10.99,20.0,11.0
285.4459,11393695.0,28242.0,34399.0,12.0,-25.0,10.4459,12.0544,19.7907,11.2,20.0,11.0
285.4459,11396571.0,28250.0,34988.0,12.0,-25.0,10.3902,12.0861,19.8391,11.23,20.0,11.0
285.4459,11395241.0,28268.0,33576.0,12.0,-25.0,10.416,12.1575,19.9475,11.21,20.0,11.0
285.4646,11395928.0,28251.0,35209.0,12.0,-25.0,10.4027,12.0901,19.8452,11.25,20.0,11.0
285.4646,11395953.0,28267.0,33989.0,12.0,-25.0,10.4022,12.1535,19.9415,11.21,20.0,11.0
285.4646,11394757.0,28343.0,34470.0,12.0,-25.0,10.4254,12.4551,20.3926,10.93,20.0,11.0
285.494,11395291.0,28264.0,34067.0,12.003,-25.0,10.415,12.1416,19.9235,11.05,20.005,11.0
285.494,11396449.0,28260.0,33527.0,12.003,-25.0,10.3926,12.1258,19.8994,11.11,20.005,11.0
285.494,11394918.0,28384.0,34957.0,12.003,-25.0,10.4222,12.6178,20.6672,10.72,20.005,11.0
285.5257,11395548.0,28215.0,34801.0,12.003,-25.0,10.41,11.9472,19.6222,11.13,20.005,11.0
285.5257,11394337.0,28222.0,33270.0,12.003,-25.0,10.4335,11.975,19.6661,11.36,20.005,11.0
285.5257,11396517.0,28296.0,33912.0,12.003,-25.0,10.3913,12.2686,20.1135,11.17,20.005,11.0
285.5626,11403264.0,28254.0,34108.0,12.003,-25.0,10.2607,12.102,19.8633,11.08,20.005,11.0
285.5626,11394245.0,28316.0,34918.0,12.003,-25.0,10.4353,12.348,20.2316,10.96,20.005,11.0
285.5626,11394288.0,28251.0,33904.0,12.003,-25.0,10.4344,12.0901,19.8452,11.13,20.005,11.0
285.5895,11392139.0,28244.0,32838.0,12.022,-25.016,10.4761,12.0623,19.8029,11.31,20.0367,10.98
285.5909,11396225.0,28241.0,34229.0,12.022,-25.016,10.3969,12.0504,19.7845,11.34,20.0367,10.98
285.5909,11396672.0,28283.0,33283.0,12.022,-25.016,10.3883,12.217,20.0367,11.2,20.0367,10.98
285.6269,11394264.0,28321.0,34313.0,12.022,-25.016,10.4349,12.3678,20.2612,11.01,20.0367,10.98
285.6269,11395418.0,28281.0,34089.0,12.022,-25.016,10.4125,12.2091,20.0249,11.03,20.0367,10.98
285.6269,11393248.0,28266.0,33280.0,12.022,-25.016,10.4546,12.1496,19.9355,11.13,20.0367,10.98
285.6527,11395013.0,28316.0,34560.0,12.022,-25.016,10.4204,12.348,20.2316,10.98,20.0367,10.98
285.6527,11394264.0,28283.0,32014.0,12.022,-25.016,10.4349,12.217,20.0367,11.02,20.0367,10.98
285.6527,11394300.0,28286.0,33244.0,12.022,-25.016,10.4342,12.2289,20.0544,11.04,20.0367,10.98
285.6726,11392801.0,28256.0,33916.0,12.022,-25.016,10.4633,12.1099,19.8754,11.18,20.0367,10.98
285.6726,11393360.0,28219.0,33891.0,12.022,-25.016,10.4524,11.9631,19.6473,11.43,20.0367,10.98
285.6726,11392321.0,28282.0,33816.0,12.022,-25.016,10.4726,12.2131,20.0308,11.33,20.0367,10.98
285.7192,11393334.0,28326.0,33595.0,12.062,-25.053,10.4529,12.3876,20.2908,11.09,20.1033,10.95
285.7192,11392486.0,28308.0,32533.0,12.062,-25.053,10.4694,12.3162,20.1843,11.03,20.1033,10.95
285.7192,11392232.0,28347.0,33855.0,12.062,-25.053,10.4743,12.471,20.4173,10.85,20.1033,10.95
285.7505,11391733.0,28290.0,33789.0,12.062,-25.053,10.484,12.2448,20.078,10.96,20.1033,10.95
285.7505,11394264.0,28327.0,35264.0,12.062,-25.053,10.4349,12.3916,20.2967,10.85,20.1033,10.95
285.7505,11390598.0,28292.0,33576.0,12.062,-25.053,10.506,12.2527,20.0898,10.98,20.1033,10.95
285.7639,11396889.0,28371.0,34098.0,12.062,-25.053,10.384,12.5662,20.5774,10.66,20.1033,10.95
285.7639,11390002.0,28292.0,33564.0,12.062,-25.053,10.5176,12.2527,20.0898,10.88,20.1033,10.95
285.7639,11391732.0,28294.0,34025.0,12.062,-25.053,10.484,12.2607,20.1017,10.97,20.1033,10.95
285.7963,11392486.0,28329.0,32473.0,12.062,-25.053,10.4694,12.3995,20.3086,10.87,20.1033,10.95
285.7963,11392384.0,28359.0,34648.0,12.062,-25.053,10.4714,12.5186,20.4945,10.71,20.1033,10.95
285.7963,11392486.0,28298.0,34181.0,12.062,-25.053,10.4694,12.2765,20.1253,10.84,20.1033,10.95
285.8284,11388691.0,28304.0,34317.0,12.119,-25.106,10.543,12.3003,20.1607,10.96,20.1983,10.89
285.8284,11391499.0,28246.0,32964.0,12.119,-25.106,10.4885,12.0702,19.815,11.21,20.1983,10.89
285.8284,11391000.0,28266.0,33441.0,12.119,-25.106,10.4982,12.1496,19.9355,11.28,20.1983,10.89
285.8631,11390232.0,28353.0,33134.0,12.119,-25.106,10.5131,12.4948,20.4544,11.01,20.1983,10.89
285.8631,11390826.0,28255.0,33084.0,12.119,-25.106,10.5016,12.1059,19.8694,11.21,20.1983,10.89
285.8631,11389205.0,28411.0,33583.0,12.119,-25.106,10.533,12.7249,20.854,10.77,20.1983,10.89
285.8923,11390709.0,28311.0,33901.0,12.119,-25.106,10.5039,12.3281,20.2021,10.85,20.1983,10.89
285.8923,11388696.0,28322.0,33035.0,12.119,-25.106,10.5429,12.3718,20.2671,10.9,20.1983,10.89
285.8923,11387802.0,28307.0,32531.0,12.119,-25.106,10.5603,12.3123,20.1784,11.0,20.1983,10.89
285.9244,11391267.0,28323.0,33765.0,12.197,-25.184,10.493,12.3757,20.273,10.94,20.3283,10.82
285.9244,11386280.0,28348.0,33212.0,12.197,-25.184,10.5898,12.4749,20.4235,10.89,20.3283,10.82
285.9244,11388741.0,28369.0,33118.0,12.197,-25.184,10.5421,12.5582,20.5635,10.74,20.3283,10.82
285.9576,11388895.0,28371.0,34009.0,12.197,-25.184,10.5391,12.5662,20.5774,10.63,20.3283,10.82
285.9576,11386359.0,28252.0,33971.0,12.197,-25.184,10.5883,12.094,19.8512,11.1,20.3283,10.82
285.9576,11386355.0,28349.0,34630.0,12.197,-25.184,10.5884,12.4789,20.4297,10.98,20.3283,10.82
285.9892,11388171.0,28298.0,35718.0,12.197,-25.184,10.5531,12.2765,20.1253,11.08,20.3283,10.82
285.9892,11386905.0,28320.0,34844.0,12.197,-25.184,10.5777,12.3638,20.2552,11.07,20.3283,10.82
285.9892,11386248.0,28323.0,33424.0,12.197,-25.184,10.5905,12.3757,20.273,11.07,20.3283,10.82
286.004,11386815.0,28364.0,33252.0,12.197,-25.184,10.5795,12.5384,20.529,10.9,20.3283,10.82
286.004,11386128.0,28370.0,34607.0,12.197,-25.184,10.5928,12.5622,20.5705,10.78,20.3283,10.82
286.004,11387251.0,28379.0,34808.0,12.197,-25.184,10.571,12.5979,20.6327,10.65,20.3283,10.82
286.0379,11385238.0,28375.0,33045.0,12.291,-25.275,10.6101,12.5821,20.605,10.62,20.485,10.73
286.0379,11385287.0,28289.0,32751.0,12.291,-25.275,10.6091,12.2408,20.0721,10.95,20.485,10.73
286.0379,11384384.0,28352.0,33485.0,12.291,-25.275,10.6267,12.4908,20.4482,10.91,20.485,10.73
286.0678,11383490.0,28371.0,34615.0,12.291,-25.275,10.6441,12.5662,20.5774,10.83,20.485,10.73
286.0678,11382205.0,28306.0,32655.0,12.291,-25.275,10.669,12.3083,20.1725,11.06,20.485,10.73
286.0678,11384031.0,28351.0,31750.0,12.291,-25.275,10.6335,12.4868,20.4421,10.99,20.485,10.73
286.0998,11384539.0,28372.0,33140.0,12.291,-25.275,10.6237,12.5701,20.5843,10.85,20.485,10.73
286.0998,11382195.0,28411.0,33141.0,12.291,-25.275,10.6692,12.7249,20.854,10.65,20.485,10.73
286.0998,11381784.0,28336.0,34001.0,12.291,-25.275,10.6772,12.4273,20.3501,10.85,20.485,10.73
286.1336,11383859.0,28396.0,34598.0,12.291,-25.275,10.6369,12.6654,20.7502,10.68,20.485,10.73
286.1336,11389130.0,28366.0,32931.0,12.291,-25.275,10.5345,12.5463,20.5428,10.62,20.485,10.73
286.1336,11380370.0,28275.0,33483.0,12.291,-25.275,10.7047,12.1853,19.9894,11.11,20.485,10.73
286.1634,11379760.0,28408.0,33598.0,12.403,-25.387,10.7166,12.713,20.8333,10.85,20.6717,10.61
286.1634,11382328.0,28436.0,34618.0,12.403,-25.387,10.6666,12.8241,21.0206,10.56,20.6717,10.61
286.1634,11376847.0,28450.0,34049.0,12.403,-25.387,10.7733,12.8796,21.104,10.42,20.6717,10.61
286.2035,11383082.0,28344.0,33977.0,12.403,-25.387,10.652,12.4591,20.3987,10.66,20.6717,10.61
286.2035,11378739.0,28350.0,35340.0,12.403,-25.387,10.7365,12.4829,20.4359,10.85,20.6717,10.61
286.2035,11378556.0,28450.0,34560.0,12.403,-25.387,10.74,12.8796,21.104,10.57,20.6717,10.61
286.2272,11379696.0,28365.0,34462.0,12.403,-25.387,10.7178,12.5424,20.5359,10.71,20.6717,10.61
286.2272,11378904.0,28411.0,35427.0,12.403,-25.387,10.7333,12.7249,20.854,10.62,20.6717,10.61
286.2272,11379550.0,28416.0,33548.0,12.403,-25.387,10.7207,12.7447,20.8886,10.53,20.6717,10.61
286.2619,11376191.0,28376.0,32968.0,12.531,-25.516,10.7861,12.586,20.6119,10.7,20.885,10.48
286.2619,11375542.0,28383.0,33880.0,12.531,-25.516,10.7987,12.6138,20.6603,10.79,20.885,10.48
286.2619,11375697.0,28425.0,34041.0,12.531,-25.516,10.7957,12.7804,20.95,10.66,20.885,10.48
286.2775,11375982.0,28406.0,35381.0,12.531,-25.516,10.7902,12.705,20.8194,10.65,20.885,10.48
286.2775,11374384.0,28442.0,35140.0,12.531,-25.516,10.8213,12.8479,21.0585,10.54,20.885,10.48
286.2775,11375228.0,28446.0,33335.0,12.531,-25.516,10.8048,12.8638,21.0825,10.44,20.885,10.48
286.3072,11375336.0,28467.0,32154.0,12.531,-25.516,10.8027,12.9471,21.1949,10.32,20.885,10.48
286.3072,11371097.0,28435.0,33540.0,12.531,-25.516,10.8854,12.8201,21.0143,10.41,20.885,10.48
286.3072,11373194.0,28453.0,34131.0,12.531,-25.516,10.8445,12.8915,21.1201,10.38,20.885,10.48
286.339,11374766.0,28465.0,32878.0,12.531,-25.516,10.8138,12.9391,21.1843,10.3,20.885,10.48
286.339,11378320.0,28457.0,33896.0,12.531,-25.516,10.7446,12.9074,21.1415,10.22,20.885,10.48
286.339,11372068.0,28494.0,33715.0,12.531,-25.516,10.8664,13.0542,21.3391,10.16,20.885,10.48
286.3765,11371317.0,28398.0,35711.0,12.681,-25.663,10.8811,12.6733,20.7641,10.47,21.135,10.34
286.3765,11370711.0,28449.0,34544.0,12.681,-25.663,10.8929,12.8757,21.0987,10.46,21.135,10.34
286.3765,11370123.0,28482.0,33421.0,12.681,-25.663,10.9044,13.0066,21.275,10.37,21.135,10.34
286.4022,11374384.0,28423.0,34033.0,12.681,-25.663,10.8213,12.7725,20.9366,10.43,21.135,10.34
286.4022,11370221.0,28523.0,33730.0,12.681,-25.663,10.9025,13.1693,21.494,10.23,21.135,10.34
286.4022,11369497.0,28506.0,33099.0,12.681,-25.663,10.9166,13.1018,21.4032,10.17,21.135,10.34
286.4345,11369313.0,28467.0,33913.0,12.681,-25.663,10.9202,12.9471,21.1949,10.25,21.135,10.34
286.4345,11368947.0,28456.0,32709.0,12.681,-25.663,10.9273,12.9034,21.1362,10.33,21.135,10.34
286.4345,11370837.0,28509.0,34696.0,12.681,-25.663,10.8904,13.1137,21.4192,10.21,21.135,10.34
286.4677,11365814.0,28441.0,33767.0,12.681,-25.663,10.9885,12.8439,21.0522,10.41,21.135,10.34
286.4677,11366467.0,28511.0,34053.0,12.681,-25.663,10.9757,13.1217,21.4299,10.31,21.135,10.34
286.4677,11365211.0,28543.0,32550.0,12.681,-25.663,11.0002,13.2486,21.6008,10.17,21.135,10.34
286.4983,11364562.0,28516.0,32789.0,12.853,-25.834,11.0129,13.1415,21.4566,10.18,21.4217,10.17
286.4983,11366237.0,28506.0,33857.0,12.853,-25.834,10.9802,13.1018,21.4032,10.19,21.4217,10.17
286.4983,11364981.0,28529.0,33727.0,12.853,-25.834,11.0047,13.1931,21.526,10.15,21.4217,10.17
286.5143,11364587.0,28473.0,34318.0,12.853,-25.834,11.0124,12.9709,21.227,10.29,21.4217,10.17
286.5143,11364116.0,28499.0,34790.0,12.853,-25.834,11.0216,13.074,21.3658,10.3,21.4217,10.17
286.5143,11362809.0,28524.0,33887.0,12.853,-25.834,11.0472,13.1732,21.4993,10.26,21.4217,10.17
286.5472,11364631.0,28598.0,33270.0,12.853,-25.834,11.0116,13.4668,21.9475,9.98,21.4217,10.17
286.5472,11365211.0,28542.0,33586.0,12.853,-25.834,11.0002,13.2446,21.5955,9.98,21.4217,10.17
286.5472,11359976.0,28528.0,34359.0,12.853,-25.834,11.1026,13.1891,21.5207,10.1,21.4217,10.17
286.5776,11361314.0,28554.0,34809.0,12.853,-25.834,11.0764,13.2923,21.66,10.07,21.4217,10.17
286.5776,11360949.0,28543.0,34482.0,12.853,-25.834,11.0835,13.2486,21.6008,10.1,21.4217,10.17
286.5776,11359093.0,28557.0,33289.0,12.853,-25.834,11.1198,13.3042,21.6778,10.1,21.4217,10.17
286.6122,11360408.0,28588.0,32684.0,13.034,-26.012,11.0941,13.4272,21.8813,9.97,21.7233,9.99
286.6122,11358465.0,28593.0,33085.0,13.034,-26.012,11.1321,13.447,21.9144,9.9,21.7233,9.99
286.6122,11357025.0,28590.0,34192.0,13.034,-26.012,11.1603,13.4351,21.8945,9.89,21.7233,9.99
286.6444,11358375.0,28560.0,33547.0,13.034,-26.012,11.1339,13.3161,21.6973,9.97,21.7233,9.99
286.6444,11357987.0,28646.0,33041.0,13.034,-26.012,11.1415,13.6573,22.2651,9.75,21.7233,9.99
286.6444,11357950.0,28658.0,32250.0,13.034,-26.012,11.1422,13.7049,22.3444,9.57,21.7233,9.99
286.6743,11353766.0,28571.0,33623.0,13.034,-26.012,11.2241,13.3597,21.7689,9.81,21.7233,9.99
286.6743,11355370.0,28547.0,33998.0,13.034,-26.012,11.1927,13.2645,21.6222,10.01,21.7233,9.99
286.6743,11355175.0,28594.0,31932.0,13.034,-26.012,11.1965,13.451,21.921,9.97,21.7233,9.99
286.7078,11355299.0,28591.0,32860.0,13.241,-26.219,11.1941,13.4391,21.9011,9.96,22.0683,9.78
286.7078,11354765.0,28597.0,34144.0,13.241,-26.219,11.2046,13.4629,21.9409,9.93,22.0683,9.78
286.7078,11353164.0,28511.0,32752.0,13.241,-26.219,11.2359,13.1217,21.4299,10.22,22.0683,9.78
286.7439,11352593.0,28654.0,34689.0,13.241,-26.219,11.2471,13.689,22.318,9.94,22.0683,9.78
286.7439,11350205.0,28632.0,33075.0,13.241,-26.219,11.2939,13.6017,22.1725,9.87,22.0683,9.78
286.7439,11352387.0,28671.0,34691.0,13.241,-26.219,11.2512,13.7565,22.4219,9.68,22.0683,9.78
286.7539,11350141.0,28581.0,33403.0,13.241,-26.219,11.2952,13.3994,21.835,9.89,22.0683,9.78
286.7539,11347338.0,28635.0,32658.0,13.241,-26.219,11.3502,13.6136,22.1923,9.87,22.0683,9.78
286.7539,11347699.0,28556.0,33109.0,13.241,-26.219,11.3431,13.3002,21.6714,10.13,22.0683,9.78
286.7858,11348522.0,28687.0,33845.0,13.241,-26.219,11.327,13.82,22.516,9.85,22.0683,9.78
286.7858,11347405.0,28631.0,34703.0,13.241,-26.219,11.3489,13.5978,22.1658,9.86,22.0683,9.78
286.7858,11346201.0,28708.0,33985.0,13.241,-26.219,11.3725,13.9033,22.6395,9.65,22.0683,9.78
286.8176,11349293.0,28631.0,31881.0,13.459,-26.438,11.3118,13.5978,22.1658,9.71,22.4317,9.56
286.8176,11345795.0,28740.0,33420.0,13.459,-26.438,11.3805,14.0302,22.8277,9.49,22.4317,9.56
286.8176,11345116.0,28688.0,33004.0,13.459,-26.438,11.3938,13.8239,22.5219,9.5,22.4317,9.56
286.8492,11345998.0,28650.0,34584.0,13.459,-26.438,11.3765,13.6732,22.2916,9.61,22.4317,9.56
286.8492,11344779.0,28681.0,34028.0,13.459,-26.438,11.4004,13.7962,22.4807,9.6,22.4317,9.56
286.8492,11345975.0,28678.0,32269.0,13.459,-26.438,11.3769,13.7842,22.4631,9.58,22.4317,9.56
286.8824,11341942.0,28633.0,34121.0,13.459,-26.438,11.4562,13.6057,22.1791,9.77,22.4317,9.56
286.8824,11342580.0,28658.0,33828.0,13.459,-26.438,11.4436,13.7049,22.3444,9.79,22.4317,9.56
286.8824,11343871.0,28687.0,33084.0,13.459,-26.438,11.4183,13.82,22.516,9.7,22.4317,9.56
286.9126,11339767.0,28722.0,33314.0,13.459,-26.438,11.4989,13.9588,22.7218,9.6,22.4317,9.56
286.9126,11340898.0,28742.0,32779.0,13.459,-26.438,11.4767,14.0382,22.8394,9.48,22.4317,9.56
286.9126,11344594.0,28773.0,34206.0,13.459,-26.438,11.4041,14.1612,23.0217,9.29,22.4317,9.56
286.9463,11338135.0,28783.0,32387.0,13.684,-26.663,11.531,14.2009,23.0811,9.22,22.8067,9.34
286.9463,11338981.0,28762.0,34436.0,13.684,-26.663,11.5144,14.1175,22.957,9.23,22.8067,9.34
286.9463,11339669.0,28777.0,35093.0,13.684,-26.663,11.5009,14.177,23.0452,9.18,22.8067,9.34
286.9681,11336961.0,28753.0,34606.0,13.684,-26.663,11.5541,14.0818,22.9041,9.25,22.8067,9.34
286.9681,11339590.0,28776.0,33013.0,13.684,-26.663,11.5024,14.1731,23.0394,9.2,22.8067,9.34
286.9681,11337132.0,28741.0,32946.0,13.684,-26.663,11.5508,14.0342,22.8335,9.29,22.8067,9.34
287.0087,11335334.0,28763.0,33510.0,13.684,-26.663,11.5862,14.1215,22.9629,9.3,22.8067,9.34
287.0087,11336825.0,28790.0,33625.0,13.684,-26.663,11.5568,14.2286,23.1245,9.23,22.8067,9.34
287.0087,11335712.0,28757.0,32351.0,13.684,-26.663,11.5787,14.0977,22.9276,9.28,22.8067,9.34
287.0248,11334411.0,28760.0,33960.0,13.684,-26.663,11.6043,14.1096,22.9453,9.32,22.8067,9.34
287.0248,11334732.0,28825.0,33032.0,13.684,-26.663,11.598,14.3675,23.343,9.17,22.8067,9.34
287.0248,11332911.0,28848.0,33952.0,13.684,-26.663,11.6339,14.4587,23.4868,9.05,22.8067,9.34
287.0565,11334189.0,28820.0,33644.0,13.897,-26.875,11.6087,14.3477,23.3118,9.03,23.1617,9.12
287.0565,11332535.0,28806.0,33716.0,13.897,-26.875,11.6413,14.2921,23.2242,9.07,23.1617,9.12
287.0565,11333819.0,28859.0,33558.0,13.897,-26.875,11.616,14.5024,23.5556,8.95,23.1617,9.12
287.0906,11331730.0,28801.0,32083.0,13.897,-26.875,11.6571,14.2723,23.193,9.05,23.1617,9.12
287.0906,11331688.0,28798.0,33740.0,13.897,-26.875,11.658,14.2604,23.1742,9.11,23.1617,9.12
287.0906,11327944.0,28830.0,34746.0,13.897,-26.875,11.7318,14.3873,23.3743,9.11,23.1617,9.12
287.1203,11331255.0,28776.0,33996.0,13.897,-26.875,11.6665,14.1731,23.0394,9.21,23.1617,9.12
287.1203,11329046.0,28797.0,34361.0,13.897,-26.875,11.7101,14.2564,23.1679,9.25,23.1617,9.12
287.1203,11331172.0,28849.0,33980.0,13.897,-26.875,11.6681,14.4627,23.4931,9.11,23.1617,9.12
287.1509,11331050.0,28855.0,33009.0,14.088,-27.103,11.6705,14.4865,23.5306,9.01,23.48,8.9
287.1509,11330562.0,28825.0,33194.0,14.088,-27.103,11.6802,14.3675,23.343,9.03,23.48,8.9
287.1509,11331559.0,28893.0,32195.0,14.088,-27.103,11.6605,14.6373,23.7563,8.88,23.48,8.9
287.1878,11331449.0,28863.0,33043.0,14.088,-27.103,11.6627,14.5183,23.5806,8.85,23.48,8.9
287.1878,11332155.0,28807.0,33021.0,14.088,-27.103,11.6488,14.2961,23.2305,8.96,23.48,8.9
287.1878,11330021.0,28798.0,34328.0,14.088,-27.103,11.6908,14.2604,23.1742,9.08,23.48,8.9
287.2194,11329378.0,28787.0,32553.0,14.088,-27.103,11.7035,14.2167,23.1059,9.19,23.48,8.9
287.2194,11327958.0,28917.0,32106.0,14.088,-27.103,11.7315,14.7325,23.8829,8.96,23.48,8.9
287.2194,11328653.0,28883.0,33401.0,14.088,-27.103,11.7178,14.5976,23.7023,8.88,23.48,8.9
287.2477,11334619.0,28853.0,34637.0,14.088,-27.103,11.6002,14.4786,23.5181,8.84,23.48,8.9
287.2477,11329929.0,28863.0,33250.0,14.088,-27.103,11.6926,14.5183,23.5806,8.85,23.48,8.9
287.2477,11328774.0,28964.0,33861.0,14.088,-27.103,11.7154,14.919,24.131,8.65,23.48,8.9
287.2802,11330622.0,28831.0,33123.0,14.256,-27.359,11.679,14.3913,23.3805,8.8,23.76,8.64
287.2802,11329292.0,28896.0,34946.0,14.256,-27.359,11.7052,14.6492,23.7721,8.75,23.76,8.64
287.2802,11332499.0,28903.0,34399.0,14.256,-27.359,11.642,14.677,23.8091,8.68,23.76,8.64
287.2949,11329577.0,28903.0,34887.0,14.256,-27.359,11.6996,14.677,23.8091,8.66,23.76,8.64
287.2949,11329560.0,28904.0,32783.0,14.256,-27.359,11.6999,14.6809,23.8143,8.65,23.76,8.64
287.2949,11331740.0,28930.0,33570.0,14.256,-27.359,11.6569,14.7841,23.9516,8.57,23.76,8.64
287.3263,11330944.0,28927.0,32850.0,14.256,-27.359,11.6726,14.7722,23.9357,8.54,23.76,8.64
287.3263,11331703.0,28866.0,32962.0,14.256,-27.359,11.6577,14.5302,23.5994,8.64,23.76,8.64
287.3263,11335635.0,28969.0,34517.0,14.256,-27.359,11.5802,14.9388,24.1574,8.45,23.76,8.64
287.3603,11330499.0,28943.0,31843.0,14.256,-27.359,11.6814,14.8357,24.0202,8.44,23.76,8.64
287.3603,11329412.0,28979.0,32671.0,14.256,-27.359,11.7028,14.9785,24.2101,8.37,23.76,8.64
287.3603,11334104.0,28932.0,34864.0,14.256,-27.359,11.6104,14.792,23.9621,8.38,23.76,8.64
287.3908,11331497.0,28911.0,33428.0,14.406,-27.653,11.6617,14.7087,23.8513,8.45,24.01,8.35
287.3908,11337192.0,28922.0,32721.0,14.406,-27.653,11.5496,14.7524,23.9093,8.41,24.01,8.35
287.3923,11333531.0,28907.0,32480.0,14.406,-27.653,11.6217,14.6928,23.8302,8.45,24.01,8.35
287.4227,11332506.0,28955.0,32235.0,14.406,-27.653,11.6419,14.8833,24.0835,8.4,24.01,8.35
287.4227,11332728.0,28993.0,33032.0,14.406,-27.653,11.6375,15.0341,24.2884,8.28,24.01,8.35
287.4227,11332195.0,28947.0,33720.0,14.406,-27.653,11.648,14.8515,24.0413,8.31,24.01,8.35
287.4547,11335759.0,29001.0,33602.0,14.406,-27.653,11.5778,15.0658,24.3377,8.19,24.01,8.35
287.4547,11334321.0,28995.0,32913.0,14.406,-27.653,11.6061,15.042,24.3008,8.14,24.01,8.35
287.4547,11333103.0,28986.0,33241.0,14.406,-27.653,11.6301,15.0063,24.2471,8.14,24.01,8.35
287.4864,11333475.0,29006.0,34443.0,14.547,-27.931,11.6228,15.0856,24.3685,8.09,24.245,8.07
287.4864,11352183.0,28986.0,34327.0,14.547,-27.931,11.2552,15.0063,24.2471,7.94,24.245,8.07
287.4864,11337647.0,28986.0,34467.0,14.547,-27.931,11.5406,15.0063,24.2471,7.97,24.245,8.07
287.5186,11338629.0,28982.0,34235.0,14.547,-27.931,11.5213,14.9904,24.226,7.99,24.245,8.07
287.5186,11333668.0,28972.0,32415.0,14.547,-27.931,11.619,14.9507,24.1732,8.08,24.245,8.07
287.5186,11335497.0,28999.0,33746.0,14.547,-27.931,11.5829,15.0579,24.3254,8.05,24.245,8.07
287.5515,11336046.0,28972.0,33869.0,14.547,-27.931,11.5721,14.9507,24.1732,8.08,24.245,8.07
287.5515,11336641.0,29014.0,33844.0,14.547,-27.931,11.5604,15.1174,24.4178,8.01,24.245,8.07
287.5515,11334918.0,28992.0,33744.0,14.547,-27.931,11.5943,15.0301,24.2823,8.03,24.245,8.07
287.5662,11337014.0,29017.0,33516.0,14.547,-27.931,11.5531,15.1293,24.4363,7.97,24.245,8.07
287.5662,11336723.0,29063.0,34062.0,14.547,-27.931,11.5588,15.3118,24.7198,7.86,24.245,8.07
287.5662,11335270.0,29020.0,33277.0,14.547,-27.931,11.5874,15.1412,24.4548,7.88,24.245,8.07
287.5985,11337384.0,29071.0,32747.0,14.669,-28.172,11.5458,15.3435,24.7691,7.78,24.4483,7.83
287.5985,11336741.0,29036.0,33886.0,14.669,-28.172,11.5585,15.2047,24.5534,7.79,24.4483,7.83
287.5985,11336125.0,29001.0,33070.0,14.669,-28.172,11.5706,15.0658,24.3377,7.87,24.4483,7.83
287.6362,11338762.0,28953.0,34164.0,14.669,-28.172,11.5187,14.8754,24.0729,7.98,24.4483,7.83
287.6362,11340181.0,28998.0,33380.0,14.669,-28.172,11.4908,15.0539,24.3193,7.95,24.4483,7.83
287.6362,11338416.0,29108.0,35011.0,14.669,-28.172,11.5255,15.4903,24.997,7.74,24.4483,7.83
287.6629,11340094.0,28985.0,34345.0,14.669,-28.172,11.4925,15.0023,24.2418,7.84,24.4483,7.83
287.6629,11340139.0,29112.0,33306.0,14.669,-28.172,11.4916,15.5062,25.0217,7.65,24.4483,7.83
287.6629,11341218.0,29039.0,34141.0,14.669,-28.172,11.4704,15.2166,24.5719,7.67,24.4483,7.83
287.6976,11340343.0,29047.0,33172.0,14.669,-28.172,11.4876,15.2483,24.6212,7.67,24.4483,7.83
287.6976,11345091.0,29026.0,35142.0,14.669,-28.172,11.3943,15.165,24.4918,7.67,24.4483,7.83
287.6976,11342343.0,29001.0,34761.0,14.669,-28.172,11.4483,15.0658,24.3377,7.74,24.4483,7.83
287.7264,11343879.0,29031.0,33632.0,14.772,-28.413,11.4181,15.1848,24.5226,7.71,24.62,7.59
287.7264,11342767.0,29064.0,34153.0,14.772,-28.413,11.44,15.3158,24.7259,7.65,24.62,7.59
287.7264,11343138.0,28936.0,33469.0,14.772,-28.413,11.4327,14.8079,23.9832,7.84,24.62,7.59
287.7586,11343052.0,29021.0,33412.0,14.772,-28.413,11.4344,15.1452,24.461,7.8,24.62,7.59
287.7586,11343941.0,29010.0,32956.0,14.772,-28.413,11.4169,15.1015,24.3932,7.79,24.62,7.59
287.7586,11347743.0,29046.0,33599.0,14.772,-28.413,11.3422,15.2443,24.615,7.68,24.62,7.59
287.7896,11345551.0,29070.0,33992.0,14.772,-28.413,11.3853,15.3396,24.7629,7.59,24.62,7.59
287.7896,11346762.0,29053.0,33065.0,14.772,-28.413,11.3615,15.2721,24.6581,7.56,24.62,7.59
287.7896,11347458.0,29058.0,33826.0,14.772,-28.413,11.3478,15.292,24.689,7.52,24.62,7.59
287.8056,11349714.0,29060.0,33331.0,14.772,-28.413,11.3036,15.2999,24.7013,7.48,24.62,7.59
287.8056,11352183.0,29056.0,32974.0,14.772,-28.413,11.2552,15.284,24.6766,7.44,24.62,7.59
287.8056,11350367.0,29091.0,32827.0,14.772,-28.413,11.2908,15.4229,24.8923,7.37,24.62,7.59
287.8388,11349023.0,29027.0,32999.0,14.853,-28.637,11.3171,15.169,24.4979,7.45,24.755,7.36
287.8388,11352631.0,29083.0,35029.0,14.853,-28.637,11.2464,15.3911,24.843,7.37,24.755,7.36
287.8388,11350886.0,29042.0,32758.0,14.853,-28.637,11.2806,15.2285,24.5904,7.41,24.755,7.36
287.8686,11353623.0,29124.0,32888.0,14.853,-28.637,11.2269,15.5538,25.0956,7.26,24.755,7.36
287.8686,11360321.0,29029.0,33699.0,14.853,-28.637,11.0958,15.1769,24.5103,7.29,24.755,7.36
287.8686,11353812.0,28986.0,34079.0,14.853,-28.637,11.2232,15.0063,24.2471,7.44,24.755,7.36
287.9007,11353766.0,29102.0,34601.0,14.853,-28.637,11.2241,15.4665,24.9601,7.32,24.755,7.36
287.9007,11355885.0,29164.0,33070.0,14.853,-28.637,11.1826,15.7125,25.3319,7.13,24.755,7.36
287.9007,11359625.0,29022.0,32930.0,14.853,-28.637,11.1094,15.1491,24.4671,7.23,24.755,7.36
287.9346,11355279.0,29063.0,33871.0,14.919,-28.847,11.1945,15.3118,24.7198,7.25,24.865,7.15
287.9346,11358219.0,29075.0,33713.0,14.919,-28.847,11.137,15.3594,24.7937,7.22,24.865,7.15
287.9346,11357710.0,29055.0,33231.0,14.919,-28.847,11.1469,15.2801,24.6705,7.24,24.865,7.15
287.969,11358241.0,29138.0,34193.0,14.919,-28.847,11.1365,15.6094,25.179,7.11,24.865,7.15
287.969,11358727.0,29043.0,34312.0,14.919,-28.847,11.127,15.2324,24.5965,7.18,24.865,7.15
287.969,11359045.0,29113.0,34289.0,14.919,-28.847,11.1208,15.5102,25.0279,7.11,24.865,7.15
287.9976,11361594.0,29049.0,33479.0,14.919,-28.847,11.0709,15.2562,24.6335,7.15,24.865,7.15
287.9976,11362083.0,29097.0,33681.0,14.919,-28.847,11.0614,15.4467,24.9293,7.09,24.865,7.15
287.9976,11364734.0,29090.0,32620.0,14.919,-28.847,11.0096,15.4189,24.8861,7.04,24.865,7.15
288.0177,11360121.0,29156.0,32841.0,14.919,-28.847,11.0997,15.6808,25.2851,6.95,24.865,7.15
288.0177,11367961.0,29159.0,34518.0,14.919,-28.847,10.9466,15.6927,25.3027,6.84,24.865,7.15
288.0177,11370477.0,29140.0,33420.0,14.919,-28.847,10.8975,15.6173,25.1908,6.78,24.865,7.15
288.0466,11364421.0,29101.0,33664.0,14.966,-29.047,11.0157,15.4626,24.9539,6.84,24.9433,6.95
288.0466,11367623.0,29111.0,31995.0,14.966,-29.047,10.9531,15.5022,25.0155,6.84,24.9433,6.95
288.0466,11369740.0,29079.0,33628.0,14.966,-29.047,10.9118,15.3753,24.8184,6.88,24.9433,6.95
288.0785,11368109.0,29094.0,33973.0,14.966,-29.047,10.9437,15.4348,24.9108,6.89,24.9433,6.95
288.0785,11373491.0,29110.0,34101.0,14.966,-29.047,10.8387,15.4983,25.0094,6.83,24.9433,6.95
288.0785,11369172.0,29095.0,33645.0,14.966,-29.047,10.9229,15.4388,24.9169,6.85,24.9433,6.95
288.1108,11370263.0,29161.0,32757.0,14.966,-29.047,10.9016,15.7006,25.3144,6.76,24.9433,6.95
288.1108,11372685.0,29123.0,34183.0,14.966,-29.047,10.8544,15.5499,25.0895,6.74,24.9433,6.95
288.1122,11372443.0,29095.0,33498.0,14.966,-29.047,10.8591,15.4388,24.9169,6.77,24.9433,6.95
288.1428,11374384.0,29144.0,34473.0,14.966,-29.047,10.8213,15.6332,25.2144,6.71,24.9433,6.95
288.1428,11371592.0,29031.0,34326.0,14.966,-29.047,10.8757,15.1848,24.5226,6.86,24.9433,6.95
288.1428,11373484.0,29150.0,34214.0,14.966,-29.047,10.8388,15.657,25.2498,6.76,24.9433,6.95
288.1745,11375166.0,29091.0,32037.0,14.994,-29.225,10.806,15.4229,24.8923,6.77,24.99,6.77
288.1745,11376914.0,29157.0,34297.0,14.994,-29.225,10.772,15.6848,25.291,6.67,24.99,6.77
288.1745,11375898.0,29114.0,32799.0,14.994,-29.225,10.7918,15.5141,25.034,6.68,24.99,6.77
288.2067,11375589.0,29138.0,33768.0,14.994,-29.225,10.7978,15.6094,25.179,6.65,24.99,6.77
288.2067,11377440.0,29098.0,33699.0,14.994,-29.225,10.7618,15.4507,24.9354,6.68,24.99,6.77
288.2067,11378807.0,29124.0,32517.0,14.994,-29.225,10.7351,15.5538,25.0956,6.65,24.99,6.77
288.2387,11380273.0,29151.0,34007.0,14.994,-29.225,10.7066,15.6609,25.2557,6.59,24.99,6.77
288.2387,11381926.0,29125.0,31756.0,14.994,-29.225,10.6745,15.5578,25.1018,6.57,24.99,6.77
288.2387,11388913.0,29135.0,32852.0,14.994,-29.225,10.5387,15.5975,25.1613,6.51,24.99,6.77
288.2705,11381615.0,29077.0,34677.0,15.0,-29.387,10.6805,15.3673,24.806,6.6,25.0,6.61
288.2705,11382624.0,29119.0,34318.0,15.0,-29.387,10.6609,15.534,25.0648,6.58,25.0,6.61
288.2705,11383685.0,29161.0,34166.0,15.0,-29.387,10.6403,15.7006,25.3144,6.52,25.0,6.61
288.2865,11384195.0,29081.0,33968.0,15.0,-29.387,10.6304,15.3832,24.8307,6.58,25.0,6.61
288.2865,11385775.0,29115.0,33844.0,15.0,-29.387,10.5997,15.5181,25.0402,6.56,25.0,6.61
288.2865,11388776.0,29109.0,34605.0,15.0,-29.387,10.5414,15.4943,25.0032,6.54,25.0,6.61
288.3188,11386782.0,29067.0,33583.0,15.0,-29.387,10.5801,15.3277,24.7444,6.59,25.0,6.61
288.3188,11387614.0,29094.0,34182.0,15.0,-29.387,10.5639,15.4348,24.9108,6.58,25.0,6.61
288.3188,11389772.0,29074.0,32618.0,15.0,-29.387,10.522,15.3554,24.7875,6.59,25.0,6.61
288.3491,11394191.0,29072.0,34738.0,15.0,-29.387,10.4363,15.3475,24.7752,6.57,25.0,6.61
288.3491,11389808.0,29150.0,33924.0,15.0,-29.387,10.5213,15.657,25.2498,6.49,25.0,6.61
288.3491,11390426.0,29098.0,34684.0,15.0,-29.387,10.5093,15.4507,24.9354,6.5,25.0,6.61
288.3816,11393521.0,29126.0,34468.0,15.0,-29.531,10.4493,15.5618,25.108,6.45,25.0,6.47
288.3816,11395315.0,29102.0,32486.0,15.0,-29.531,10.4145,15.4665,24.9601,6.44,25.0,6.47
288.3816,11397110.0,29107.0,33891.0,15.0,-29.531,10.3798,15.4864,24.9909,6.42,25.0,6.47
288.4133,11397381.0,29117.0,31987.0,15.0,-29.531,10.3745,15.526,25.0525,6.4,25.0,6.47
288.4133,11397411.0,29081.0,32315.0,15.0,-29.531,10.3739,15.3832,24.8307,6.42,25.0,6.47
288.4133,11397006.0,29127.0,33212.0,15.0,-29.531,10.3818,15.5657,25.114,6.39,25.0,6.47
288.4454,11395845.0,29057.0,32450.0,15.0,-29.531,10.4043,15.288,24.6828,6.46,25.0,6.47
288.4454,11398371.0,29058.0,34262.0,15.0,-29.531,10.3553,15.292,24.689,6.48,25.0,6.47
288.4454,11398039.0,29122.0,33836.0,15.0,-29.531,10.3618,15.5459,25.0833,6.42,25.0,6.47
288.4779,11400679.0,29097.0,31395.0,15.0,-29.531,10.3107,15.4467,24.9293,6.4,25.0,6.47
288.4779,11402972.0,29077.0,33166.0,15.0,-29.531,10.2663,15.3673,24.806,6.4,25.0,6.47
288.4779,11401266.0,29098.0,34216.0,15.0,-29.531,10.2993,15.4507,24.9354,6.38,25.0,6.47
288.5118,11403797.0,29136.0,33433.0,15.0,-29.653,10.2504,15.6014,25.1672,6.31,25.0,6.35
288.5118,11406438.0,29113.0,33196.0,15.0,-29.653,10.1993,15.5102,25.0279,6.28,25.0,6.35
288.5118,11405236.0,29111.0,32487.0,15.0,-29.653,10.2225,15.5022,25.0155,6.28,25.0,6.35
288.5263,11404282.0,29167.0,33336.0,15.0,-29.653,10.241,15.7244,25.3495,6.21,25.0,6.35
288.5263,11406665.0,29146.0,35018.0,15.0,-29.653,10.1949,15.6411,25.2262,6.18,25.0,6.35
288.5263,11406606.0,29069.0,33594.0,15.0,-29.653,10.1961,15.3356,24.7567,6.26,25.0,6.35
288.5586,11408507.0,29062.0,32477.0,15.0,-29.653,10.1593,15.3078,24.7136,6.3,25.0,6.35
288.5586,11408835.0,29184.0,31671.0,15.0,-29.653,10.153,15.7919,25.4486,6.18,25.0,6.35
288.5586,11408699.0,29015.0,33688.0,15.0,-29.653,10.1556,15.1213,24.424,6.31,25.0,6.35
288.5976,11407925.0,29116.0,33916.0,15.0,-29.653,10.1706,15.5221,25.0463,6.27,25.0,6.35
288.5976,11410008.0,29118.0,33385.0,15.0,-29.653,10.1304,15.53,25.0587,6.23,25.0,6.35
288.5976,11411710.0,29095.0,34270.0,15.0,-29.653,10.0975,15.4388,24.9169,6.23,25.0,6.35
288.6213,11408075.0,29104.0,33811.0,15.0,-29.766,10.1677,15.4745,24.9724,6.23,25.0,6.23
288.6213,11411048.0,29062.0,33578.0,15.0,-29.766,10.1103,15.3078,24.7136,6.27,25.0,6.23
288.6213,11413195.0,29083.0,33317.0,15.0,-29.766,10.0689,15.3911,24.843,6.26,25.0,6.23
288.6535,11414202.0,29147.0,33717.0,15.0,-29.766,10.0494,15.6451,25.2321,6.17,25.0,6.23
288.6535,11413901.0,29073.0,34032.0,15.0,-29.766,10.0552,15.3515,24.7814,6.2,25.0,6.23
288.6535,11415924.0,29141.0,32479.0,15.0,-29.766,10.0162,15.6213,25.1967,6.13,25.0,6.23
288.6853,11414307.0,29074.0,34816.0,15.0,-29.766,10.0474,15.3554,24.7875,6.18,25.0,6.23
288.6853,11414239.0,29118.0,34985.0,15.0,-29.766,10.0487,15.53,25.0587,6.15,25.0,6.23
288.6853,11417753.0,29098.0,34543.0,15.0,-29.766,9.981,15.4507,24.9354,6.14,25.0,6.23
288.7192,11419597.0,29063.0,33472.0,15.0,-29.766,9.9455,15.3118,24.7198,6.17,25.0,6.23
288.7192,11418560.0,29065.0,33906.0,15.0,-29.766,9.9655,15.3197,24.7321,6.19,25.0,6.23
288.7192,11416557.0,29117.0,34664.0,15.0,-29.766,10.004,15.526,25.0525,6.15,25.0,6.23
288.7498,11418488.0,29150.0,33774.0,15.0,-29.847,9.9668,15.657,25.2498,6.07,25.0,6.15
288.7498,11418202.0,29126.0,32302.0,15.0,-29.847,9.9724,15.5618,25.108,6.06,25.0,6.15
288.7498,11419411.0,29148.0,33149.0,15.0,-29.847,9.9491,15.649,25.238,6.02,25.0,6.15
288.7656,11417580.0,29075.0,32898.0,15.0,-29.847,9.9843,15.3594,24.7937,6.09,25.0,6.15
288.7656,11420902.0,29054.0,33192.0,15.0,-29.847,9.9204,15.2761,24.6643,6.14,25.0,6.15
288.7656,11419381.0,29107.0,33597.0,15.0,-29.847,9.9496,15.4864,24.9909,6.12,25.0,6.15
288.798,11420866.0,29100.0,33859.0,15.0,-29.847,9.9211,15.4586,24.9477,6.1,25.0,6.15
288.798,11420260.0,29102.0,32622.0,15.0,-29.847,9.9327,15.4665,24.9601,6.09,25.0,6.15
288.798,11424267.0,29165.0,33551.0,15.0,-29.847,9.8556,15.7165,25.3378,5.99,25.0,6.15
288.8301,11425548.0,29125.0,34410.0,15.0,-29.916,9.831,15.5578,25.1018,5.97,25.0,6.08
288.8301,11421272.0,29131.0,33392.0,15.0,-29.916,9.9132,15.5816,25.1376,5.97,25.0,6.08
288.8301,11421712.0,29065.0,32738.0,15.0,-29.916,9.9048,15.3197,24.7321,6.05,25.0,6.08
288.8636,11423247.0,29044.0,34176.0,15.0,-29.916,9.8752,15.2364,24.6027,6.12,25.0,6.08
288.8636,11425385.0,29174.0,33658.0,15.0,-29.916,9.8341,15.7522,25.3903,5.99,25.0,6.08
288.8636,11422785.0,29153.0,33381.0,15.0,-29.916,9.8841,15.6689,25.2675,5.95,25.0,6.08
288.8951,11426209.0,29059.0,33700.0,15.0,-29.916,9.8183,15.2959,24.6951,6.02,25.0,6.08
288.8951,11423455.0,29170.0,33580.0,15.0,-29.916,9.8712,15.7363,25.367,5.95,25.0,6.08
288.8951,11422785.0,29114.0,34822.0,15.0,-29.916,9.8841,15.5141,25.034,5.97,25.0,6.08
288.9275,11426242.0,29052.0,33992.0,15.0,-29.916,9.8176,15.2681,24.652,6.04,25.0,6.08
288.9275,11424586.0,29056.0,33991.0,15.0,-29.916,9.8495,15.284,24.6766,6.09,25.0,6.08
288.9275,11424828.0,29156.0,33278.0,15.0,-29.916,9.8448,15.6808,25.2851,6.0,25.0,6.08
288.9597,11424675.0,29067.0,33121.0,15.0,-29.962,9.8478,15.3277,24.7444,6.05,25.0,6.04
288.9597,11425138.0,29109.0,35228.0,15.0,-29.962,9.8389,15.4943,25.0032,6.03,25.0,6.04
288.9597,11426941.0,29109.0,33464.0,15.0,-29.962,9.8042,15.4943,25.0032,6.0,25.0,6.04
288.9922,11424324.0,29084.0,33430.0,15.0,-29.962,9.8545,15.3951,24.8492,6.03,25.0,6.04
288.9922,11427260.0,29112.0,33603.0,15.0,-29.962,9.7981,15.5062,25.0217,6.0,25.0,6.04
288.9922,11425510.0,28989.0,33039.0,15.0,-29.962,9.8317,15.0182,24.2641,6.14,25.0,6.04
289.0081,11426436.0,29130.0,34061.0,15.0,-29.962,9.8139,15.5776,25.1317,6.05,25.0,6.04
289.0081,11429896.0,29103.0,33319.0,15.0,-29.962,9.7474,15.4705,24.9662,6.01,25.0,6.04
289.0081,11427580.0,29148.0,33630.0,15.0,-29.962,9.7919,15.649,25.238,5.94,25.0,6.04
289.0412,11428895.0,29073.0,34073.0,15.0,-29.962,9.7667,15.3515,24.7814,5.98,25.0,6.04
289.0412,11427933.0,29108.0,32782.0,15.0,-29.962,9.7851,15.4903,24.997,5.97,25.0,6.04
289.0412,11428003.0,29156.0,33311.0,15.0,-29.962,9.7838,15.6808,25.2851,5.91,25.0,6.04
289.0719,11427675.0,29074.0,32940.0,15.0,-29.994,9.7901,15.3554,24.7875,5.97,25.0,6.01
289.0719,11427722.0,29070.0,33899.0,15.0,-29.994,9.7892,15.3396,24.7629,6.01,25.0,6.01
289.0719,11429849.0,29121.0,34056.0,15.0,-29.994,9.7483,15.5419,25.0771,5.96,25.0,6.01
289.1038,11430984.0,29082.0,33522.0,15.0,-29.994,9.7265,15.3872,24.8368,5.98,25.0,6.01
289.1038,11428349.0,29073.0,34238.0,15.0,-29.994,9.7772,15.3515,24.7814,6.01,25.0,6.01
289.1038,11428555.0,29053.0,32816.0,15.0,-29.994,9.7732,15.2721,24.6581,6.05,25.0,6.01
289.1359,11429448.0,29128.0,33619.0,15.0,-29.994,9.756,15.5697,25.1199,5.98,25.0,6.01
289.1359,11430465.0,29106.0,33950.0,15.0,-29.994,9.7365,15.4824,24.9847,5.96,25.0,6.01
289.1359,11430155.0,29145.0,34053.0,15.0,-29.994,9.7425,15.6371,25.2203,5.9,25.0,6.01
289.1678,11428038.0,29078.0,33887.0,15.0,-30.0,9.7831,15.3713,24.8122,5.96,25.0,6.0
289.1678,11427387.0,29097.0,33557.0,15.0,-30.0,9.7956,15.4467,24.9293,5.97,25.0,6.0
289.1678,11428890.0,29106.0,33789.0,15.0,-30.0,9.7668,15.4824,24.9847,5.96,25.0,6.0
289.1997,11428022.0,29060.0,33828.0,15.0,-30.0,9.7834,15.2999,24.7013,6.02,25.0,6.0
289.1997,11431270.0,29097.0,33998.0,15.0,-30.0,9.7211,15.4467,24.9293,5.99,25.0,6.0
289.1997,11427327.0,29136.0,34218.0,15.0,-30.0,9.7968,15.6014,25.1672,5.95,25.0,6.0
289.2321,11428928.0,29139.0,32449.0,15.0,-30.0,9.766,15.6133,25.1849,5.91,25.0,6.0
289.2321,11430268.0,29072.0,33267.0,15.0,-30.0,9.7403,15.3475,24.7752,5.96,25.0,6.0
289.2321,11430075.0,29047.0,33691.0,15.0,-30.0,9.744,15.2483,24.6212,6.02,25.0,6.0
289.2482,11429604.0,29100.0,33306.0,15.0,-30.0,9.753,15.4586,24.9477,5.99,25.0,6.0
289.2482,11428539.0,29056.0,34387.0,15.0,-30.0,9.7735,15.284,24.6766,6.04,25.0,6.0
289.2482,11428567.0,29112.0,32709.0,15.0,-30.0,9.773,15.5062,25.0217,6.0,25.0,6.0
289.2802,11427977.0,29107.0,32923.0,15.0,-30.0,9.7843,15.4864,24.9909,5.98,25.0,6.0
289.2802,11431090.0,29062.0,33143.0,15.0,-30.0,9.7245,15.3078,24.7136,6.01,25.0,6.0
289.2802,11425623.0,29032.0,33934.0,15.0,-30.0,9.8295,15.1888,24.5288,6.09,25.0,6.0
289.3127,11436303.0,29120.0,34428.0,15.0,-30.0,9.6245,15.5379,25.071,5.98,25.0,6.0
289.3127,11428529.0,29150.0,33458.0,15.0,-30.0,9.7737,15.657,25.2498,5.92,25.0,6.0
289.3127,11426771.0,29077.0,33355.0,15.0,-30.0,9.8075,15.3673,24.806,5.98,25.0,6.0
289.3488,11428638.0,29054.0,34187.0,15.0,-30.0,9.7716,15.2761,24.6643,6.03,25.0,6.0
289.3488,11427553.0,29077.0,35216.0,15.0,-30.0,9.7924,15.3673,24.806,6.04,25.0,6.0
289.3488,11425943.0,29071.0,34065.0,15.0,-30.0,9.8234,15.3435,24.7691,6.06,25.0,6.0
289.3798,11427933.0,29085.0,32823.0,15.0,-30.0,9.7851,15.3991,24.8553,6.05,25.0,6.0
289.3798,11427959.0,29102.0,33580.0,15.0,-30.0,9.7846,15.4665,24.9601,6.02,25.0,6.0
289.3798,11428552.0,29092.0,33365.0,15.0,-30.0,9.7733,15.4269,24.8985,6.01,25.0,6.0
289.4088,11431077.0,29110.0,34221.0,15.0,-30.0,9.7248,15.4983,25.0094,5.97,25.0,6.0
289.4103,11430155.0,29087.0,33612.0,15.0,-30.0,9.7425,15.407,24.8676,5.98,25.0,6.0
289.4103,11429145.0,29073.0,33407.0,15.0,-30.0,9.7619,15.3515,24.7814,6.0,25.0,6.0
289.4434,11428327.0,29095.0,34757.0,15.0,-30.0,9.7776,15.4388,24.9169,6.0,25.0,6.0
289.4434,11427657.0,29075.0,33118.0,15.0,-30.0,9.7904,15.3594,24.7937,6.02,25.0,6.0
289.4434,11428298.0,29167.0,33944.0,15.0,-30.0,9.7781,15.7244,25.3495,5.93,25.0,6.0
289.4572,11429734.0,29034.0,34386.0,15.0,-30.0,9.7506,15.1967,24.5411,6.02,25.0,6.0
289.4572,11433362.0,29162.0,34262.0,15.0,-30.0,9.6809,15.7046,25.3202,5.9,25.0,6.0
289.4572,11426686.0,29072.0,34497.0,15.0,-30.0,9.8091,15.3475,24.7752,5.97,25.0,6.0
289.4947,11428895.0,29068.0,34014.0,15.0,-30.0,9.7667,15.3316,24.7506,6.01,25.0,6.0
289.4947,11428796.0,29018.0,34868.0,15.0,-30.0,9.7686,15.1332,24.4425,6.09,25.0,6.0
289.4947,11426934.0,29120.0,35559.0,15.0,-30.0,9.8043,15.5379,25.071,6.03,25.0,6.0
289.5251,11433064.0,29098.0,34599.0,15.0,-30.0,9.6866,15.4507,24.9354,5.98,25.0,6.0
289.5251,11427959.0,29120.0,34190.0,15.0,-30.0,9.7846,15.5379,25.071,5.96,25.0,6.0
289.5251,11427288.0,29107.0,33455.0,15.0,-30.0,9.7975,15.4864,24.9909,5.96,25.0,6.0
289.5514,11428668.0,29140.0,34079.0,15.0,-30.0,9.771,15.6173,25.1908,5.92,25.0,6.0
289.5514,11428440.0,29090.0,34614.0,15.0,-30.0,9.7754,15.4189,24.8861,5.95,25.0,6.0
289.5514,11430307.0,29105.0,34328.0,15.0,-30.0,9.7395,15.4784,24.9786,5.94,25.0,6.0
289.583,11429145.0,29060.0,34109.0,15.0,-30.0,9.7619,15.2999,24.7013,6.0,25.0,6.0
289.583,11427662.0,29096.0,34413.0,15.0,-30.0,9.7904,15.4427,24.9231,6.0,25.0,6.0
289.583,11428129.0,29064.0,33604.0,15.0,-30.0,9.7814,15.3158,24.7259,6.03,25.0,6.0
289.6155,11425863.0,29126.0,33315.0,15.0,-30.0,9.8249,15.5618,25.108,5.99,25.0,6.0
289.6155,11431794.0,29111.0,33901.0,15.0,-30.0,9.711,15.5022,25.0155,5.95,25.0,6.0
289.6155,11430803.0,29129.0,34067.0,15.0,-30.0,9.73,15.5737,25.1258,5.91,25.0,6.0
289.6474,11429305.0,29103.0,33164.0,15.0,-30.0,9.7588,15.4705,24.9662,5.93,25.0,6.0
289.6495,11428516.0,29099.0,33080.0,15.0,-30.0,9.7739,15.4546,24.9416,5.95,25.0,6.0
289.6495,11428823.0,29096.0,34482.0,15.0,-30.0,9.768,15.4427,24.9231,5.96,25.0,6.0
289.6788,11426963.0,29145.0,33373.0,15.0,-30.0,9.8038,15.6371,25.2203,5.92,25.0,6.0
289.6788,11429834.0,29132.0,34261.0,15.0,-30.0,9.7486,15.5856,25.1435,5.9,25.0,6.0
289.6788,11428298.0,29170.0,32925.0,15.0,-30.0,9.7781,15.7363,25.367,5.84,25.0,6.0
289.711,11428088.0,29149.0,33412.0,15.0,-30.0,9.7822,15.653,25.2439,5.84,25.0,6.0
289.711,11428740.0,29109.0,33665.0,15.0,-30.0,9.7696,15.4943,25.0032,5.88,25.0,6.0
289.711,11429280.0,29062.0,33062.0,15.0,-30.0,9.7593,15.3078,24.7136,5.96,25.0,6.0
289.7432,11429358.0,29132.0,33594.0,15.0,-30.0,9.7578,15.5856,25.1435,5.92,25.0,6.0
289.7432,11427933.0,29051.0,33406.0,15.0,-30.0,9.7851,15.2642,24.6458,6.0,25.0,6.0
289.7432,11428785.0,29105.0,34253.0,15.0,-30.0,9.7688,15.4784,24.9786,5.98,25.0,6.0
289.7626,11428209.0,29123.0,32548.0,15.0,-30.0,9.7798,15.5499,25.0895,5.95,25.0,6.0
289.7626,11427825.0,29033.0,34194.0,15.0,-30.0,9.7872,15.1928,24.5349,6.05,25.0,6.0
289.7626,11430029.0,29055.0,33438.0,15.0,-30.0,9.7449,15.2801,24.6705,6.06,25.0,6.0
289.791,11434950.0,29048.0,35250.0,15.0,-30.0,9.6504,15.2523,24.6273,6.05,25.0,6.0
289.7922,11429430.0,29064.0,34331.0,15.0,-30.0,9.7564,15.3158,24.7259,6.06,25.0,6.0
289.7922,11429540.0,29053.0,35479.0,15.0,-30.0,9.7543,15.2721,24.6581,6.08,25.0,6.0
289.8228,11429079.0,29135.0,33225.0,15.0,-30.0,9.7631,15.5975,25.1613,5.99,25.0,6.0
289.8228,11430803.0,29104.0,34005.0,15.0,-30.0,9.73,15.4745,24.9724,5.97,25.0,6.0
289.8228,11432837.0,29109.0,33360.0,15.0,-30.0,9.691,15.4943,25.0032,5.93,25.0,6.0
289.855,11428731.0,29079.0,33358.0,15.0,-30.0,9.7698,15.3753,24.8184,5.97,25.0,6.0
289.855,11428241.0,29137.0,34952.0,15.0,-30.0,9.7792,15.6054,25.1731,5.93,25.0,6.0
289.855,11426906.0,29108.0,33468.0,15.0,-30.0,9.8049,15.4903,24.997,5.95,25.0,6.0
289.8875,11428121.0,29144.0,34333.0,15.0,-30.0,9.7815,15.6332,25.2144,5.91,25.0,6.0
289.8875,11428645.0,29122.0,34632.0,15.0,-30.0,9.7715,15.5459,25.0833,5.91,25.0,6.0
289.8875,11428539.0,29097.0,33756.0,15.0,-30.0,9.7735,15.4467,24.9293,5.94,25.0,6.0
289.9192,11427881.0,29199.0,32457.0,15.0,-30.0,9.7861,15.8514,25.5361,5.84,25.0,6.0
289.9192,11428440.0,29099.0,33130.0,15.0,-30.0,9.7754,15.4546,24.9416,5.89,25.0,6.0
289.9192,11430114.0,29141.0,33767.0,15.0,-30.0,9.7433,15.6213,25.1967,5.87,25.0,6.0
289.9507,11427330.0,29107.0,33536.0,15.0,-30.0,9.7967,15.4864,24.9909,5.91,25.0,6.0
289.9507,11430963.0,29120.0,33575.0,15.0,-30.0,9.727,15.5379,25.071,5.9,25.0,6.0
289.9507,11428551.0,29122.0,35457.0,15.0,-30.0,9.7733,15.5459,25.0833,5.9,25.0,6.0
289.9835,11430964.0,29130.0,33939.0,15.0,-30.0,9.7269,15.5776,25.1317,5.88,25.0,6.0
289.9835,11427506.0,29141.0,34337.0,15.0,-30.0,9.7934,15.6213,25.1967,5.87,25.0,6.0
289.9835,11430268.0,29090.0,33219.0,15.0,-30.0,9.7403,15.4189,24.8861,5.92,25.0,6.0
290.0019,11429478.0,29109.0,34737.0,15.0,-30.0,9.7555,15.4943,25.0032,5.92,25.0,6.0
290.0019,11428175.0,29127.0,34063.0,15.0,-30.0,9.7805,15.5657,25.114,5.91,25.0,6.0
290.0019,11427537.0,29088.0,33177.0,15.0,-30.0,9.7928,15.411,24.8738,5.96,25.0,6.0
290.0319,11427512.0,29157.0,32035.0,15.0,-30.0,9.7932,15.6848,25.291,5.9,25.0,6.0
290.0319,11429061.0,29105.0,33168.0,15.0,-30.0,9.7635,15.4784,24.9786,5.92,25.0,6.0
290.0319,11430433.0,29117.0,35231.0,15.0,-30.0,9.7371,15.526,25.0525,5.91,25.0,6.0
290.0635,11427624.0,29071.0,33423.0,15.0,-30.0,9.7911,15.3435,24.7691,5.97,25.0,6.0
290.0635,11428287.0,29009.0,33367.0,15.0,-30.0,9.7783,15.0975,24.387,6.09,25.0,6.0
290.0635,11428507.0,29098.0,32574.0,15.0,-30.0,9.7741,15.4507,24.9354,6.04,25.0,6.0
290.0959,11428881.0,29110.0,33594.0,15.0,-30.0,9.7669,15.4983,25.0094,6.0,25.0,6.0
290.0959,11429869.0,29136.0,34065.0,15.0,-30.0,9.748,15.6014,25.1672,5.94,25.0,6.0
290.0959,11428539.0,29073.0,33462.0,15.0,-30.0,9.7735,15.3515,24.7814,5.98,25.0,6.0
290.1286,11427930.0,29136.0,34527.0,15.0,-30.0,9.7852,15.6014,25.1672,5.94,25.0,6.0
290.1286,11428014.0,29060.0,34744.0,15.0,-30.0,9.7836,15.2999,24.7013,6.0,25.0,6.0
290.1286,11428189.0,29074.0,34225.0,15.0,-30.0,9.7802,15.3554,24.7875,6.02,25.0,6.0
290.1479,11427591.0,29084.0,32944.0,15.0,-30.0,9.7917,15.3951,24.8492,6.03,25.0,6.0
290.1479,11430009.0,29104.0,34410.0,15.0,-30.0,9.7453,15.4745,24.9724,5.99,25.0,6.0
290.1479,11427603.0,29095.0,36849.0,15.0,-30.0,9.7915,15.4388,24.9169,6.0,25.0,6.0
290.1924,11429227.0,29136.0,34962.0,15.0,-30.0,9.7603,15.6014,25.1672,5.94,25.0,6.0
290.1924,11428716.0,29098.0,32448.0,15.0,-30.0,9.7701,15.4507,24.9354,5.95,25.0,6.0
290.1924,11428516.0,29118.0,33686.0,15.0,-30.0,9.7739,15.53,25.0587,5.94,25.0,6.0
290.2089,11431290.0,29131.0,34245.0,15.0,-30.0,9.7207,15.5816,25.1376,5.9,25.0,6.0
290.2089,11428568.0,29120.0,33220.0,15.0,-30.0,9.7729,15.5379,25.071,5.9,25.0,6.0
290.2089,11428808.0,29178.0,33761.0,15.0,-30.0,9.7683,15.7681,25.4136,5.84,25.0,6.0
290.2411,11428211.0,29043.0,32699.0,15.0,-30.0,9.7798,15.2324,24.5965,5.96,25.0,6.0
290.2411,11429896.0,29168.0,33591.0,15.0,-30.0,9.7474,15.7284,25.3553,5.88,25.0,6.0
290.2411,11426644.0,29132.0,33890.0,15.0,-30.0,9.8099,15.5856,25.1435,5.89,25.0,6.0
290.2735,11428539.0,29170.0,33231.0,15.0,-30.0,9.7735,15.7363,25.367,5.84,25.0,6.0
290.2735,11428064.0,29126.0,35478.0,15.0,-30.0,9.7826,15.5618,25.108,5.86,25.0,6.0
290.2735,11430018.0,29113.0,36705.0,15.0,-30.0,9.7451,15.5102,25.0279,5.88,25.0,6.0
290.3057,11430346.0,29154.0,34220.0,15.0,-30.0,9.7388,15.6728,25.2734,5.84,25.0,6.0
290.3057,11432262.0,29122.0,34243.0,15.0,-30.0,9.702,15.5459,25.0833,5.85,25.0,6.0
290.3057,11432515.0,29106.0,33969.0,15.0,-30.0,9.6972,15.4824,24.9847,5.87,25.0,6.0
290.3373,11429141.0,29102.0,33476.0,15.0,-30.0,9.7619,15.4665,24.9601,5.9,25.0,6.0
290.3373,11427453.0,29103.0,33298.0,15.0,-30.0,9.7944,15.4705,24.9662,5.93,25.0,6.0
290.3373,11428575.0,29137.0,32417.0,15.0,-30.0,9.7728,15.6054,25.1731,5.9,25.0,6.0
290.3697,11426414.0,29125.0,32653.0,15.0,-30.0,9.8143,15.5578,25.1018,5.91,25.0,6.0
290.3697,11431172.0,29095.0,33536.0,15.0,-30.0,9.7229,15.4388,24.9169,5.93,25.0,6.0
290.3697,11430040.0,29128.0,33762.0,15.0,-30.0,9.7447,15.5697,25.1199,5.9,25.0,6.0
290.4006,11429464.0,29092.0,33711.0,15.0,-30.0,9.7557,15.4269,24.8985,5.94,25.0,6.0
290.4006,11429555.0,29058.0,33051.0,15.0,-30.0,9.754,15.292,24.689,6.0,25.0,6.0
290.4006,11429734.0,29095.0,35368.0,15.0,-30.0,9.7506,15.4388,24.9169,5.99,25.0,6.0
290.4176,11428716.0,29101.0,34602.0,15.0,-30.0,9.7701,15.4626,24.9539,5.98,25.0,6.0
290.4176,11426116.0,29077.0,33825.0,15.0,-30.0,9.8201,15.3673,24.806,6.02,25.0,6.0
290.4176,11427140.0,29110.0,34195.0,15.0,-30.0,9.8004,15.4983,25.0094,5.99,25.0,6.0
290.4491,11430297.0,29094.0,32530.0,15.0,-30.0,9.7397,15.4348,24.9108,5.98,25.0,6.0
290.4491,11429430.0,29108.0,33945.0,15.0,-30.0,9.7564,15.4903,24.997,5.96,25.0,6.0
290.4491,11427330.0,29119.0,33481.0,15.0,-30.0,9.7967,15.534,25.0648,5.95,25.0,6.0
290.4809,11426721.0,29061.0,34098.0,15.0,-30.0,9.8084,15.3039,24.7074,6.02,25.0,6.0
290.4809,11427513.0,29064.0,35180.0,15.0,-30.0,9.7932,15.3158,24.7259,6.05,25.0,6.0
290.4809,11429636.0,29091.0,33669.0,15.0,-30.0,9.7524,15.4229,24.8923,6.02,25.0,6.0
290.5132,11426867.0,29027.0,33787.0,15.0,-30.0,9.8056,15.169,24.4979,6.1,25.0,6.0
290.5132,11427338.0,29131.0,32847.0,15.0,-30.0,9.7966,15.5816,25.1376,6.02,25.0,6.0
290.5132,11426977.0,29124.0,34138.0,15.0,-30.0,9.8035,15.5538,25.0956,5.98,25.0,6.0
290.5451,11427825.0,29104.0,34405.0,15.0,-30.0,9.7872,15.4745,24.9724,5.98,25.0,6.0
290.5451,11427106.0,29082.0,32872.0,15.0,-30.0,9.801,15.3872,24.8368,6.0,25.0,6.0
290.5451,11428513.0,29109.0,34349.0,15.0,-30.0,9.774,15.4943,25.0032,5.98,25.0,6.0
290.5818,11429734.0,29084.0,33310.0,15.0,-30.0,9.7506,15.3951,24.8492,5.99,25.0,6.0
290.5818,11428789.0,29176.0,33364.0,15.0,-30.0,9.7687,15.7601,25.402,5.89,25.0,6.0
290.5818,11429145.0,29091.0,34106.0,15.0,-30.0,9.7619,15.4229,24.8923,5.93,25.0,6.0
290.6151,11429358.0,29087.0,33793.0,15.0,-30.0,9.7578,15.407,24.8676,5.96,25.0,6.0
290.6151,11428948.0,29128.0,35565.0,15.0,-30.0,9.7656,15.5697,25.1199,5.93,25.0,6.0
290.6151,11428848.0,29161.0,33578.0,15.0,-30.0,9.7676,15.7006,25.3144,5.87,25.0,6.0
290.6411,11432051.0,29074.0,33193.0,15.0,-30.0,9.7061,15.3554,24.7875,5.92,25.0,6.0
290.6411,11427933.0,29097.0,33642.0,15.0,-30.0,9.7851,15.4467,24.9293,5.95,25.0,6.0
290.6411,11429948.0,29124.0,34324.0,15.0,-30.0,9.7464,15.5538,25.0956,5.92,25.0,6.0
290.6582,11427977.0,29130.0,34671.0,15.0,-30.0,9.7843,15.5776,25.1317,5.91,25.0,6.0
290.6582,11429294.0,29106.0,32900.0,15.0,-30.0,9.759,15.4824,24.9847,5.92,25.0,6.0
290.6582,11428397.0,29146.0,34389.0,15.0,-30.0,9.7762,15.6411,25.2262,5.89,25.0,6.0
290.6887,11434154.0,29121.0,33670.0,15.0,-30.0,9.6657,15.5419,25.0771,5.87,25.0,6.0
290.6887,11428857.0,29124.0,34882.0,15.0,-30.0,9.7674,15.5538,25.0956,5.88,25.0,6.0
290.6887,11427976.0,29125.0,33934.0,15.0,-30.0,9.7843,15.5578,25.1018,5.89,25.0,6.0
290.7208,11428118.0,29071.0,32621.0,15.0,-30.0,9.7816,15.3435,24.7691,5.96,25.0,6.0
290.7208,11428403.0,29101.0,33409.0,15.0,-30.0,9.7761,15.4626,24.9539,5.96,25.0,6.0
290.7208,11427681.0,29084.0,34892.0,15.0,-30.0,9.79,15.3951,24.8492,5.99,25.0,6.0
290.753,11430045.0,29038.0,32457.0,15.0,-30.0,9.7446,15.2126,24.5657,6.05,25.0,6.0
290.753,11427656.0,29091.0,33806.0,15.0,-30.0,9.7905,15.4229,24.8923,6.03,25.0,6.0
290.753,11427687.0,29157.0,33290.0,15.0,-30.0,9.7899,15.6848,25.291,5.95,25.0,6.0
290.7843,11427026.0,29043.0,34763.0,15.0,-30.0,9.8026,15.2324,24.5965,6.03,25.0,6.0
290.7843,11433137.0,29123.0,34517.0,15.0,-30.0,9.6852,15.5499,25.0895,5.96,25.0,6.0
290.7856,11429145.0,29126.0,33163.0,15.0,-30.0,9.7619,15.5618,25.108,5.93,25.0,6.0
290.8162,11426329.0,29128.0,33130.0,15.0,-30.0,9.816,15.5697,25.1199,5.92,25.0,6.0
290.8162,11428270.0,29101.0,33685.0,15.0,-30.0,9.7787,15.4626,24.9539,5.94,25.0,6.0
290.8162,11429185.0,29077.0,34235.0,15.0,-30.0,9.7611,15.3673,24.806,5.98,25.0,6.0
290.849,11427051.0,29086.0,34569.0,15.0,-30.0,9.8021,15.403,24.8615,6.0,25.0,6.0
290.849,11432515.0,29064.0,36064.0,15.0,-30.0,9.6972,15.3158,24.7259,6.01,25.0,6.0
290.849,11429791.0,29091.0,34143.0,15.0,-30.0,9.7495,15.4229,24.8923,6.0,25.0,6.0
290.8812,11427421.0,29053.0,33265.0,15.0,-30.0,9.795,15.2721,24.6581,6.05,25.0,6.0
290.8812,11427934.0,29105.0,35055.0,15.0,-30.0,9.7851,15.4784,24.9786,6.02,25.0,6.0
290.8812,11429886.0,29115.0,33950.0,15.0,-30.0,9.7476,15.5181,25.0402,5.97,25.0,6.0
290.8984,11430759.0,29124.0,33804.0,15.0,-30.0,9.7309,15.5538,25.0956,5.93,25.0,6.0
290.8984,11427479.0,29187.0,35654.0,15.0,-30.0,9.7939,15.8038,25.4661,5.85,25.0,6.0
290.8984,11429021.0,29148.0,33269.0,15.0,-30.0,9.7642,15.649,25.238,5.84,25.0,6.0
290.9453,11427431.0,29168.0,34340.0,15.0,-30.0,9.7948,15.7284,25.3553,5.82,25.0,6.0
290.9453,11429646.0,29079.0,35515.0,15.0,-30.0,9.7522,15.3753,24.8184,5.9,25.0,6.0
290.9453,11428645.0,29091.0,32757.0,15.0,-30.0,9.7715,15.4229,24.8923,5.94,25.0,6.0
290.961,11427933.0,29122.0,34049.0,15.0,-30.0,9.7851,15.5459,25.0833,5.93,25.0,6.0
290.961,11429318.0,29155.0,34652.0,15.0,-30.0,9.7585,15.6768,25.2793,5.88,25.0,6.0
290.961,11428900.0,29113.0,33629.0,15.0,-30.0,9.7666,15.5102,25.0279,5.9,25.0,6.0
290.997,11428129.0,29088.0,32982.0,15.0,-30.0,9.7814,15.411,24.8738,5.94,25.0,6.0
290.997,11430778.0,29098.0,33705.0,15.0,-30.0,9.7305,15.4507,24.9354,5.95,25.0,6.0
290.997,11428539.0,29119.0,34320.0,15.0,-30.0,9.7735,15.534,25.0648,5.93,25.0,6.0
291.0253,11428551.0,29098.0,35178.0,15.0,-30.0,9.7733,15.4507,24.9354,5.95,25.0,6.0
291.0253,11428821.0,29149.0,33428.0,15.0,-30.0,9.7681,15.653,25.2439,5.9,25.0,6.0
291.0253,11428659.0,29091.0,33398.0,15.0,-30.0,9.7712,15.4229,24.8923,5.94,25.0,6.0
291.0574,11429258.0,29126.0,32696.0,15.0,-30.0,9.7597,15.5618,25.108,5.92,25.0,6.0
291.0574,11429358.0,29192.0,33725.0,15.0,-30.0,9.7578,15.8236,25.4953,5.83,25.0,6.0
291.0574,11427217.0,29121.0,34248.0,15.0,-30.0,9.7989,15.5419,25.0771,5.87,25.0,6.0
291.0891,11429081.0,29072.0,33832.0,15.0,-30.0,9.7631,15.3475,24.7752,5.94,25.0,6.0
291.0891,11426429.0,29110.0,33731.0,15.0,-30.0,9.814,15.4983,25.0094,5.95,25.0,6.0
291.0891,11430531.0,29120.0,33971.0,15.0,-30.0,9.7352,15.5379,25.071,5.92,25.0,6.0
291.1206,11428789.0,29155.0,33626.0,15.0,-30.0,9.7687,15.6768,25.2793,5.88,25.0,6.0
291.1206,11427933.0,29076.0,35224.0,15.0,-30.0,9.7851,15.3634,24.7999,5.95,25.0,6.0
291.1206,11427912.0,29097.0,32468.0,15.0,-30.0,9.7855,15.4467,24.9293,5.96,25.0,6.0
291.1523,11426584.0,29120.0,34630.0,15.0,-30.0,9.8111,15.5379,25.071,5.95,25.0,6.0
291.1523,11430237.0,29129.0,33663.0,15.0,-30.0,9.7409,15.5737,25.1258,5.92,25.0,6.0
291.1523,11433362.0,29063.0,34055.0,15.0,-30.0,9.6809,15.3118,24.7198,5.96,25.0,6.0
291.1745,11428539.0,29089.0,33469.0,15.0,-30.0,9.7735,15.415,24.88,5.98,25.0,6.0
291.1745,11429302.0,29117.0,33137.0,15.0,-30.0,9.7588,15.526,25.0525,5.95,25.0,6.0
291.1745,11428461.0,29146.0,33954.0,15.0,-30.0,9.775,15.6411,25.2262,5.9,25.0,6.0
291.2005,11428804.0,29078.0,33641.0,15.0,-30.0,9.7684,15.3713,24.8122,5.96,25.0,6.0
291.2005,11431507.0,29057.0,33669.0,15.0,-30.0,9.7165,15.288,24.6828,6.0,25.0,6.0
291.2005,11430155.0,29139.0,34122.0,15.0,-30.0,9.7425,15.6133,25.1849,5.93,25.0,6.0
291.2322,11428590.0,29108.0,33701.0,15.0,-30.0,9.7725,15.4903,24.997,5.94,25.0,6.0
291.2322,11427235.0,29034.0,33608.0,15.0,-30.0,9.7986,15.1967,24.5411,6.04,25.0,6.0
291.2322,11429270.0,29110.0,33326.0,15.0,-30.0,9.7595,15.4983,25.0094,6.0,25.0,6.0
291.264,11427714.0,29131.0,33583.0,15.0,-30.0,9.7894,15.5816,25.1376,5.95,25.0,6.0
291.264,11429636.0,29047.0,33870.0,15.0,-30.0,9.7524,15.2483,24.6212,6.02,25.0,6.0
291.264,11428895.0,29079.0,34116.0,15.0,-30.0,9.7667,15.3753,24.8184,6.02,25.0,6.0
291.2963,11428846.0,29066.0,35256.0,15.0,-30.0,9.7676,15.3237,24.7382,6.04,25.0,6.0
291.2963,11428255.0,29071.0,35044.0,15.0,-30.0,9.779,15.3435,24.7691,6.05,25.0,6.0
291.2963,11430023.0,29100.0,34452.0,15.0,-30.0,9.745,15.4586,24.9477,6.01,25.0,6.0
291.3278,11429430.0,29088.0,34660.0,15.0,-30.0,9.7564,15.411,24.8738,6.01,25.0,6.0
291.3278,11429751.0,29066.0,34160.0,15.0,-30.0,9.7502,15.3237,24.7382,6.03,25.0,6.0
291.3278,11428838.0,29058.0,35003.0,15.0,-30.0,9.7678,15.292,24.689,6.05,25.0,6.0
291.3594,11428761.0,29096.0,34847.0,15.0,-30.0,9.7692,15.4427,24.9231,6.02,25.0,6.0
291.3594,11428621.0,29123.0,34536.0,15.0,-30.0,9.7719,15.5499,25.0895,5.98,25.0,6.0
291.3594,11427166.0,29063.0,34328.0,15.0,-30.0,9.7999,15.3118,24.7198,6.03,25.0,6.0
291.3918,11437100.0,29076.0,33937.0,15.0,-30.0,9.6092,15.3634,24.7999,5.99,25.0,6.0
291.3918,11427830.0,28994.0,35284.0,15.0,-30.0,9.7871,15.038,24.2946,6.11,25.0,6.0
291.3918,11427469.0,29138.0,33545.0,15.0,-30.0,9.7941,15.6094,25.179,6.02,25.0,6.0
291.4238,11427439.0,29118.0,35069.0,15.0,-30.0,9.7946,15.53,25.0587,5.98,25.0,6.0
291.4238,11424613.0,29092.0,33506.0,15.0,-30.0,9.849,15.4269,24.8985,6.01,25.0,6.0
291.4238,11435820.0,29062.0,33590.0,15.0,-30.0,9.6338,15.3078,24.7136,6.0,25.0,6.0
291.4556,11427864.0,29050.0,33733.0,15.0,-30.0,9.7865,15.2602,24.6397,6.05,25.0,6.0
291.4556,11429122.0,29139.0,33277.0,15.0,-30.0,9.7623,15.6133,25.1849,5.97,25.0,6.0
291.4556,11427014.0,29075.0,35143.0,15.0,-30.0,9.8028,15.3594,24.7937,6.01,25.0,6.0
291.4713,11430733.0,29093.0,33720.0,15.0,-30.0,9.7314,15.4308,24.9046,5.99,25.0,6.0
291.4713,11430733.0,29103.0,33825.0,15.0,-30.0,9.7314,15.4705,24.9662,5.97,25.0,6.0
291.4713,11428834.0,29135.0,33991.0,15.0,-30.0,9.7678,15.5975,25.1613,5.93,25.0,6.0
291.5035,11427975.0,29048.0,33897.0,15.0,-30.0,9.7843,15.2523,24.6273,6.01,25.0,6.0
291.5035,11426644.0,29086.0,33574.0,15.0,-30.0,9.8099,15.403,24.8615,6.02,25.0,6.0
291.5035,11427607.0,29148.0,33272.0,15.0,-30.0,9.7914,15.649,25.238,5.95,25.0,6.0
291.5352,11431256.0,29119.0,32599.0,15.0,-30.0,9.7213,15.534,25.0648,5.92,25.0,6.0
291.5352,11430045.0,29136.0,33814.0,15.0,-30.0,9.7446,15.6014,25.1672,5.89,25.0,6.0
291.5352,11428666.0,29051.0,34452.0,15.0,-30.0,9.7711,15.2642,24.6458,5.98,25.0,6.0
291.5671,11429860.0,29051.0,33743.0,15.0,-30.0,9.7481,15.2642,24.6458,6.03,25.0,6.0
291.5671,11427051.0,29058.0,33411.0,15.0,-30.0,9.8021,15.292,24.689,6.07,25.0,6.0
291.5671,11431648.0,29076.0,33578.0,15.0,-30.0,9.7138,15.3634,24.7999,6.04,25.0,6.0
291.6018,11438320.0,29144.0,34052.0,15.0,-30.0,9.5858,15.6332,25.2144,5.91,25.0,6.0
291.6018,11429604.0,29126.0,34878.0,15.0,-30.0,9.753,15.5618,25.108,5.9,25.0,6.0
291.6018,11427681.0,29160.0,33842.0,15.0,-30.0,9.79,15.6967,25.3085,5.86,25.0,6.0
291.6319,11429922.0,29139.0,33326.0,15.0,-30.0,9.7469,15.6133,25.1849,5.85,25.0,6.0
291.6319,11427816.0,29089.0,35480.0,15.0,-30.0,9.7874,15.415,24.88,5.92,25.0,6.0
291.6319,11428033.0,29104.0,33148.0,15.0,-30.0,9.7832,15.4745,24.9724,5.94,25.0,6.0
291.6641,11426450.0,29126.0,34090.0,15.0,-30.0,9.8136,15.5618,25.108,5.93,25.0,6.0
291.6641,11428055.0,29145.0,35924.0,15.0,-30.0,9.7828,15.6371,25.2203,5.9,25.0,6.0
291.6641,11428211.0,29155.0,33770.0,15.0,-30.0,9.7798,15.6768,25.2793,5.86,25.0,6.0
291.68,11429280.0,29057.0,33895.0,15.0,-30.0,9.7593,15.288,24.6828,5.95,25.0,6.0
291.68,11428129.0,29111.0,34401.0,15.0,-30.0,9.7814,15.5022,25.0155,5.95,25.0,6.0
291.68,11427933.0,29150.0,33729.0,15.0,-30.0,9.7851,15.657,25.2498,5.9,25.0,6.0
291.712,11427386.0,29131.0,34011.0,15.0,-30.0,9.7957,15.5816,25.1376,5.9,25.0,6.0
291.712,11428694.0,29077.0,33746.0,15.0,-30.0,9.7705,15.3673,24.806,5.96,25.0,6.0
291.712,11429151.0,29131.0,32738.0,15.0,-30.0,9.7617,15.5816,25.1376,5.92,25.0,6.0
291.7438,11428048.0,29054.0,33718.0,15.0,-30.0,9.7829,15.2761,24.6643,6.0,25.0,6.0
291.7438,11422785.0,29089.0,32709.0,15.0,-30.0,9.8841,15.415,24.88,6.03,25.0,6.0
291.7438,11428749.0,29068.0,33381.0,15.0,-30.0,9.7695,15.3316,24.7506,6.05,25.0,6.0
291.7761,11429042.0,29121.0,33675.0,15.0,-30.0,9.7638,15.5419,25.0771,5.99,25.0,6.0
291.7761,11426734.0,29081.0,34205.0,15.0,-30.0,9.8082,15.3832,24.8307,6.02,25.0,6.0
291.7761,11427143.0,29119.0,34025.0,15.0,-30.0,9.8003,15.534,25.0648,5.98,25.0,6.0
291.809,11430385.0,29125.0,33607.0,15.0,-30.0,9.738,15.5578,25.1018,5.94,25.0,6.0
291.809,11428671.0,29166.0,33581.0,15.0,-30.0,9.771,15.7205,25.3436,5.87,25.0,6.0
291.809,11428942.0,29091.0,33918.0,15.0,-30.0,9.7658,15.4229,24.8923,5.92,25.0,6.0
291.8416,11429413.0,29091.0,34250.0,15.0,-30.0,9.7567,15.4229,24.8923,5.95,25.0,6.0
291.8416,11431068.0,29137.0,33698.0,15.0,-30.0,9.7249,15.6054,25.1731,5.9,25.0,6.0
291.8416,11431472.0,29156.0,33094.0,15.0,-30.0,9.7172,15.6808,25.2851,5.85,25.0,6.0
291.8767,11429145.0,29108.0,33772.0,15.0,-30.0,9.7619,15.4903,24.997,5.88,25.0,6.0
291.8767,11428983.0,29100.0,34579.0,15.0,-30.0,9.765,15.4586,24.9477,5.92,25.0,6.0
291.8767,11427999.0,29123.0,33557.0,15.0,-30.0,9.7839,15.5499,25.0895,5.91,25.0,6.0
291.9055,11427526.0,29118.0,34253.0,15.0,-30.0,9.793,15.53,25.0587,5.92,25.0,6.0
291.9055,11431010.0,29089.0,33338.0,15.0,-30.0,9.7261,15.415,24.88,5.94,25.0,6.0
291.9055,11428229.0,29155.0,33861.0,15.0,-30.0,9.7795,15.6768,25.2793,5.89,25.0,6.0
291.9271,11429321.0,29142.0,33783.0,15.0,-30.0,9.7585,15.6252,25.2026,5.87,25.0,6.0
291.9271,11428481.0,29106.0,34820.0,15.0,-30.0,9.7746,15.4824,24.9847,5.9,25.0,6.0
291.9271,11427624.0,29074.0,34518.0,15.0,-30.0,9.7911,15.3554,24.7875,5.97,25.0,6.0
291.9538,11430631.0,29120.0,34122.0,15.0,-30.0,9.7333,15.5379,25.071,5.93,25.0,6.0
291.9543,11430803.0,29058.0,34563.0,15.0,-30.0,9.73,15.292,24.689,5.99,25.0,6.0
291.9543,11428684.0,29084.0,33767.0,15.0,-30.0,9.7707,15.3951,24.8492,6.0,25.0,6.0
291.9851,11428575.0,29127.0,33766.0,15.0,-30.0,9.7728,15.5657,25.114,5.96,25.0,6.0
291.9851,11427816.0,29065.0,34356.0,15.0,-30.0,9.7874,15.3197,24.7321,6.01,25.0,6.0
291.9851,11427959.0,29086.0,32913.0,15.0,-30.0,9.7846,15.403,24.8615,6.01,25.0,6.0
292.0189,11428440.0,29071.0,34188.0,15.0,-30.0,9.7754,15.3435,24.7691,6.03,25.0,6.0
292.0189,11428368.0,29049.0,34570.0,15.0,-30.0,9.7768,15.2562,24.6335,6.07,25.0,6.0
292.0189,11429337.0,29106.0,33503.0,15.0,-30.0,9.7582,15.4824,24.9847,6.02,25.0,6.0
292.0495,11429908.0,29134.0,33420.0,15.0,-29.994,9.7472,15.5935,25.1553,5.95,25.0,6.01
292.0495,11428022.0,29063.0,32841.0,15.0,-29.994,9.7834,15.3118,24.7198,6.01,25.0,6.01
292.0495,11431270.0,29089.0,34051.0,15.0,-29.994,9.7211,15.415,24.88,5.99,25.0,6.01
292.0816,11428229.0,29119.0,33858.0,15.0,-29.994,9.7795,15.534,25.0648,5.96,25.0,6.01
292.0816,11428910.0,29078.0,33836.0,15.0,-29.994,9.7664,15.3713,24.8122,5.99,25.0,6.01
292.0816,11426969.0,29145.0,34309.0,15.0,-29.994,9.8037,15.6371,25.2203,5.94,25.0,6.01
292.114,11432620.0,29084.0,33823.0,15.0,-29.994,9.6951,15.3951,24.8492,5.95,25.0,6.01
292.1154,11426116.0,29128.0,34718.0,15.0,-29.994,9.8201,15.5697,25.1199,5.94,25.0,6.01
292.1154,11433678.0,29122.0,33429.0,15.0,-29.994,9.6748,15.5459,25.0833,5.9,25.0,6.01
292.1329,11427500.0,29059.0,33898.0,15.0,-29.994,9.7935,15.2959,24.6951,5.98,25.0,6.01
292.1329,11427051.0,28993.0,34006.0,15.0,-29.994,9.8021,15.0341,24.2884,6.12,25.0,6.01
292.1329,11427439.0,29102.0,33182.0,15.0,-29.994,9.7946,15.4665,24.9601,6.06,25.0,6.01
292.1648,11428270.0,29119.0,35126.0,15.0,-29.969,9.7787,15.534,25.0648,6.0,25.0,6.03
292.1648,11431319.0,29060.0,34041.0,15.0,-29.969,9.7201,15.2999,24.7013,6.02,25.0,6.03
292.1648,11426895.0,29139.0,34037.0,15.0,-29.969,9.8051,15.6133,25.1849,5.97,25.0,6.03
292.1952,11424755.0,29028.0,33529.0,15.0,-29.969,9.8462,15.1729,24.5041,6.08,25.0,6.03
292.1952,11428003.0,29125.0,34066.0,15.0,-29.969,9.7838,15.5578,25.1018,6.01,25.0,6.03
292.1952,11426669.0,29061.0,33940.0,15.0,-29.969,9.8094,15.3039,24.7074,6.05,25.0,6.03
292.2268,11422785.0,29101.0,32724.0,15.0,-29.969,9.8841,15.4626,24.9539,6.05,25.0,6.03
292.2268,11425510.0,29038.0,33464.0,15.0,-29.969,9.8317,15.2126,24.5657,6.11,25.0,6.03
292.2268,11423522.0,29085.0,33625.0,15.0,-29.969,9.8699,15.3991,24.8553,6.1,25.0,6.03
292.259,11422785.0,29107.0,33677.0,15.0,-29.969,9.8841,15.4864,24.9909,6.07,25.0,6.03
292.259,11422785.0,29083.0,32992.0,15.0,-29.969,9.8841,15.3911,24.843,6.08,25.0,6.03
292.259,11422785.0,29097.0,32979.0,15.0,-29.969,9.8841,15.4467,24.9293,6.08,25.0,6.03
292.2908,11423998.0,29131.0,32310.0,15.0,-29.922,9.8608,15.5816,25.1376,6.02,25.0,6.08
292.2908,11421742.0,29105.0,33266.0,15.0,-29.922,9.9042,15.4784,24.9786,6.03,25.0,6.08
292.2908,11420115.0,29104.0,34140.0,15.0,-29.922,9.9355,15.4745,24.9724,6.05,25.0,6.08
292.3233,11424641.0,29120.0,33312.0,15.0,-29.922,9.8484,15.5379,25.071,6.02,25.0,6.08
292.3233,11425837.0,29155.0,33410.0,15.0,-29.922,9.8254,15.6768,25.2793,5.95,25.0,6.08
292.3233,11419927.0,29057.0,32505.0,15.0,-29.922,9.9391,15.288,24.6828,6.06,25.0,6.08
292.3405,11420484.0,29141.0,33345.0,15.0,-29.922,9.9284,15.6213,25.1967,6.02,25.0,6.08
292.3405,11419048.0,29088.0,33820.0,15.0,-29.922,9.9561,15.411,24.8738,6.07,25.0,6.08
292.3405,11418266.0,29100.0,33305.0,15.0,-29.922,9.9711,15.4586,24.9477,6.09,25.0,6.08
292.3722,11421037.0,29156.0,33138.0,15.0,-29.922,9.9178,15.6808,25.2851,6.02,25.0,6.08
292.3722,11418867.0,29095.0,34304.0,15.0,-29.922,9.9595,15.4388,24.9169,6.06,25.0,6.08
292.3722,11418095.0,29090.0,34678.0,15.0,-29.922,9.9744,15.4189,24.8861,6.09,25.0,6.08
292.4026,11416937.0,29038.0,33353.0,15.0,-29.856,9.9967,15.2126,24.5657,6.18,25.0,6.14
292.4026,11419159.0,29137.0,32980.0,15.0,-29.856,9.9539,15.6054,25.1731,6.11,25.0,6.14
292.4026,11414305.0,29139.0,33265.0,15.0,-29.856,10.0475,15.6133,25.1849,6.09,25.0,6.14
292.4346,11418258.0,29144.0,34733.0,15.0,-29.856,9.9713,15.6332,25.2144,6.04,25.0,6.14
292.4346,11414619.0,29106.0,33350.0,15.0,-29.856,10.0414,15.4824,24.9847,6.09,25.0,6.14
292.4346,11414665.0,29123.0,32470.0,15.0,-29.856,10.0405,15.5499,25.0895,6.09,25.0,6.14
292.4668,11414112.0,29092.0,33824.0,15.0,-29.856,10.0512,15.4269,24.8985,6.13,25.0,6.14
292.4668,11414506.0,29080.0,34070.0,15.0,-29.856,10.0436,15.3792,24.8245,6.17,25.0,6.14
292.4668,11411804.0,29063.0,33905.0,15.0,-29.856,10.0957,15.3118,24.7198,6.23,25.0,6.14
292.4983,11411281.0,29074.0,34548.0,15.0,-29.775,10.1058,15.3554,24.7875,6.25,25.0,6.23
292.4983,11411323.0,29078.0,33869.0,15.0,-29.775,10.105,15.3713,24.8122,6.26,25.0,6.23
292.4983,11410335.0,29129.0,33507.0,15.0,-29.775,10.124,15.5737,25.1258,6.21,25.0,6.23
292.5327,11407925.0,29118.0,33358.0,15.0,-29.775,10.1706,15.53,25.0587,6.21,25.0,6.23
292.5327,11408626.0,29109.0,33579.0,15.0,-29.775,10.157,15.4943,25.0032,6.21,25.0,6.23
292.5327,11408835.0,29137.0,33743.0,15.0,-29.775,10.153,15.6054,25.1731,6.18,25.0,6.23
292.5628,11406737.0,29086.0,32254.0,15.0,-29.775,10.1935,15.403,24.8615,6.24,25.0,6.23
292.5628,11405511.0,29147.0,33750.0,15.0,-29.775,10.2172,15.6451,25.2321,6.2,25.0,6.23
292.5628,11406680.0,29100.0,33293.0,15.0,-29.775,10.1946,15.4586,24.9477,6.23,25.0,6.23
292.5813,11403989.0,29006.0,32712.0,15.0,-29.775,10.2466,15.0856,24.3685,6.39,25.0,6.23
292.5813,11404403.0,29074.0,33788.0,15.0,-29.775,10.2386,15.3554,24.7875,6.39,25.0,6.23
292.5813,11403030.0,29082.0,33531.0,15.0,-29.775,10.2652,15.3872,24.8368,6.38,25.0,6.23
292.6104,11403650.0,29074.0,32828.0,15.0,-29.672,10.2532,15.3554,24.7875,6.39,25.0,6.33
292.6104,11400550.0,29132.0,33522.0,15.0,-29.672,10.3132,15.5856,25.1435,6.34,25.0,6.33
292.6104,11401272.0,29063.0,33455.0,15.0,-29.672,10.2992,15.3118,24.7198,6.39,25.0,6.33
292.643,11401752.0,29173.0,32921.0,15.0,-29.672,10.2899,15.7482,25.3845,6.29,25.0,6.33
292.643,11399470.0,29104.0,35131.0,15.0,-29.672,10.3341,15.4745,24.9724,6.32,25.0,6.33
292.643,11398245.0,29138.0,34194.0,15.0,-29.672,10.3578,15.6094,25.179,6.3,25.0,6.33
292.677,11398533.0,29077.0,33779.0,15.0,-29.672,10.3522,15.3673,24.806,6.37,25.0,6.33
292.677,11399654.0,29077.0,34051.0,15.0,-29.672,10.3305,15.3673,24.806,6.4,25.0,6.33
292.677,11401348.0,29070.0,33360.0,15.0,-29.672,10.2977,15.3396,24.7629,6.42,25.0,6.33
292.7075,11396449.0,29155.0,33986.0,15.0,-29.672,10.3926,15.6768,25.2793,6.35,25.0,6.33
292.7075,11395995.0,29106.0,34068.0,15.0,-29.672,10.4014,15.4824,24.9847,6.38,25.0,6.33
292.7075,11392109.0,29051.0,33124.0,15.0,-29.672,10.4767,15.2642,24.6458,6.48,25.0,6.33
292.7393,11393742.0,29181.0,34215.0,15.0,-29.55,10.445,15.78,25.4311,6.38,25.0,6.45
292.7393,11394375.0,29119.0,34603.0,15.0,-29.55,10.4328,15.534,25.0648,6.38,25.0,6.45
292.7393,11401588.0,29078.0,35120.0,15.0,-29.55,10.2931,15.3713,24.8122,6.4,25.0,6.45
292.7711,11389725.0,29072.0,34980.0,15.0,-29.55,10.523,15.3475,24.7752,6.48,25.0,6.45
292.7711,11389776.0,29100.0,33820.0,15.0,-29.55,10.522,15.4586,24.9477,6.5,25.0,6.45
292.7711,11392015.0,29030.0,33876.0,15.0,-29.55,10.4785,15.1809,24.5164,6.59,25.0,6.45
292.803,11390960.0,29126.0,34007.0,15.0,-29.55,10.499,15.5618,25.108,6.52,25.0,6.45
292.803,11391028.0,29022.0,33866.0,15.0,-29.55,10.4977,15.1491,24.4671,6.62,25.0,6.45
292.803,11385400.0,29148.0,34564.0,15.0,-29.55,10.6069,15.649,25.238,6.55,25.0,6.45
292.8229,11385603.0,29098.0,34287.0,15.0,-29.55,10.603,15.4507,24.9354,6.56,25.0,6.45
292.8229,11385931.0,29097.0,33121.0,15.0,-29.55,10.5966,15.4467,24.9293,6.57,25.0,6.45
292.8229,11384315.0,29096.0,33575.0,15.0,-29.55,10.628,15.4427,24.9231,6.59,25.0,6.45
292.8696,11384134.0,29159.0,33647.0,15.0,-29.413,10.6315,15.6927,25.3027,6.52,25.0,6.59
292.8696,11382221.0,29096.0,35779.0,15.0,-29.413,10.6687,15.4427,24.9231,6.57,25.0,6.59
292.8696,11382949.0,29055.0,34409.0,15.0,-29.413,10.6546,15.2801,24.6705,6.66,25.0,6.59
292.8825,11381970.0,29091.0,34272.0,15.0,-29.413,10.6736,15.4229,24.8923,6.67,25.0,6.59
292.8825,11378423.0,29092.0,34822.0,15.0,-29.413,10.7426,15.4269,24.8985,6.69,25.0,6.59
292.8848,11377331.0,29063.0,33463.0,15.0,-29.413,10.7639,15.3118,24.7198,6.76,25.0,6.59
292.9179,11381900.0,29155.0,34600.0,15.0,-29.413,10.675,15.6768,25.2793,6.64,25.0,6.59
292.9179,11377169.0,29096.0,34492.0,15.0,-29.413,10.767,15.4427,24.9231,6.68,25.0,6.59
292.9179,11375559.0,29126.0,33539.0,15.0,-29.413,10.7984,15.5618,25.108,6.67,25.0,6.59
292.9505,11374612.0,29124.0,34031.0,15.0,-29.25,10.8168,15.5538,25.0956,6.67,25.0,6.75
292.9505,11376169.0,29092.0,34495.0,15.0,-29.25,10.7865,15.4269,24.8985,6.71,25.0,6.75
292.9505,11377652.0,29060.0,33356.0,15.0,-29.25,10.7576,15.2999,24.7013,6.77,25.0,6.75
292.9794,11373003.0,29079.0,33845.0,15.0,-29.25,10.8482,15.3753,24.8184,6.81,25.0,6.75
292.9794,11372817.0,29088.0,34609.0,15.0,-29.25,10.8518,15.411,24.8738,6.83,25.0,6.75
292.9794,11369608.0,29140.0,35097.0,15.0,-29.25,10.9144,15.6173,25.1908,6.78,25.0,6.75
293.0114,11370060.0,29117.0,33696.0,15.0,-29.25,10.9056,15.526,25.0525,6.78,25.0,6.75
293.0114,11366508.0,29048.0,33429.0,15.0,-29.25,10.9749,15.2523,24.6273,6.91,25.0,6.75
293.0114,11366186.0,29136.0,34136.0,15.0,-29.25,10.9812,15.6014,25.1672,6.86,25.0,6.75
293.0453,11364169.0,29107.0,32447.0,15.0,-29.25,11.0206,15.4864,24.9909,6.88,25.0,6.75
293.0453,11365075.0,29045.0,33470.0,15.0,-29.25,11.0029,15.2404,24.6089,6.99,25.0,6.75
293.0453,11365726.0,29093.0,33435.0,15.0,-29.25,10.9902,15.4308,24.9046,6.98,25.0,6.75
293.0616,11363526.0,29110.0,33422.0,15.0,-29.078,11.0332,15.4983,25.0094,6.95,25.0,6.92
293.0616,11362799.0,29150.0,33752.0,15.0,-29.078,11.0474,15.657,25.2498,6.89,25.0,6.92
293.0616,11360806.0,28987.0,33204.0,15.0,-29.078,11.0863,15.0103,24.2524,7.14,25.0,6.92
293.0937,11360929.0,29083.0,34286.0,15.0,-29.078,11.0839,15.3911,24.843,7.11,25.0,6.92
293.0937,11358421.0,29122.0,32830.0,15.0,-29.078,11.133,15.5459,25.0833,7.05,25.0,6.92
293.0937,11359904.0,29112.0,33830.0,15.0,-29.078,11.104,15.5062,25.0217,7.02,25.0,6.92
293.124,11354127.0,29134.0,34590.0,15.0,-29.078,11.2171,15.5935,25.1553,7.01,25.0,6.92
293.124,11353903.0,29087.0,33619.0,15.0,-29.078,11.2215,15.407,24.8676,7.09,25.0,6.92
293.124,11354169.0,29076.0,33708.0,15.0,-29.078,11.2163,15.3634,24.7999,7.15,25.0,6.92
293.1592,11354617.0,29056.0,33350.0,15.0,-29.078,11.2075,15.284,24.6766,7.22,25.0,6.92
293.1592,11352819.0,29078.0,32844.0,15.0,-29.078,11.2427,15.3713,24.8122,7.24,25.0,6.92
293.1592,11355000.0,29091.0,33796.0,15.0,-29.078,11.2,15.4229,24.8923,7.21,25.0,6.92
293.1878,11349637.0,29069.0,32919.0,15.0,-28.884,11.3051,15.3356,24.7567,7.27,25.0,7.12
293.1878,11349621.0,29063.0,32965.0,15.0,-28.884,11.3054,15.3118,24.7198,7.33,25.0,7.12
293.1878,11348605.0,29073.0,33669.0,15.0,-28.884,11.3253,15.3515,24.7814,7.35,25.0,7.12
293.2193,11346662.0,29139.0,34056.0,15.0,-28.884,11.3635,15.6133,25.1849,7.25,25.0,7.12
293.2205,11346758.0,29081.0,34281.0,15.0,-28.884,11.3616,15.3832,24.8307,7.3,25.0,7.12
293.2205,11344950.0,29171.0,32988.0,15.0,-28.884,11.3971,15.7403,25.3728,7.19,25.0,7.12
293.2511,11345638.0,29103.0,33168.0,15.0,-28.884,11.3836,15.4705,24.9662,7.23,25.0,7.12
293.2511,11343251.0,29059.0,33263.0,15.0,-28.884,11.4304,15.2959,24.6951,7.36,25.0,7.12
293.2511,11347056.0,29105.0,34199.0,15.0,-28.884,11.3557,15.4784,24.9786,7.32,25.0,7.12
293.283,11340878.0,29112.0,34427.0,15.0,-28.672,11.4771,15.5062,25.0217,7.34,25.0,7.33
293.283,11342343.0,29089.0,34083.0,15.0,-28.672,11.4483,15.415,24.88,7.38,25.0,7.33
293.2841,11339220.0,29069.0,33740.0,15.0,-28.672,11.5097,15.3356,24.7567,7.46,25.0,7.33
293.3152,11338096.0,29099.0,32893.0,15.0,-28.672,11.5318,15.4546,24.9416,7.47,25.0,7.33
293.3152,11337305.0,29110.0,34250.0,15.0,-28.672,11.5474,15.4983,25.0094,7.46,25.0,7.33
293.3152,11340507.0,29108.0,32513.0,15.0,-28.672,11.4844,15.4903,24.997,7.43,25.0,7.33
293.3372,11337907.0,29087.0,32578.0,15.0,-28.672,11.5355,15.407,24.8676,7.47,25.0,7.33
293.3372,11334340.0,29104.0,33088.0,15.0,-28.672,11.6057,15.4745,24.9724,7.5,25.0,7.33
293.3372,11333402.0,29134.0,32768.0,15.0,-28.672,11.6242,15.5935,25.1553,7.47,25.0,7.33
293.3631,11331119.0,29145.0,33704.0,15.0,-28.672,11.6692,15.6371,25.2203,7.45,25.0,7.33
293.3631,11330794.0,29106.0,33987.0,15.0,-28.672,11.6756,15.4824,24.9847,7.51,25.0,7.33
293.3631,11332766.0,29054.0,32565.0,15.0,-28.672,11.6367,15.2761,24.6643,7.63,25.0,7.33
293.3952,11330114.0,29132.0,34962.0,15.0,-28.441,11.689,15.5856,25.1435,7.58,25.0,7.56
293.3952,11328533.0,29064.0,32813.0,15.0,-28.441,11.7202,15.3158,24.7259,7.68,25.0,7.56
293.3952,11327839.0,29106.0,32379.0,15.0,-28.441,11.7339,15.4824,24.9847,7.68,25.0,7.56
293.4276,11327502.0,29055.0,34785.0,15.0,-28.441,11.7405,15.2801,24.6705,7.77,25.0,7.56
293.4276,11326638.0,29121.0,33219.0,15.0,-28.441,11.7576,15.5419,25.0771,7.71,25.0,7.56
293.4276,11322309.0,29092.0,33103.0,15.0,-28.441,11.843,15.4269,24.8985,7.77,25.0,7.56
293.4604,11323417.0,29174.0,32972.0,15.0,-28.441,11.8211,15.7522,25.3903,7.64,25.0,7.56
293.4604,11321967.0,29130.0,34190.0,15.0,-28.441,11.8498,15.5776,25.1317,7.66,25.0,7.56
293.4604,11322564.0,29085.0,34939.0,15.0,-28.441,11.838,15.3991,24.8553,7.74,25.0,7.56
293.4914,11320723.0,29065.0,33928.0,15.0,-28.441,11.8744,15.3197,24.7321,7.85,25.0,7.56
293.4914,11315461.0,29073.0,34018.0,15.0,-28.441,11.9784,15.3515,24.7814,7.95,25.0,7.56
293.4914,11317702.0,29077.0,34470.0,15.0,-28.441,11.9341,15.3673,24.806,7.98,25.0,7.56
293.523,11315689.0,29103.0,33710.0,15.0,-28.194,11.9739,15.4705,24.9662,7.96,25.0,7.81
293.523,11315287.0,29072.0,35003.0,15.0,-28.194,11.9819,15.3475,24.7752,8.02,25.0,7.81
293.523,11317115.0,29150.0,33280.0,15.0,-28.194,11.9457,15.657,25.2498,7.89,25.0,7.81
293.5554,11314737.0,29176.0,34229.0,15.0,-28.194,11.9928,15.7601,25.402,7.78,25.0,7.81
293.5554,11311918.0,29124.0,33585.0,15.0,-28.194,12.0486,15.5538,25.0956,7.84,25.0,7.81
293.5554,11311705.0,29079.0,34030.0,15.0,-28.194,12.0528,15.3753,24.8184,7.97,25.0,7.81
293.5725,11311356.0,29041.0,34776.0,15.0,-28.194,12.0597,15.2245,24.5842,8.14,25.0,7.81
293.5725,11327571.0,29113.0,33714.0,15.0,-28.194,11.7392,15.5102,25.0279,7.94,25.0,7.81
293.5725,11310115.0,29111.0,34508.0,15.0,-28.194,12.0843,15.5022,25.0155,7.97,25.0,7.81
293.603,11308842.0,29046.0,33152.0,15.0,-28.194,12.1096,15.2443,24.615,8.15,25.0,7.81
293.6049,11308028.0,29115.0,34443.0,15.0,-28.194,12.1257,15.5181,25.0402,8.11,25.0,7.81
293.6049,11305972.0,29086.0,33118.0,15.0,-28.194,12.1665,15.403,24.8615,8.17,25.0,7.81
293.635,11306716.0,29101.0,33305.0,15.0,-27.903,12.1517,15.4626,24.9539,8.17,25.0,8.1
293.635,11304709.0,29080.0,34103.0,15.0,-27.903,12.1916,15.3792,24.8245,8.23,25.0,8.1
293.635,11307721.0,29112.0,34057.0,15.0,-27.903,12.1318,15.5062,25.0217,8.17,25.0,8.1
293.6686,11301881.0,29187.0,34358.0,15.0,-27.903,12.2477,15.8038,25.4661,8.04,25.0,8.1
293.6686,11301702.0,29090.0,33638.0,15.0,-27.903,12.2513,15.4189,24.8861,8.16,25.0,8.1
293.6686,11299953.0,29026.0,34667.0,15.0,-27.903,12.286,15.165,24.4918,8.4,25.0,8.1
293.6992,11299822.0,29150.0,33732.0,15.0,-27.903,12.2886,15.657,25.2498,8.27,25.0,8.1
293.6992,11300383.0,29094.0,33101.0,15.0,-27.903,12.2775,15.4348,24.9108,8.31,25.0,8.1
293.6992,11298618.0,29091.0,33716.0,15.0,-27.903,12.3126,15.4229,24.8923,8.35,25.0,8.1
293.7317,11296620.0,29131.0,34168.0,15.0,-27.641,12.3523,15.5816,25.1376,8.31,25.0,8.36
293.7317,11297491.0,29109.0,32984.0,15.0,-27.641,12.335,15.4943,25.0032,8.33,25.0,8.36
293.7317,11295266.0,29084.0,33504.0,15.0,-27.641,12.3792,15.3951,24.8492,8.42,25.0,8.36
293.7519,11293401.0,29034.0,32375.0,15.0,-27.641,12.4163,15.1967,24.5411,8.61,25.0,8.36
293.7519,11292151.0,29070.0,34511.0,15.0,-27.641,12.4412,15.3396,24.7629,8.65,25.0,8.36
293.7519,11290996.0,29033.0,34352.0,15.0,-27.641,12.4642,15.1928,24.5349,8.77,25.0,8.36
293.7968,11290100.0,29109.0,34597.0,15.0,-27.641,12.4821,15.4943,25.0032,8.68,25.0,8.36
293.7968,11286681.0,29071.0,33763.0,15.0,-27.641,12.5502,15.3435,24.7691,8.75,25.0,8.36
293.7968,11286491.0,29057.0,33643.0,15.0,-27.641,12.554,15.288,24.6828,8.82,25.0,8.36
293.8129,11288011.0,29157.0,33213.0,15.0,-27.641,12.5237,15.6848,25.291,8.62,25.0,8.36
293.8129,11286472.0,29091.0,33683.0,15.0,-27.641,12.5544,15.4229,24.8923,8.67,25.0,8.36
293.8129,11286345.0,29180.0,33713.0,15.0,-27.641,12.5569,15.776,25.4253,8.49,25.0,8.36
293.8462,11284854.0,29094.0,34342.0,15.0,-27.337,12.5867,15.4348,24.9108,8.6,25.0,8.66
293.8462,11283015.0,29154.0,33732.0,15.0,-27.337,12.6234,15.6728,25.2734,8.54,25.0,8.66
293.8462,11286491.0,29050.0,32891.0,15.0,-27.337,12.554,15.2602,24.6397,8.71,25.0,8.66
293.8763,11280776.0,29106.0,33091.0,15.0,-27.337,12.6681,15.4824,24.9847,8.74,25.0,8.66
293.8763,11280464.0,29102.0,33468.0,15.0,-27.337,12.6743,15.4665,24.9601,8.78,25.0,8.66
293.8763,11279027.0,29119.0,32963.0,15.0,-27.337,12.7031,15.534,25.0648,8.77,25.0,8.66
293.9104,11279153.0,29076.0,33609.0,15.0,-27.337,12.7005,15.3634,24.7999,8.87,25.0,8.66
293.9104,11279597.0,29119.0,32834.0,15.0,-27.337,12.6917,15.534,25.0648,8.82,25.0,8.66
293.9104,11276821.0,29057.0,34336.0,15.0,-27.337,12.7472,15.288,24.6828,8.97,25.0,8.66
293.9407,11275570.0,29108.0,33482.0,15.0,-27.337,12.7722,15.4903,24.997,8.94,25.0,8.66
293.9407,11274726.0,29062.0,34454.0,15.0,-27.337,12.7891,15.3078,24.7136,9.05,25.0,8.66
293.9407,11274866.0,29051.0,34226.0,15.0,-27.337,12.7863,15.2642,24.6458,9.15,25.0,8.66
293.9727,11272329.0,29082.0,32320.0,15.0,-27.019,12.837,15.3872,24.8368,9.15,25.0,8.98
293.9727,11271386.0,29068.0,34202.0,15.0,-27.019,12.8559,15.3316,24.7506,9.2,25.0,8.98
293.9727,11270125.0,29083.0,32571.0,15.0,-27.019,12.8812,15.3911,24.843,9.21,25.0,8.98
294.0094,11269593.0,29105.0,34531.0,15.0,-27.019,12.8918,15.4784,24.9786,9.16,25.0,8.98
294.0094,11269947.0,29096.0,32643.0,15.0,-27.019,12.8847,15.4427,24.9231,9.15,25.0,8.98
294.0094,11268072.0,29095.0,33666.0,15.0,-27.019,12.9223,15.4388,24.9169,9.16,25.0,8.98
294.0288,11266712.0,29109.0,34240.0,15.0,-27.019,12.9496,15.4943,25.0032,9.15,25.0,8.98
294.0288,11265978.0,29140.0,34873.0,15.0,-27.019,12.9643,15.6173,25.1908,9.07,25.0,8.98
294.0288,11264926.0,29092.0,34705.0,15.0,-27.019,12.9854,15.4269,24.8985,9.17,25.0,8.98
294.0519,11265277.0,28969.0,33395.0,15.0,-26.7,12.9783,14.9388,24.1574,9.61,25.0,9.3
294.0519,11263705.0,29075.0,34544.0,15.0,-26.7,13.0099,15.3594,24.7937,9.56,25.0,9.3
294.0519,11268013.0,29088.0,34064.0,15.0,-26.7,12.9235,15.411,24.8738,9.43,25.0,9.3
294.0836,11261286.0,29126.0,33798.0,15.0,-26.7,13.0584,15.5618,25.108,9.33,25.0,9.3
294.0836,11260831.0,28992.0,34755.0,15.0,-26.7,13.0676,15.0301,24.2823,9.7,25.0,9.3
294.0836,11261351.0,29151.0,33892.0,15.0,-26.7,13.0571,15.6609,25.2557,9.43,25.0,9.3
294.1157,11260430.0,29049.0,34886.0,15.0,-26.7,13.0756,15.2562,24.6335,9.58,25.0,9.3
294.1157,11265609.0,29137.0,34668.0,15.0,-26.7,12.9717,15.6054,25.1731,9.34,25.0,9.3
294.1157,11255833.0,29000.0,33621.0,15.0,-26.7,13.168,15.0618,24.3316,9.77,25.0,9.3
294.1505,11256616.0,29047.0,34461.0,15.0,-26.7,13.1523,15.2483,24.6212,9.85,25.0,9.3
294.1505,11255562.0,29050.0,33998.0,15.0,-26.7,13.1735,15.2602,24.6397,9.9,25.0,9.3
294.1505,11255231.0,29079.0,33975.0,15.0,-26.7,13.1801,15.3753,24.8184,9.85,25.0,9.3
294.1841,11254716.0,29074.0,32450.0,15.0,-26.381,13.1905,15.3554,24.7875,9.84,25.0,9.62
294.1841,11252382.0,29112.0,33073.0,15.0,-26.381,13.2374,15.5062,25.0217,9.73,25.0,9.62
294.1841,11252094.0,29126.0,33897.0,15.0,-26.381,13.2432,15.5618,25.108,9.63,25.0,9.62
294.2122,11249914.0,29107.0,34727.0,15.0,-26.381,13.2871,15.4864,24.9909,9.66,25.0,9.62
294.2122,11252357.0,29038.0,33034.0,15.0,-26.381,13.2379,15.2126,24.5657,9.88,25.0,9.62
294.2122,11246834.0,29091.0,33880.0,15.0,-26.381,13.3492,15.4229,24.8923,9.92,25.0,9.62
294.2439,11247693.0,29071.0,33378.0,15.0,-26.381,13.3319,15.3435,24.7691,9.99,25.0,9.62
294.2439,11245901.0,29020.0,34829.0,15.0,-26.381,13.368,15.1412,24.4548,10.25,25.0,9.62
294.2439,11245297.0,29091.0,33531.0,15.0,-26.381,13.3802,15.4229,24.8923,10.16,25.0,9.62
294.2782,11245879.0,29046.0,33577.0,15.0,-26.053,13.3684,15.2443,24.615,10.26,25.0,9.95
294.2782,11245269.0,29075.0,34547.0,15.0,-26.053,13.3807,15.3594,24.7937,10.22,25.0,9.95
294.2782,11247620.0,29129.0,33887.0,15.0,-26.053,13.3333,15.5737,25.1258,9.98,25.0,9.95
294.2964,11243688.0,29113.0,35181.0,15.0,-26.053,13.4126,15.5102,25.0279,9.95,25.0,9.95
294.2964,11242071.0,29068.0,32829.0,15.0,-26.053,13.4452,15.3316,24.7506,10.11,25.0,9.95
294.2964,11241359.0,29059.0,33570.0,15.0,-26.053,13.4596,15.2959,24.6951,10.26,25.0,9.95
294.3252,11241340.0,29151.0,33509.0,15.0,-26.053,13.46,15.6609,25.2557,10.02,25.0,9.95
294.3252,11238713.0,29144.0,34264.0,15.0,-26.053,13.5131,15.6332,25.2144,9.94,25.0,9.95
294.3252,11239237.0,29075.0,34564.0,15.0,-26.053,13.5025,15.3594,24.7937,10.13,25.0,9.95
294.356,11235842.0,29118.0,34033.0,15.0,-26.053,13.5711,15.53,25.0587,10.14,25.0,9.95
294.356,11236184.0,29088.0,34333.0,15.0,-26.053,13.5642,15.411,24.8738,10.26,25.0,9.95
294.356,11236677.0,29092.0,33910.0,15.0,-26.053,13.5542,15.4269,24.8985,10.3,25.0,9.95
294.3872,11236259.0,29053.0,32968.0,15.0,-25.684,13.5626,15.2721,24.6581,10.48,25.0,10.32
294.3872,11234648.0,29095.0,34316.0,15.0,-25.684,13.5952,15.4388,24.9169,10.46,25.0,10.32
294.3872,11232725.0,29089.0,33256.0,15.0,-25.684,13.6341,15.415,24.88,10.5,25.0,10.32
294.4186,11232147.0,29081.0,34910.0,15.0,-25.684,13.6458,15.3832,24.8307,10.56,25.0,10.32
294.4186,11231106.0,29025.0,34460.0,15.0,-25.684,13.6669,15.161,24.4856,10.86,25.0,10.32
294.4186,11228870.0,29135.0,34394.0,15.0,-25.684,13.7121,15.5975,25.1613,10.63,25.0,10.32
294.4508,11242564.0,29103.0,33698.0,15.0,-25.684,13.4353,15.4705,24.9662,10.39,25.0,10.32
294.4508,11228652.0,29197.0,33520.0,15.0,-25.684,13.7166,15.8435,25.5245,10.14,25.0,10.32
294.4508,11227111.0,29087.0,34013.0,15.0,-25.684,13.7478,15.407,24.8676,10.42,25.0,10.32
294.4715,11226718.0,29128.0,33825.0,15.0,-25.684,13.7557,15.5697,25.1199,10.43,25.0,10.32
294.4715,11225716.0,29079.0,33362.0,15.0,-25.684,13.7761,15.3753,24.8184,10.65,25.0,10.32
294.4715,11226954.0,29194.0,35275.0,15.0,-25.684,13.751,15.8316,25.507,10.33,25.0,10.32
294.5181,11225238.0,29162.0,33210.0,15.0,-25.291,13.7857,15.7046,25.3202,10.28,25.0,10.71
294.5181,11223717.0,29096.0,33612.0,15.0,-25.291,13.8166,15.4427,24.9231,10.53,25.0,10.71
294.5181,11223175.0,29066.0,33040.0,15.0,-25.291,13.8276,15.3237,24.7382,10.82,25.0,10.71
294.5466,11222344.0,29097.0,32432.0,15.0,-25.291,13.8444,15.4467,24.9293,10.88,25.0,10.71
294.5466,11222470.0,29114.0,34658.0,15.0,-25.291,13.8419,15.5141,25.034,10.83,25.0,10.71
294.5466,11218623.0,29101.0,34345.0,15.0,-25.291,13.92,15.4626,24.9539,10.94,25.0,10.71
294.5638,11218407.0,29175.0,35617.0,15.0,-25.291,13.9244,15.7562,25.3961,10.71,25.0,10.71
294.5638,11220112.0,29109.0,34254.0,15.0,-25.291,13.8897,15.4943,25.0032,10.8,25.0,10.71
294.5638,11218000.0,29117.0,33210.0,15.0,-25.291,13.9326,15.526,25.0525,10.86,25.0,10.71
294.5951,11214797.0,29099.0,33283.0,15.0,-24.869,13.9977,15.4546,24.9416,11.05,25.0,11.13
294.5951,11215054.0,29163.0,33367.0,15.0,-24.869,13.9925,15.7086,25.3261,10.87,25.0,11.13
294.5951,11215137.0,29159.0,33158.0,15.0,-24.869,13.9908,15.6927,25.3027,10.78,25.0,11.13
294.6318,11214069.0,29091.0,33173.0,15.0,-24.869,14.0125,15.4229,24.8923,11.05,25.0,11.13
294.6318,11212145.0,29139.0,32607.0,15.0,-24.869,14.0516,15.6133,25.1849,11.03,25.0,11.13
294.6318,11213627.0,29050.0,34348.0,15.0,-24.869,14.0215,15.2602,24.6397,11.39,25.0,11.13
294.664,11215155.0,29076.0,34549.0,15.0,-24.869,13.9904,15.3634,24.7999,11.46,25.0,11.13
294.664,11211449.0,29084.0,33433.0,15.0,-24.869,14.0658,15.3951,24.8492,11.54,25.0,11.13
294.664,11211128.0,29110.0,33243.0,15.0,-24.869,14.0723,15.4983,25.0094,11.48,25.0,11.13
294.6917,11211697.0,29094.0,34259.0,15.0,-24.512,14.0608,15.4348,24.9108,11.5,25.0,11.49
294.6917,11212913.0,29128.0,32981.0,15.0,-24.512,14.036,15.5697,25.1199,11.33,25.0,11.49
294.6917,11213500.0,29182.0,34170.0,15.0,-24.512,14.0241,15.7839,25.437,11.0,25.0,11.49
294.7238,11208968.0,29107.0,33440.0,15.0,-24.512,14.1163,15.4864,24.9909,11.21,25.0,11.49
294.7238,11207269.0,29094.0,33877.0,15.0,-24.512,14.1509,15.4348,24.9108,11.43,25.0,11.49
294.7238,11207540.0,29110.0,34393.0,15.0,-24.512,14.1454,15.4983,25.0094,11.49,25.0,11.49
294.7577,11208006.0,29087.0,33500.0,15.0,-24.512,14.1359,15.407,24.8676,11.61,25.0,11.49
294.7577,11206314.0,29085.0,32986.0,15.0,-24.512,14.1704,15.3991,24.8553,11.73,25.0,11.49
294.7577,11207330.0,29097.0,33580.0,15.0,-24.512,14.1497,15.4467,24.9293,11.73,25.0,11.49
294.7742,11205237.0,29160.0,33884.0,15.0,-24.512,14.1923,15.6967,25.3085,11.49,25.0,11.49
294.7742,11204860.0,29133.0,33341.0,15.0,-24.512,14.2,15.5895,25.1494,11.47,25.0,11.49
294.7742,11204205.0,29131.0,33680.0,15.0,-24.512,14.2133,15.5816,25.1376,11.48,25.0,11.49
294.8051,11204891.0,29103.0,32886.0,15.0,-24.122,14.1994,15.4705,24.9662,11.6,25.0,11.88
294.8051,11202010.0,29067.0,33820.0,15.0,-24.122,14.2581,15.3277,24.7444,11.9,25.0,11.88
294.8051,11203483.0,29134.0,35044.0,15.0,-24.122,14.2281,15.5935,25.1553,11.74,25.0,11.88
294.8358,11201767.0,29104.0,33707.0,15.0,-24.122,14.2631,15.4745,24.9724,11.82,25.0,11.88
294.8378,11199824.0,29065.0,32873.0,15.0,-24.122,14.3027,15.3197,24.7321,12.1,25.0,11.88
294.8378,11201706.0,29070.0,32865.0,15.0,-24.122,14.2643,15.3396,24.7629,12.19,25.0,11.88
294.8676,11204819.0,29124.0,33790.0,15.0,-24.122,14.2008,15.5538,25.0956,11.93,25.0,11.88
294.8676,11199270.0,29122.0,35168.0,15.0,-24.122,14.314,15.5459,25.0833,11.91,25.0,11.88
294.8676,11198166.0,29132.0,33063.0,15.0,-24.122,14.3366,15.5856,25.1435,11.87,25.0,11.88
294.9013,11197420.0,29059.0,33571.0,15.0,-24.122,14.3518,15.2959,24.6951,12.23,25.0,11.88
294.9013,11197568.0,29115.0,34532.0,15.0,-24.122,14.3488,15.5181,25.0402,12.15,25.0,11.88
294.9013,11198016.0,29130.0,35093.0,15.0,-24.122,14.3396,15.5776,25.1317,12.02,25.0,11.88
294.9313,11196052.0,29134.0,34323.0,15.0,-23.747,14.3797,15.5935,25.1553,11.97,25.0,12.25
294.9313,11194985.0,29107.0,33184.0,15.0,-23.747,14.4016,15.4864,24.9909,12.09,25.0,12.25
294.9313,11195317.0,29081.0,34495.0,15.0,-23.747,14.3948,15.3832,24.8307,12.29,25.0,12.25
294.9636,11194362.0,29103.0,34031.0,15.0,-23.747,14.4143,15.4705,24.9662,12.31,25.0,12.25
294.9636,11201244.0,29111.0,33995.0,15.0,-23.747,14.2737,15.5022,25.0155,12.14,25.0,12.25
294.9636,11194354.0,29171.0,34023.0,15.0,-23.747,14.4145,15.7403,25.3728,11.91,25.0,12.25
294.9825,11192213.0,29068.0,34072.0,15.0,-23.747,14.4582,15.3316,24.7506,12.35,25.0,12.25
294.9825,11193592.0,29110.0,33891.0,15.0,-23.747,14.43,15.4983,25.0094,12.33,25.0,12.25
294.9825,11190514.0,29110.0,33774.0,15.0,-23.747,14.493,15.4983,25.0094,12.4,25.0,12.25
295.028,11195352.0,29058.0,32881.0,15.0,-23.397,14.3941,15.292,24.689,12.61,25.0,12.6
295.028,11191930.0,29125.0,32795.0,15.0,-23.397,14.464,15.5578,25.1018,12.45,25.0,12.6
295.028,11191131.0,29071.0,33519.0,15.0,-23.397,14.4804,15.3435,24.7691,12.69,25.0,12.6
295.0438,11191186.0,29121.0,33989.0,15.0,-23.397,14.4792,15.5419,25.0771,12.54,25.0,12.6
295.0438,11191287.0,29039.0,34402.0,15.0,-23.397,14.4772,15.2166,24.5719,12.95,25.0,12.6
295.0438,11191536.0,29142.0,34532.0,15.0,-23.397,14.4721,15.6252,25.2026,12.59,25.0,12.6
295.076,11188963.0,29144.0,35547.0,15.0,-23.397,14.5247,15.6332,25.2144,12.42,25.0,12.6
295.076,11189520.0,29117.0,35756.0,15.0,-23.397,14.5133,15.526,25.0525,12.44,25.0,12.6
295.076,11189119.0,29095.0,35130.0,15.0,-23.397,14.5215,15.4388,24.9169,12.59,25.0,12.6
295.1109,11189605.0,29062.0,34427.0,15.0,-23.397,14.5116,15.3078,24.7136,12.88,25.0,12.6
295.1109,11188745.0,29156.0,34129.0,15.0,-23.397,14.5292,15.6808,25.2851,12.54,25.0,12.6
295.1109,11195787.0,29084.0,33669.0,15.0,-23.397,14.3852,15.3951,24.8492,12.53,25.0,12.6
295.1404,11184811.0,29162.0,32236.0,15.0,-23.059,14.6098,15.7046,25.3202,12.39,25.0,12.94
295.1404,11186449.0,29129.0,34320.0,15.0,-23.059,14.5762,15.5737,25.1258,12.44,25.0,12.94
295.1404,11185931.0,29133.0,34018.0,15.0,-23.059,14.5868,15.5895,25.1494,12.46,25.0,12.94
295.173,11186576.0,29161.0,33671.0,15.0,-23.059,14.5736,15.7006,25.3144,12.31,25.0,12.94
295.173,11189049.0,29121.0,33349.0,15.0,-23.059,14.523,15.5419,25.0771,12.37,25.0,12.94
295.173,11184811.0,29109.0,32594.0,15.0,-23.059,14.6098,15.4943,25.0032,12.58,25.0,12.94
295.2051,11184026.0,29108.0,32631.0,15.0,-23.059,14.6259,15.4903,24.997,12.74,25.0,12.94
295.2051,11184811.0,29064.0,34695.0,15.0,-23.059,14.6098,15.3158,24.7259,13.12,25.0,12.94
295.2051,11184811.0,29077.0,33387.0,15.0,-23.059,14.6098,15.3673,24.806,13.24,25.0,12.94
295.237,11184811.0,29070.0,33382.0,15.0,-23.059,14.6098,15.3396,24.7629,13.37,25.0,12.94
295.237,11182998.0,29073.0,33326.0,15.0,-23.059,14.6469,15.3515,24.7814,13.49,25.0,12.94
295.237,11181800.0,29137.0,32136.0,15.0,-23.059,14.6715,15.6054,25.1731,13.18,25.0,12.94
295.2531,11181805.0,29084.0,33383.0,15.0,-22.731,14.6714,15.3951,24.8492,13.33,25.0,13.27
295.2531,11183327.0,29034.0,33447.0,15.0,-22.731,14.6402,15.1967,24.5411,13.76,25.0,13.27
295.2531,11181917.0,29110.0,34139.0,15.0,-22.731,14.6691,15.4983,25.0094,13.5,25.0,13.27
295.2849,11180063.0,29013.0,33910.0,15.0,-22.731,14.7071,15.1134,24.4117,14.22,25.0,13.27
295.2849,11180510.0,29128.0,33582.0,15.0,-22.731,14.698,15.5697,25.1199,13.7,25.0,13.27
295.2849,11180143.0,29069.0,33591.0,15.0,-22.731,14.7055,15.3356,24.7567,13.82,25.0,13.27
295.3168,11179457.0,29059.0,32706.0,15.0,-22.731,14.7196,15.2959,24.6951,13.99,25.0,13.27
295.3168,11180081.0,29107.0,34732.0,15.0,-22.731,14.7068,15.4864,24.9909,13.71,25.0,13.27
295.3168,11179470.0,29068.0,34095.0,15.0,-22.731,14.7193,15.3316,24.7506,13.86,25.0,13.27
295.3493,11179386.0,29154.0,34465.0,15.0,-22.731,14.721,15.6728,25.2734,13.37,25.0,13.27
295.3493,11177846.0,29140.0,34463.0,15.0,-22.731,14.7526,15.6173,25.1908,13.2,25.0,13.27
295.3493,11179946.0,29105.0,32770.0,15.0,-22.731,14.7095,15.4784,24.9786,13.26,25.0,13.27
295.3814,11178788.0,29112.0,33695.0,15.0,-22.431,14.7333,15.5062,25.0217,13.28,25.0,13.57
295.3814,11179060.0,29159.0,34233.0,15.0,-22.431,14.7277,15.6927,25.3027,13.01,25.0,13.57
295.3814,11177060.0,29137.0,34050.0,15.0,-22.431,14.7688,15.6054,25.1731,13.02,25.0,13.57
295.4152,11176641.0,29111.0,33183.0,15.0,-22.431,14.7774,15.5022,25.0155,13.22,25.0,13.57
295.4152,11175941.0,29074.0,33714.0,15.0,-22.431,14.7918,15.3554,24.7875,13.64,25.0,13.57
295.4152,11176155.0,29137.0,34162.0,15.0,-22.431,14.7874,15.6054,25.1731,13.43,25.0,13.57
295.4486,11180896.0,29088.0,33253.0,15.0,-22.431,14.69,15.411,24.8738,13.49,25.0,13.57
295.4486,11176824.0,29097.0,34260.0,15.0,-22.431,14.7736,15.4467,24.9293,13.59,25.0,13.57
295.4486,11175605.0,29120.0,34166.0,15.0,-22.431,14.7987,15.5379,25.071,13.53,25.0,13.57
295.4629,11175640.0,29047.0,33336.0,15.0,-22.431,14.798,15.2483,24.6212,14.09,25.0,13.57
295.4629,11175680.0,29148.0,34276.0,15.0,-22.431,14.7971,15.649,25.238,13.65,25.0,13.57
295.4629,11175798.0,29112.0,33329.0,15.0,-22.431,14.7947,15.5062,25.0217,13.62,25.0,13.57
295.4945,11173542.0,29074.0,34451.0,15.0,-22.134,14.8411,15.3554,24.7875,13.97,25.0,13.87
295.4945,11173966.0,29076.0,33546.0,15.0,-22.134,14.8324,15.3634,24.7999,14.14,25.0,13.87
295.4945,11175366.0,29157.0,34725.0,15.0,-22.134,14.8036,15.6848,25.291,13.64,25.0,13.87
295.5269,11175252.0,29149.0,34092.0,15.0,-22.134,14.8059,15.653,25.2439,13.38,25.0,13.87
295.5269,11172560.0,29182.0,33666.0,15.0,-22.134,14.8613,15.7839,25.437,13.11,25.0,13.87
295.5269,11173542.0,29050.0,33797.0,15.0,-22.134,14.8411,15.2602,24.6397,13.91,25.0,13.87
295.559,11173138.0,29103.0,34613.0,15.0,-22.134,14.8494,15.4705,24.9662,13.93,25.0,13.87
295.559,11173305.0,29140.0,33666.0,15.0,-22.134,14.8459,15.6173,25.1908,13.67,25.0,13.87
295.559,11174824.0,29123.0,34364.0,15.0,-22.134,14.8147,15.5499,25.0895,13.58,25.0,13.87
295.5914,11172229.0,29146.0,33179.0,15.0,-21.866,14.8681,15.6411,25.2262,13.46,25.0,14.13
295.5914,11178157.0,29139.0,33511.0,15.0,-21.866,14.7463,15.6133,25.1849,13.25,25.0,14.13
295.5914,11171024.0,29060.0,33009.0,15.0,-21.866,14.8928,15.2999,24.7013,14.01,25.0,14.13
295.6237,11173130.0,29053.0,33752.0,15.0,-21.866,14.8495,15.2721,24.6581,14.43,25.0,14.13
295.6237,11171087.0,29067.0,33208.0,15.0,-21.866,14.8915,15.3277,24.7444,14.64,25.0,14.13
295.6237,11170379.0,29099.0,34081.0,15.0,-21.866,14.9061,15.4546,24.9416,14.49,25.0,14.13
295.6602,11167577.0,29151.0,34894.0,15.0,-21.866,14.9638,15.6609,25.2557,14.12,25.0,14.13
295.6602,11169215.0,29064.0,34072.0,15.0,-21.866,14.9301,15.3158,24.7259,14.57,25.0,14.13
295.6602,11170730.0,29116.0,33248.0,15.0,-21.866,14.8989,15.5221,25.0463,14.32,25.0,14.13
295.6873,11169053.0,29120.0,35500.0,15.0,-21.637,14.9334,15.5379,25.071,14.19,25.0,14.36
295.6873,11168928.0,29109.0,33508.0,15.0,-21.637,14.936,15.4943,25.0032,14.2,25.0,14.36
295.6873,11168425.0,29169.0,34041.0,15.0,-21.637,14.9463,15.7324,25.3611,13.8,25.0,14.36
295.703,11169298.0,29099.0,33785.0,15.0,-21.637,14.9284,15.4546,24.9416,14.03,25.0,14.36
295.703,11167796.0,29113.0,33724.0,15.0,-21.637,14.9593,15.5102,25.0279,14.11,25.0,14.36
295.703,11169265.0,29139.0,33751.0,15.0,-21.637,14.929,15.6133,25.1849,13.92,25.0,14.36
295.7349,11169203.0,29133.0,33811.0,15.0,-21.637,14.9303,15.5895,25.1494,13.85,25.0,14.36
295.7349,11169124.0,29071.0,34264.0,15.0,-21.637,14.9319,15.3435,24.7691,14.34,25.0,14.36
295.7349,11168212.0,29111.0,34021.0,15.0,-21.637,14.9507,15.5022,25.0155,14.3,25.0,14.36
295.7671,11167991.0,29116.0,33688.0,15.0,-21.637,14.9553,15.5221,25.0463,14.25,25.0,14.36
295.7671,11167577.0,29078.0,34013.0,15.0,-21.637,14.9638,15.3713,24.8122,14.58,25.0,14.36
295.7671,11166915.0,29078.0,33594.0,15.0,-21.637,14.9774,15.3713,24.8122,14.81,25.0,14.36
295.7988,11167416.0,29116.0,33646.0,15.0,-21.413,14.9671,15.5221,25.0463,14.57,25.0,14.59
295.7988,11167621.0,29100.0,32802.0,15.0,-21.413,14.9629,15.4586,24.9477,14.55,25.0,14.59
295.7988,11166227.0,29140.0,34894.0,15.0,-21.413,14.9916,15.6173,25.1908,14.28,25.0,14.59
295.8337,11166234.0,29089.0,34898.0,15.0,-21.413,14.9914,15.415,24.88,14.54,25.0,14.59
295.8337,11167362.0,29112.0,33879.0,15.0,-21.413,14.9682,15.5062,25.0217,14.44,25.0,14.59
295.8337,11168059.0,29071.0,34377.0,15.0,-21.413,14.9539,15.3435,24.7691,14.75,25.0,14.59
295.8632,11170847.0,29119.0,34805.0,15.0,-21.413,14.8965,15.534,25.0648,14.39,25.0,14.59
295.8637,11165348.0,29148.0,33744.0,15.0,-21.413,15.0097,15.649,25.238,14.16,25.0,14.59
295.8637,11165949.0,29153.0,33434.0,15.0,-21.413,14.9973,15.6689,25.2675,13.97,25.0,14.59
295.8954,11166915.0,29054.0,34452.0,15.0,-21.413,14.9774,15.2761,24.6643,14.72,25.0,14.59
295.8954,11167222.0,29110.0,34400.0,15.0,-21.413,14.9711,15.4983,25.0094,14.57,25.0,14.59
295.8954,11168191.0,29065.0,33950.0,15.0,-21.413,14.9511,15.3197,24.7321,14.88,25.0,14.59
295.928,11165675.0,29072.0,33505.0,15.0,-21.191,15.003,15.3475,24.7752,15.11,25.0,14.81
295.928,11164778.0,29104.0,33273.0,15.0,-21.191,15.0214,15.4745,24.9724,14.96,25.0,14.81
295.928,11164245.0,29104.0,34211.0,15.0,-21.191,15.0324,15.4745,24.9724,14.89,25.0,14.81
295.9437,11163343.0,29144.0,34176.0,15.0,-21.191,15.051,15.6332,25.2144,14.56,25.0,14.81
295.9437,11166094.0,29127.0,33975.0,15.0,-21.191,14.9943,15.5657,25.114,14.38,25.0,14.81
295.9437,11163479.0,29158.0,33461.0,15.0,-21.191,15.0482,15.6887,25.2969,14.15,25.0,14.81
295.9763,11163030.0,29078.0,34937.0,15.0,-21.191,15.0575,15.3713,24.8122,14.75,25.0,14.81
295.9763,11164822.0,29094.0,33299.0,15.0,-21.191,15.0205,15.4348,24.9108,14.84,25.0,14.81
295.9763,11164194.0,29126.0,33984.0,15.0,-21.191,15.0335,15.5618,25.108,14.63,25.0,14.81
296.0081,11164778.0,29044.0,33533.0,15.0,-21.191,15.0214,15.2364,24.6027,15.39,25.0,14.81
296.0081,11164071.0,29111.0,32677.0,15.0,-21.191,15.036,15.5022,25.0155,15.08,25.0,14.81
296.0081,11164062.0,29015.0,32211.0,15.0,-21.191,15.0362,15.1213,24.424,16.11,25.0,14.81
296.0404,11163474.0,29096.0,32040.0,15.0,-20.988,15.0483,15.4427,24.9231,15.7,25.0,15.01
296.0404,11163560.0,29070.0,32501.0,15.0,-20.988,15.0465,15.3396,24.7629,15.76,25.0,15.01
296.0404,11161844.0,29137.0,33663.0,15.0,-20.988,15.0819,15.6054,25.1731,15.18,25.0,15.01
296.0721,11164802.0,29089.0,34013.0,15.0,-20.988,15.0209,15.415,24.88,15.15,25.0,15.01
296.0721,11163206.0,29072.0,33913.0,15.0,-20.988,15.0538,15.3475,24.7752,15.42,25.0,15.01
296.0721,11161637.0,29081.0,33282.0,15.0,-20.988,15.0862,15.3832,24.8307,15.56,25.0,15.01
296.1055,11162254.0,29121.0,34120.0,15.0,-20.988,15.0735,15.5419,25.0771,15.17,25.0,15.01
296.1055,11160336.0,29130.0,34146.0,15.0,-20.988,15.113,15.5776,25.1317,14.93,25.0,15.01
296.1055,11160875.0,29125.0,34195.0,15.0,-20.988,15.1019,15.5578,25.1018,14.82,25.0,15.01
296.137,11160210.0,29093.0,34834.0,15.0,-20.803,15.1156,15.4308,24.9046,15.12,25.0,15.2
296.137,11159516.0,29094.0,33978.0,15.0,-20.803,15.1299,15.4348,24.9108,15.34,25.0,15.2
296.137,11160490.0,29187.0,34023.0,15.0,-20.803,15.1098,15.8038,25.4661,14.62,25.0,15.2
296.1584,11162261.0,29036.0,33494.0,15.0,-20.803,15.0733,15.2047,24.5534,15.64,25.0,15.2
296.1584,11161557.0,29063.0,33544.0,15.0,-20.803,15.0878,15.3118,24.7198,15.94,25.0,15.2
296.1584,11161114.0,29069.0,34076.0,15.0,-20.803,15.097,15.3356,24.7567,16.06,25.0,15.2
296.1838,11159863.0,29123.0,32973.0,15.0,-20.803,15.1228,15.5499,25.0895,15.56,25.0,15.2
296.1838,11158980.0,29020.0,33348.0,15.0,-20.803,15.141,15.1412,24.4548,16.71,25.0,15.2
296.1838,11159811.0,29079.0,33588.0,15.0,-20.803,15.1238,15.3753,24.8184,16.47,25.0,15.2
296.2255,11159676.0,29058.0,32234.0,15.0,-20.803,15.1266,15.292,24.689,16.62,25.0,15.2
296.2255,11158980.0,29131.0,34081.0,15.0,-20.803,15.141,15.5816,25.1376,15.86,25.0,15.2
296.2255,11159342.0,29074.0,32859.0,15.0,-20.803,15.1335,15.3554,24.7875,16.06,25.0,15.2
296.2497,11159209.0,29071.0,34637.0,15.0,-20.803,15.1363,15.3435,24.7691,16.22,25.0,15.2
296.2497,11159920.0,29071.0,34467.0,15.0,-20.803,15.1216,15.3435,24.7691,16.28,25.0,15.2
296.2497,11159773.0,29069.0,32812.0,15.0,-20.803,15.1246,15.3356,24.7567,16.35,25.0,15.2
296.2816,11164044.0,29012.0,35463.0,15.0,-20.631,15.0366,15.1094,24.4055,16.92,25.0,15.37
296.2816,11159426.0,29100.0,33348.0,15.0,-20.631,15.1318,15.4586,24.9477,16.34,25.0,15.37
296.2816,11157011.0,29046.0,34056.0,15.0,-20.631,15.1816,15.2443,24.615,16.9,25.0,15.37
296.3116,11158068.0,29112.0,33608.0,15.0,-20.631,15.1598,15.5062,25.0217,16.26,25.0,15.37
296.3116,11158638.0,29021.0,33063.0,15.0,-20.631,15.148,15.1452,24.461,17.15,25.0,15.37
296.3116,11157464.0,29021.0,33619.0,15.0,-20.631,15.1723,15.1452,24.461,17.78,25.0,15.37
296.3465,11159341.0,29102.0,32415.0,15.0,-20.631,15.1335,15.4665,24.9601,16.84,25.0,15.37
296.3465,11158016.0,29088.0,32916.0,15.0,-20.631,15.1609,15.411,24.8738,16.54,25.0,15.37
296.3465,11158351.0,29089.0,33988.0,15.0,-20.631,15.154,15.415,24.88,16.32,25.0,15.37
296.376,11157703.0,29134.0,33645.0,15.0,-20.5,15.1673,15.5935,25.1553,15.71,25.0,15.5
296.376,11158448.0,29123.0,34186.0,15.0,-20.5,15.152,15.5499,25.0895,15.41,25.0,15.5
296.376,11156351.0,29081.0,33217.0,15.0,-20.5,15.1953,15.3832,24.8307,15.88,25.0,15.5
296.3921,11157584.0,29060.0,33781.0,15.0,-20.5,15.1698,15.2999,24.7013,16.37,25.0,15.5
296.3921,11156901.0,29132.0,33915.0,15.0,-20.5,15.1839,15.5856,25.1435,15.79,25.0,15.5
296.3921,11156967.0,29087.0,34879.0,15.0,-20.5,15.1825,15.407,24.8676,15.99,25.0,15.5
296.4401,11160962.0,29134.0,35288.0,15.0,-20.5,15.1001,15.5935,25.1553,15.37,25.0,15.5
296.4401,11157464.0,29082.0,34086.0,15.0,-20.5,15.1723,15.3872,24.8368,15.77,25.0,15.5
296.4401,11156521.0,29137.0,35080.0,15.0,-20.5,15.1918,15.6054,25.1731,15.4,25.0,15.5
296.4569,11157226.0,29067.0,34527.0,15.0,-20.5,15.1772,15.3277,24.7444,16.01,25.0,15.5
296.4569,11156239.0,29133.0,33899.0,15.0,-20.5,15.1976,15.5895,25.1494,15.6,25.0,15.5
296.4569,11157663.0,29072.0,34640.0,15.0,-20.5,15.1682,15.3475,24.7752,16.03,25.0,15.5
296.4893,11158351.0,29145.0,34506.0,15.0,-20.369,15.154,15.6371,25.2203,15.41,25.0,15.63
296.4893,11156102.0,29069.0,33995.0,15.0,-20.369,15.2004,15.3356,24.7567,16.05,25.0,15.63
296.4893,11155901.0,29085.0,34363.0,15.0,-20.369,15.2046,15.3991,24.8553,16.24,25.0,15.63
296.5202,11157641.0,29163.0,34339.0,15.0,-20.369,15.1686,15.7086,25.3261,15.42,25.0,15.63
296.5202,11157903.0,29169.0,34323.0,15.0,-20.369,15.1632,15.7324,25.3611,14.89,25.0,15.63
296.5202,11155759.0,29081.0,33266.0,15.0,-20.369,15.2075,15.3832,24.8307,15.6,25.0,15.63
296.5545,11157534.0,29094.0,33927.0,15.0,-20.369,15.1708,15.4348,24.9108,15.74,25.0,15.63
296.5545,11156117.0,29137.0,33118.0,15.0,-20.369,15.2001,15.6054,25.1731,15.4,25.0,15.63
296.5545,11156750.0,29077.0,32738.0,15.0,-20.369,15.187,15.3673,24.806,15.9,25.0,15.63
296.5853,11155342.0,29132.0,32622.0,15.0,-20.369,15.2161,15.5856,25.1435,15.59,25.0,15.63
296.5853,11154449.0,29126.0,32595.0,15.0,-20.369,15.2346,15.5618,25.108,15.51,25.0,15.63
296.5853,11155759.0,29168.0,33194.0,15.0,-20.369,15.2075,15.7284,25.3553,15.01,25.0,15.63
296.6159,11155759.0,29032.0,34488.0,15.0,-20.259,15.2075,15.1888,24.5288,16.44,25.0,15.74
296.6159,11157160.0,29129.0,32748.0,15.0,-20.259,15.1786,15.5737,25.1258,15.86,25.0,15.74
296.6159,11156058.0,29094.0,34611.0,15.0,-20.259,15.2013,15.4348,24.9108,15.99,25.0,15.74
296.648,11153828.0,29112.0,33764.0,15.0,-20.259,15.2474,15.5062,25.0217,15.96,25.0,15.74
296.648,11159540.0,29160.0,33430.0,15.0,-20.259,15.1294,15.6967,25.3085,15.21,25.0,15.74
296.648,11154927.0,29016.0,34989.0,15.0,-20.259,15.2247,15.1253,24.4302,16.98,25.0,15.74
296.665,11155211.0,29109.0,33269.0,15.0,-20.259,15.2188,15.4943,25.0032,16.51,25.0,15.74
296.665,11154616.0,29027.0,33496.0,15.0,-20.259,15.2311,15.169,24.4979,17.56,25.0,15.74
296.665,11155143.0,29121.0,33747.0,15.0,-20.259,15.2202,15.5419,25.0771,16.71,25.0,15.74
296.696,11156637.0,29088.0,33831.0,15.0,-20.169,15.1894,15.411,24.8738,16.54,25.0,15.83
296.696,11153427.0,29115.0,34516.0,15.0,-20.169,15.2557,15.5181,25.0402,16.28,25.0,15.83
296.696,11154077.0,29212.0,34164.0,15.0,-20.169,15.2422,15.903,25.612,15.22,25.0,15.83
296.7301,11154157.0,29104.0,34463.0,15.0,-20.169,15.2406,15.4745,24.9724,15.59,25.0,15.83
296.7301,11155759.0,29072.0,34194.0,15.0,-20.169,15.2075,15.3475,24.7752,16.14,25.0,15.83
296.7301,11157464.0,29066.0,34559.0,15.0,-20.169,15.1723,15.3237,24.7382,16.45,25.0,15.83
296.7598,11153354.0,29127.0,34507.0,15.0,-20.169,15.2572,15.5657,25.114,16.07,25.0,15.83
296.7598,11155847.0,29157.0,33702.0,15.0,-20.169,15.2057,15.6848,25.291,15.43,25.0,15.83
296.7598,11154678.0,29093.0,34049.0,15.0,-20.169,15.2298,15.4308,24.9046,15.83,25.0,15.83
296.7923,11155033.0,29133.0,34271.0,15.0,-20.169,15.2225,15.5895,25.1494,15.55,25.0,15.83
296.7923,11153531.0,29087.0,33969.0,15.0,-20.169,15.2535,15.407,24.8676,16.06,25.0,15.83
296.7923,11153985.0,29105.0,34297.0,15.0,-20.169,15.2441,15.4784,24.9786,16.09,25.0,15.83
296.8245,11153428.0,29180.0,33454.0,15.0,-20.1,15.2556,15.776,25.4253,15.36,25.0,15.9
296.8245,11152470.0,29106.0,34787.0,15.0,-20.1,15.2755,15.4824,24.9847,15.75,25.0,15.9
296.8245,11155540.0,29118.0,33485.0,15.0,-20.1,15.212,15.53,25.0587,15.64,25.0,15.9
296.8578,11154581.0,29116.0,33440.0,15.0,-20.1,15.2318,15.5221,25.0463,15.65,25.0,15.9
296.8578,11156058.0,29094.0,34388.0,15.0,-20.1,15.2013,15.4348,24.9108,15.86,25.0,15.9
296.8578,11154500.0,29082.0,33851.0,15.0,-20.1,15.2335,15.3872,24.8368,16.25,25.0,15.9
296.8891,11153144.0,29117.0,33512.0,15.0,-20.1,15.2615,15.526,25.0525,16.09,25.0,15.9
296.8891,11155098.0,29034.0,32777.0,15.0,-20.1,15.2211,15.1967,24.5411,17.11,25.0,15.9
296.8891,11154255.0,29122.0,33997.0,15.0,-20.1,15.2386,15.5459,25.0833,16.48,25.0,15.9
296.9048,11154500.0,29034.0,34144.0,15.0,-20.1,15.2335,15.1967,24.5411,17.4,25.0,15.9
296.9048,11154863.0,29129.0,33263.0,15.0,-20.1,15.226,15.5737,25.1258,16.54,25.0,15.9
296.9048,11153581.0,29086.0,33507.0,15.0,-20.1,15.2525,15.403,24.8615,16.66,25.0,15.9
296.9367,11153437.0,29127.0,32908.0,15.0,-20.047,15.2555,15.5657,25.114,16.19,25.0,15.95
296.9367,11156117.0,29082.0,33102.0,15.0,-20.047,15.2001,15.3872,24.8368,16.35,25.0,15.95
296.9367,11155426.0,29084.0,34160.0,15.0,-20.047,15.2144,15.3951,24.8492,16.46,25.0,15.95
296.9688,11153394.0,29132.0,32338.0,15.0,-20.047,15.2564,15.5856,25.1435,16.01,25.0,15.95
296.9688,11154667.0,29047.0,32980.0,15.0,-20.047,15.23,15.2483,24.6212,16.86,25.0,15.95
296.9688,11154068.0,29091.0,32515.0,15.0,-20.047,15.2424,15.4229,24.8923,16.76,25.0,15.95
297.0007,11152981.0,29036.0,33350.0,15.0,-20.047,15.2649,15.2047,24.5534,17.68,25.0,15.95
297.0007,11152541.0,29123.0,33725.0,15.0,-20.047,15.274,15.5499,25.0895,16.9,25.0,15.95
297.0007,11163667.0,29099.0,33642.0,15.0,-20.047,15.0443,15.4546,24.9416,16.14,25.0,15.95
297.0332,11153126.0,29142.0,34182.0,15.0,-20.012,15.2619,15.6252,25.2026,15.73,25.0,15.99
297.0332,11152993.0,29168.0,34070.0,15.0,-20.012,15.2646,15.7284,25.3553,15.25,25.0,15.99
297.0332,11151540.0,29165.0,33215.0,15.0,-20.012,15.2947,15.7165,25.3378,15.05,25.0,15.99
297.0565,11153828.0,29092.0,34100.0,15.0,-20.012,15.2474,15.4269,24.8985,15.67,25.0,15.99
297.0565,11158243.0,29130.0,33158.0,15.0,-20.012,15.1562,15.5776,25.1317,15.33,25.0,15.99
297.0565,11154744.0,29055.0,33556.0,15.0,-20.012,15.2285,15.2801,24.6705,16.31,25.0,15.99
297.0975,11152628.0,29054.0,33206.0,15.0,-20.012,15.2722,15.2761,24.6643,17.08,25.0,15.99
297.0975,11153269.0,29072.0,33973.0,15.0,-20.012,15.2589,15.3475,24.7752,17.2,25.0,15.99
297.0975,11154569.0,29080.0,33462.0,15.0,-20.012,15.2321,15.3792,24.8245,17.08,25.0,15.99
297.13,11158431.0,29125.0,32517.0,15.0,-20.012,15.1523,15.5578,25.1018,16.22,25.0,15.99
297.13,11153153.0,29080.0,33662.0,15.0,-20.012,15.2613,15.3792,24.8245,16.57,25.0,15.99
297.13,11154564.0,29112.0,33187.0,15.0,-20.012,15.2322,15.5062,25.0217,16.27,25.0,15.99
297.1481,11152796.0,29103.0,33086.0,15.0,-20.012,15.2687,15.4705,24.9662,16.31,25.0,15.99
297.1481,11153734.0,29044.0,33935.0,15.0,-20.012,15.2493,15.2364,24.6027,17.17,25.0,15.99
297.1481,11158836.0,29088.0,33069.0,15.0,-20.012,15.144,15.411,24.8738,16.69,25.0,15.99
297.1812,11153394.0,29131.0,33389.0,15.0,-20.0,15.2564,15.5816,25.1376,16.16,25.0,16.0
297.1812,11153504.0,29155.0,33273.0,15.0,-20.0,15.2541,15.6768,25.2793,15.6,25.0,16.0
297.1812,11155143.0,29110.0,33358.0,15.0,-20.0,15.2202,15.4983,25.0094,15.67,25.0,16.0
297.2093,11153154.0,29116.0,33631.0,15.0,-20.0,15.2613,15.5221,25.0463,15.76,25.0,16.0
297.2093,11154686.0,29065.0,33482.0,15.0,-20.0,15.2297,15.3197,24.7321,16.41,25.0,16.0
297.2093,11163667.0,29134.0,32967.0,15.0,-20.0,15.0443,15.5935,25.1553,15.53,25.0,16.0
297.2444,11153740.0,29110.0,34186.0,15.0,-20.0,15.2492,15.4983,25.0094,15.72,25.0,16.0
297.2444,11152099.0,29072.0,33528.0,15.0,-20.0,15.2831,15.3475,24.7752,16.47,25.0,16.0
297.2444,11152525.0,29099.0,32926.0,15.0,-20.0,15.2743,15.4546,24.9416,16.51,25.0,16.0
297.2735,11155646.0,29140.0,34161.0,15.0,-20.0,15.2098,15.6173,25.1908,15.85,25.0,16.0
297.2735,11158243.0,29125.0,33314.0,15.0,-20.0,15.1562,15.5578,25.1018,15.49,25.0,16.0
297.2735,11152289.0,29175.0,33654.0,15.0,-20.0,15.2792,15.7562,25.3961,15.08,25.0,16.0
297.3046,11152628.0,29150.0,33974.0,15.0,-20.0,15.2722,15.657,25.2498,15.04,25.0,16.0
297.3046,11155165.0,29070.0,33889.0,15.0,-20.0,15.2198,15.3396,24.7629,15.88,25.0,16.0
297.3046,11152541.0,29122.0,33664.0,15.0,-20.0,15.274,15.5459,25.0833,15.84,25.0,16.0
297.3411,11154055.0,29080.0,35068.0,15.0,-20.0,15.2427,15.3792,24.8245,16.29,25.0,16.0
297.3411,11154226.0,29149.0,32674.0,15.0,-20.0,15.2392,15.653,25.2439,15.7,25.0,16.0
297.3411,11152941.0,29093.0,32912.0,15.0,-20.0,15.2657,15.4308,24.9046,16.1,25.0,16.0
297.3685,11151897.0,29096.0,34326.0,15.0,-20.0,15.2873,15.4427,24.9231,16.37,25.0,16.0
297.3685,11152715.0,29122.0,33744.0,15.0,-20.0,15.2704,15.5459,25.0833,16.12,25.0,16.0
297.3685,11154500.0,29089.0,32676.0,15.0,-20.0,15.2335,15.415,24.88,16.31,25.0,16.0
297.3858,11153394.0,29085.0,33256.0,15.0,-20.0,15.2564,15.3991,24.8553,16.55,25.0,16.0
297.3858,11151768.0,29104.0,33593.0,15.0,-20.0,15.29,15.4745,24.9724,16.53,25.0,16.0
297.3858,11152186.0,29073.0,34294.0,15.0,-20.0,15.2813,15.3515,24.7814,16.93,25.0,16.0
297.4166,11153015.0,29112.0,32864.0,15.0,-20.0,15.2642,15.5062,25.0217,16.58,25.0,16.0
297.4166,11153036.0,29044.0,34139.0,15.0,-20.0,15.2638,15.2364,24.6027,17.4,25.0,16.0
297.4166,11158394.0,29132.0,33654.0,15.0,-20.0,15.1531,15.5856,25.1435,16.34,25.0,16.0
297.4602,11151712.0,29058.0,32626.0,15.0,-20.0,15.2911,15.292,24.689,17.1,25.0,16.0
297.4602,11152927.0,29113.0,33377.0,15.0,-20.0,15.266,15.5102,25.0279,16.67,25.0,16.0
297.4602,11151773.0,29109.0,33812.0,15.0,-20.0,15.2899,15.4943,25.0032,16.54,25.0,16.0
297.4798,11152762.0,29094.0,33016.0,15.0,-20.0,15.2694,15.4348,24.9108,16.6,25.0,16.0
297.4798,11152087.0,29106.0,33158.0,15.0,-20.0,15.2834,15.4824,24.9847,16.52,25.0,16.0
297.4798,11153314.0,29089.0,33521.0,15.0,-20.0,15.258,15.415,24.88,16.62,25.0,16.0
297.5117,11153292.0,29125.0,33081.0,15.0,-20.0,15.2585,15.5578,25.1018,16.2,25.0,16.0
297.5117,11153256.0,29089.0,32514.0,15.0,-20.0,15.2592,15.415,24.88,16.44,25.0,16.0
297.5117,11154559.0,29106.0,32890.0,15.0,-20.0,15.2323,15.4824,24.9847,16.27,25.0,16.0
297.5431,11152847.0,29142.0,33917.0,15.0,-20.0,15.2677,15.6252,25.2026,15.82,25.0,16.0
297.5431,11152803.0,29089.0,33446.0,15.0,-20.0,15.2686,15.415,24.88,16.24,25.0,16.0
297.5431,11153235.0,29091.0,35140.0,15.0,-20.0,15.2596,15.4229,24.8923,16.43,25.0,16.0
297.5754,11153887.0,29119.0,33081.0,15.0,-20.0,15.2462,15.534,25.0648,16.13,25.0,16.0
297.5754,11153910.0,29130.0,33309.0,15.0,-20.0,15.2457,15.5776,25.1317,15.81,25.0,16.0
297.5754,11153965.0,29134.0,33205.0,15.0,-20.0,15.2446,15.5935,25.1553,15.58,25.0,16.0
297.6079,11160653.0,29060.0,32294.0,15.0,-20.0,15.1065,15.2999,24.7013,16.0,25.0,16.0
297.6079,11153612.0,29129.0,33987.0,15.0,-20.0,15.2518,15.5737,25.1258,15.76,25.0,16.0
297.6079,11153554.0,29074.0,33517.0,15.0,-20.0,15.253,15.3554,24.7875,16.36,25.0,16.0
297.626,11153380.0,29051.0,33820.0,15.0,-20.0,15.2566,15.2642,24.6458,17.1,25.0,16.0
297.626,11154994.0,29069.0,34560.0,15.0,-20.0,15.2233,15.3356,24.7567,17.14,25.0,16.0
297.626,11156268.0,29046.0,33573.0,15.0,-20.0,15.197,15.2443,24.615,17.43,25.0,16.0
297.6557,11153294.0,29126.0,34273.0,15.0,-20.0,15.2584,15.5618,25.108,16.67,25.0,16.0
297.6557,11153879.0,29106.0,33924.0,15.0,-20.0,15.2463,15.4824,24.9847,16.45,25.0,16.0
297.6557,11153896.0,29084.0,33620.0,15.0,-20.0,15.246,15.3951,24.8492,16.61,25.0,16.0
297.6929,11153930.0,29123.0,33974.0,15.0,-20.0,15.2453,15.5499,25.0895,16.18,25.0,16.0
297.6929,11154234.0,29070.0,33619.0,15.0,-20.0,15.239,15.3396,24.7629,16.63,25.0,16.0
297.6929,11153354.0,29115.0,34163.0,15.0,-20.0,15.2572,15.5181,25.0402,16.33,25.0,16.0
297.7201,11153635.0,29076.0,33300.0,15.0,-20.0,15.2514,15.3634,24.7999,16.67,25.0,16.0
297.7201,11152632.0,29131.0,34696.0,15.0,-20.0,15.2721,15.5816,25.1376,16.19,25.0,16.0
297.7201,11152202.0,29151.0,34050.0,15.0,-20.0,15.281,15.6609,25.2557,15.72,25.0,16.0
297.7505,11153508.0,29088.0,33346.0,15.0,-20.0,15.254,15.411,24.8738,16.15,25.0,16.0
297.7505,11153394.0,29085.0,34323.0,15.0,-20.0,15.2564,15.3991,24.8553,16.45,25.0,16.0
297.7505,11152059.0,29084.0,32927.0,15.0,-20.0,15.2839,15.3951,24.8492,16.73,25.0,16.0
297.7833,11152553.0,29103.0,33900.0,15.0,-20.0,15.2737,15.4705,24.9662,16.61,25.0,16.0
297.7833,11152053.0,29087.0,34433.0,15.0,-20.0,15.2841,15.407,24.8676,16.78,25.0,16.0
297.7833,11155016.0,29144.0,34006.0,15.0,-20.0,15.2228,15.6332,25.2144,16.01,25.0,16.0
297.8153,11152011.0,29119.0,34030.0,15.0,-20.0,15.2849,15.534,25.0648,15.99,25.0,16.0
297.8153,11153956.0,29136.0,33429.0,15.0,-20.0,15.2447,15.6014,25.1672,15.67,25.0,16.0
297.8153,11153126.0,29071.0,33868.0,15.0,-20.0,15.2619,15.3435,24.7691,16.38,25.0,16.0
297.8475,11152951.0,29047.0,35419.0,15.0,-20.0,15.2655,15.2483,24.6212,17.22,25.0,16.0
297.8475,11150897.0,29093.0,33493.0,15.0,-20.0,15.308,15.4308,24.9046,17.14,25.0,16.0
297.8475,11154825.0,29086.0,34049.0,15.0,-20.0,15.2268,15.403,24.8615,16.94,25.0,16.0
297.8794,11153098.0,29083.0,33311.0,15.0,-20.0,15.2625,15.3911,24.843,16.97,25.0,16.0
297.8794,11153727.0,29048.0,34304.0,15.0,-20.0,15.2495,15.2523,24.6273,17.5,25.0,16.0
297.8794,11153694.0,29121.0,33147.0,15.0,-20.0,15.2502,15.5419,25.0771,16.75,25.0,16.0
297.9133,11152150.0,29080.0,33225.0,15.0,-20.0,15.2821,15.3792,24.8245,16.96,25.0,16.0
297.9133,11156637.0,29104.0,34273.0,15.0,-20.0,15.1894,15.4745,24.9724,16.48,25.0,16.0
297.9133,11152762.0,29013.0,34117.0,15.0,-20.0,15.2694,15.1134,24.4117,18.03,25.0,16.0
297.9288,11152127.0,29091.0,34848.0,15.0,-20.0,15.2825,15.4229,24.8923,17.57,25.0,16.0
297.9288,11153460.0,29068.0,34181.0,15.0,-20.0,15.255,15.3316,24.7506,17.54,25.0,16.0
297.9288,11153304.0,29083.0,34256.0,15.0,-20.0,15.2582,15.3911,24.843,17.32,25.0,16.0
297.9593,11155046.0,29108.0,34436.0,15.0,-20.0,15.2222,15.4903,24.997,16.74,25.0,16.0
297.9593,11153985.0,29144.0,34107.0,15.0,-20.0,15.2441,15.6332,25.2144,16.03,25.0,16.0
297.9593,11153873.0,29060.0,34877.0,15.0,-20.0,15.2465,15.2999,24.7013,16.72,25.0,16.0
297.992,11152970.0,29084.0,33919.0,15.0,-20.0,15.2651,15.3951,24.8492,16.83,25.0,16.0
297.992,11153828.0,29102.0,33572.0,15.0,-20.0,15.2474,15.4665,24.9601,16.6,25.0,16.0
297.992,11155759.0,29076.0,34117.0,15.0,-20.0,15.2075,15.3634,24.7999,16.7,25.0,16.0
298.026,11153828.0,29084.0,33613.0,15.0,-20.0,15.2474,15.3951,24.8492,16.77,25.0,16.0
298.026,11152302.0,29128.0,33819.0,15.0,-20.0,15.2789,15.5697,25.1199,16.31,25.0,16.0
298.026,11153454.0,29059.0,33431.0,15.0,-20.0,15.2551,15.2959,24.6951,16.93,25.0,16.0
298.0554,11152164.0,29112.0,34223.0,15.0,-20.0,15.2818,15.5062,25.0217,16.63,25.0,16.0
298.0554,11152936.0,29100.0,33127.0,15.0,-20.0,15.2658,15.4586,24.9477,16.56,25.0,16.0
298.0554,11155759.0,29143.0,32670.0,15.0,-20.0,15.2075,15.6292,25.2085,15.85,25.0,16.0
298.0875,11152700.0,29149.0,33825.0,15.0,-20.0,15.2707,15.653,25.2439,15.51,25.0,16.0
298.0886,11153228.0,29061.0,34541.0,15.0,-20.0,15.2598,15.3039,24.7074,16.44,25.0,16.0
298.0886,11154091.0,29167.0,33181.0,15.0,-20.0,15.2419,15.7244,25.3495,15.64,25.0,16.0
298.1036,11154215.0,29093.0,33980.0,15.0,-20.0,15.2394,15.4308,24.9046,15.99,25.0,16.0
298.1036,11151621.0,29071.0,32925.0,15.0,-20.0,15.293,15.3435,24.7691,16.68,25.0,16.0
298.1036,11152762.0,29064.0,32353.0,15.0,-20.0,15.2694,15.3158,24.7259,17.12,25.0,16.0
298.1352,11152981.0,29106.0,34002.0,15.0,-20.0,15.2649,15.4824,24.9847,16.78,25.0,16.0
298.1352,11152794.0,29108.0,33918.0,15.0,-20.0,15.2688,15.4903,24.997,16.55,25.0,16.0
298.1352,11152361.0,29084.0,34048.0,15.0,-20.0,15.2777,15.3951,24.8492,16.77,25.0,16.0
298.1668,11151142.0,29111.0,33951.0,15.0,-20.0,15.3029,15.5022,25.0155,16.61,25.0,16.0
298.1678,11153985.0,29148.0,33312.0,15.0,-20.0,15.2441,15.649,25.238,15.92,25.0,16.0
298.1678,11152050.0,29047.0,34864.0,15.0,-20.0,15.2841,15.2483,24.6212,17.03,25.0,16.0
298.1991,11154111.0,29151.0,33318.0,15.0,-20.0,15.2415,15.6609,25.2557,16.13,25.0,16.0
298.1991,11154296.0,29088.0,32750.0,15.0,-20.0,15.2377,15.411,24.8738,16.34,25.0,16.0
298.1991,11154458.0,29083.0,34289.0,15.0,-20.0,15.2344,15.3911,24.843,16.53,25.0,16.0
298.2313,11155143.0,29117.0,34121.0,15.0,-20.0,15.2202,15.526,25.0525,16.14,25.0,16.0
298.2313,11153659.0,29105.0,35455.0,15.0,-20.0,15.2509,15.4784,24.9786,16.16,25.0,16.0
298.2313,11152818.0,29051.0,33711.0,15.0,-20.0,15.2683,15.2642,24.6458,17.03,25.0,16.0
298.2638,11152391.0,29082.0,35125.0,15.0,-20.0,15.2771,15.3872,24.8368,17.08,25.0,16.0
298.2638,11153163.0,29116.0,33846.0,15.0,-20.0,15.2611,15.5221,25.0463,16.6,25.0,16.0
298.2638,11152391.0,29112.0,33423.0,15.0,-20.0,15.2771,15.5062,25.0217,16.42,25.0,16.0
298.2956,11169661.0,29110.0,34151.0,15.0,-20.0,14.9209,15.4983,25.0094,15.5,25.0,16.0
298.2956,11153074.0,29069.0,33309.0,15.0,-20.0,15.263,15.3356,24.7567,16.32,25.0,16.0
298.2956,11153761.0,29110.0,34766.0,15.0,-20.0,15.2488,15.4983,25.0094,16.19,25.0,16.0
298.3278,11155016.0,29081.0,34225.0,15.0,-20.0,15.2228,15.3832,24.8307,16.43,25.0,16.0
298.3278,11153060.0,29166.0,33728.0,15.0,-20.0,15.2633,15.7205,25.3436,15.68,25.0,16.0
298.3278,11153394.0,29145.0,33611.0,15.0,-20.0,15.2564,15.6371,25.2203,15.42,25.0,16.0
298.3601,11153971.0,29092.0,33248.0,15.0,-20.0,15.2444,15.4269,24.8985,15.88,25.0,16.0
298.3601,11153020.0,29106.0,34614.0,15.0,-20.0,15.2641,15.4824,24.9847,16.03,25.0,16.0
298.3601,11153917.0,29088.0,33226.0,15.0,-20.0,15.2455,15.411,24.8738,16.3,25.0,16.0
298.376,11153985.0,29121.0,33637.0,15.0,-20.0,15.2441,15.5419,25.0771,16.02,25.0,16.0
298.376,11153394.0,29078.0,34533.0,15.0,-20.0,15.2564,15.3713,24.8122,16.47,25.0,16.0
298.376,11154145.0,29075.0,33559.0,15.0,-20.0,15.2408,15.3594,24.7937,16.73,25.0,16.0
298.4082,11153363.0,29121.0,34080.0,15.0,-20.0,15.257,15.5419,25.0771,16.31,25.0,16.0
298.4082,11153263.0,29041.0,32947.0,15.0,-20.0,15.2591,15.2245,24.5842,17.28,25.0,16.0
298.4082,11150911.0,29125.0,34628.0,15.0,-20.0,15.3077,15.5578,25.1018,16.74,25.0,16.0
298.4402,11156807.0,29049.0,34559.0,15.0,-20.0,15.1858,15.2562,24.6335,17.1,25.0,16.0
298.4402,11152630.0,29177.0,33780.0,15.0,-20.0,15.2721,15.7641,25.4078,16.01,25.0,16.0
298.4402,11152428.0,29072.0,34507.0,15.0,-20.0,15.2763,15.3475,24.7752,16.62,25.0,16.0
298.4723,11152951.0,29063.0,33467.0,15.0,-20.0,15.2655,15.3118,24.7198,17.09,25.0,16.0
298.4723,11154055.0,29164.0,34297.0,15.0,-20.0,15.2427,15.7125,25.3319,16.06,25.0,16.0
298.4723,11154083.0,29021.0,33646.0,15.0,-20.0,15.2421,15.1452,24.461,17.47,25.0,16.0
298.5039,11153625.0,29092.0,34148.0,15.0,-20.0,15.2516,15.4269,24.8985,17.13,25.0,16.0
298.5039,11152762.0,29017.0,34855.0,15.0,-20.0,15.2694,15.1293,24.4363,18.33,25.0,16.0
298.5039,11152344.0,29125.0,33767.0,15.0,-20.0,15.2781,15.5578,25.1018,17.28,25.0,16.0
298.5374,11153126.0,29062.0,34273.0,15.0,-20.0,15.2619,15.3078,24.7136,17.49,25.0,16.0
298.552,11155392.0,29085.0,33987.0,15.0,-20.0,15.2151,15.3991,24.8553,17.13,25.0,16.0
298.552,11152803.0,29053.0,34127.0,15.0,-20.0,15.2686,15.2721,24.6581,17.58,25.0,16.0
298.5692,11154593.0,29115.0,34123.0,15.0,-20.0,15.2316,15.5181,25.0402,16.83,25.0,16.0
298.5692,11152762.0,29141.0,34433.0,15.0,-20.0,15.2694,15.6213,25.1967,16.17,25.0,16.0
298.5692,11152297.0,29030.0,34321.0,15.0,-20.0,15.279,15.1809,24.5164,17.52,25.0,16.0
298.6009,11153669.0,29141.0,33816.0,15.0,-20.0,15.2507,15.6213,25.1967,16.55,25.0,16.0
298.6009,11153985.0,29082.0,34179.0,15.0,-20.0,15.2441,15.3872,24.8368,16.69,25.0,16.0
298.6009,11153373.0,29104.0,32906.0,15.0,-20.0,15.2568,15.4745,24.9724,16.52,25.0,16.0
298.6314,11153185.0,29107.0,33557.0,15.0,-20.0,15.2607,15.4864,24.9909,16.39,25.0,16.0
298.6314,11155377.0,29137.0,34208.0,15.0,-20.0,15.2154,15.6054,25.1731,15.83,25.0,16.0
298.6314,11154234.0,29139.0,35513.0,15.0,-20.0,15.239,15.6133,25.1849,15.53,25.0,16.0
298.6507,11154630.0,29199.0,34297.0,15.0,-20.0,15.2308,15.8514,25.5361,14.84,25.0,16.0
298.6507,11154866.0,29093.0,34171.0,15.0,-20.0,15.2259,15.4308,24.9046,15.47,25.0,16.0
298.6507,11155037.0,29100.0,34901.0,15.0,-20.0,15.2224,15.4586,24.9477,15.74,25.0,16.0
298.6784,11154353.0,29077.0,35133.0,15.0,-20.0,15.2365,15.3673,24.806,16.25,25.0,16.0
298.6784,11154538.0,29099.0,34922.0,15.0,-20.0,15.2327,15.4546,24.9416,16.25,25.0,16.0
298.6784,11155498.0,29044.0,33064.0,15.0,-20.0,15.2129,15.2364,24.6027,16.99,25.0,16.0
298.7103,11153210.0,29068.0,34670.0,15.0,-20.0,15.2602,15.3316,24.7506,17.21,25.0,16.0
298.7103,11153108.0,29154.0,34253.0,15.0,-20.0,15.2623,15.6728,25.2734,16.26,25.0,16.0
298.7188,11153896.0,29088.0,33592.0,15.0,-20.0,15.246,15.411,24.8738,16.44,25.0,16.0
298.7439,11155470.0,29075.0,33446.0,15.0,-20.0,15.2135,15.3594,24.7937,16.63,25.0,16.0
298.7439,11154032.0,29069.0,33932.0,15.0,-20.0,15.2432,15.3356,24.7567,16.92,25.0,16.0
298.7439,11152762.0,29109.0,33737.0,15.0,-20.0,15.2694,15.4943,25.0032,16.63,25.0,16.0
298.7736,11153586.0,29061.0,34379.0,15.0,-20.0,15.2524,15.3039,24.7074,17.08,25.0,16.0
298.7736,11152567.0,29080.0,34716.0,15.0,-20.0,15.2734,15.3792,24.8245,17.13,25.0,16.0
298.7736,11151914.0,29114.0,35448.0,15.0,-20.0,15.2869,15.5141,25.034,16.74,25.0,16.0
298.8068,11155299.0,29067.0,35075.0,15.0,-20.0,15.217,15.3277,24.7444,16.93,25.0,16.0
298.8068,11153985.0,29114.0,34601.0,15.0,-20.0,15.2441,15.5141,25.034,16.49,25.0,16.0
298.8068,11151866.0,29123.0,34692.0,15.0,-20.0,15.2879,15.5499,25.0895,16.23,25.0,16.0
298.8371,11154061.0,29167.0,33226.0,15.0,-20.0,15.2426,15.7244,25.3495,15.52,25.0,16.0
298.8371,11154234.0,29102.0,34825.0,15.0,-20.0,15.239,15.4665,24.9601,15.79,25.0,16.0
298.8371,11154500.0,29102.0,33552.0,15.0,-20.0,15.2335,15.4665,24.9601,15.94,25.0,16.0
298.8571,11155759.0,29123.0,34188.0,15.0,-20.0,15.2075,15.5499,25.0895,15.68,25.0,16.0
298.8571,11152451.0,29096.0,34883.0,15.0,-20.0,15.2758,15.4427,24.9231,16.08,25.0,16.0
298.8571,11152959.0,29059.0,34439.0,15.0,-20.0,15.2653,15.2959,24.6951,16.83,25.0,16.0
298.9034,11153828.0,29119.0,34564.0,15.0,-20.0,15.2474,15.534,25.0648,16.37,25.0,16.0
298.9034,11153828.0,29090.0,34486.0,15.0,-20.0,15.2474,15.4189,24.8861,16.49,25.0,16.0
298.9034,11153828.0,29125.0,34377.0,15.0,-20.0,15.2474,15.5578,25.1018,16.09,25.0,16.0
298.9168,11152931.0,29042.0,34890.0,15.0,-20.0,15.2659,15.2285,24.5904,17.15,25.0,16.0
298.9168,11153472.0,29144.0,34261.0,15.0,-20.0,15.2547,15.6332,25.2144,16.31,25.0,16.0
298.9168,11153356.0,29078.0,33768.0,15.0,-20.0,15.2571,15.3713,24.8122,16.64,25.0,16.0
298.9484,11153228.0,29031.0,33699.0,15.0,-20.0,15.2598,15.1848,24.5226,17.69,25.0,16.0
298.9484,11152862.0,29131.0,34429.0,15.0,-20.0,15.2673,15.5816,25.1376,16.79,25.0,16.0
298.9484,11152212.0,29110.0,33905.0,15.0,-20.0,15.2808,15.4983,25.0094,16.57,25.0,16.0
298.9827,11155537.0,29085.0,32998.0,15.0,-20.0,15.2121,15.3991,24.8553,16.57,25.0,16.0
298.9827,11153273.0,29118.0,34329.0,15.0,-20.0,15.2589,15.53,25.0587,16.26,25.0,16.0
298.9827,11154269.0,29089.0,34071.0,15.0,-20.0,15.2383,15.415,24.88,16.41,25.0,16.0
299.0121,11156779.0,29101.0,34210.0,15.0,-20.0,15.1864,15.4626,24.9539,16.18,25.0,16.0
299.0121,11152762.0,29176.0,33977.0,15.0,-20.0,15.2694,15.7601,25.402,15.47,25.0,16.0
299.0121,11152297.0,29039.0,33953.0,15.0,-20.0,15.279,15.2166,24.5719,16.91,25.0,16.0
299.0436,11153539.0,29019.0,34102.0,15.0,-20.0,15.2534,15.1372,24.4486,18.07,25.0,16.0
299.0436,11153427.0,29125.0,32747.0,15.0,-20.0,15.2557,15.5578,25.1018,17.06,25.0,16.0
299.0436,11155016.0,29075.0,34586.0,15.0,-20.0,15.2228,15.3594,24.7937,17.03,25.0,16.0
299.0756,11157139.0,29132.0,33263.0,15.0,-20.0,15.179,15.5856,25.1435,16.18,25.0,16.0
299.0756,11153272.0,29098.0,33530.0,15.0,-20.0,15.2589,15.4507,24.9354,16.3,25.0,16.0
299.0756,11151447.0,29120.0,35662.0,15.0,-20.0,15.2966,15.5379,25.071,16.19,25.0,16.0
299.1072,11151856.0,29123.0,33536.0,15.0,-20.0,15.2881,15.5499,25.0895,16.05,25.0,16.0
299.1072,11155971.0,29084.0,33528.0,15.0,-20.0,15.2031,15.3951,24.8492,16.25,25.0,16.0
299.1072,11154581.0,29110.0,33906.0,15.0,-20.0,15.2318,15.4983,25.0094,16.1,25.0,16.0
299.1391,11152490.0,29078.0,33338.0,15.0,-20.0,15.275,15.3713,24.8122,16.57,25.0,16.0
299.1391,11152867.0,29129.0,33568.0,15.0,-20.0,15.2672,15.5737,25.1258,16.15,25.0,16.0
299.1391,11153560.0,29131.0,32761.0,15.0,-20.0,15.2529,15.5816,25.1376,15.83,25.0,16.0
299.1709,11153430.0,29113.0,33545.0,15.0,-20.0,15.2556,15.5102,25.0279,15.88,25.0,16.0
299.1772,11153060.0,29121.0,33004.0,15.0,-20.0,15.2633,15.5419,25.0771,15.82,25.0,16.0
299.1772,11152762.0,29143.0,35011.0,15.0,-20.0,15.2694,15.6292,25.2085,15.55,25.0,16.0
299.1896,11153971.0,29167.0,33715.0,15.0,-20.0,15.2444,15.7244,25.3495,15.11,25.0,16.0
299.1896,11152153.0,29074.0,33032.0,15.0,-20.0,15.282,15.3554,24.7875,16.07,25.0,16.0
299.1896,11154182.0,29136.0,32513.0,15.0,-20.0,15.2401,15.6014,25.1672,15.7,25.0,16.0
299.2411,11159109.0,29113.0,33017.0,15.0,-20.0,15.1383,15.5102,25.0279,15.49,25.0,16.0
299.2411,11152762.0,29065.0,34022.0,15.0,-20.0,15.2694,15.3197,24.7321,16.39,25.0,16.0
299.2411,11153828.0,29047.0,34339.0,15.0,-20.0,15.2474,15.2483,24.6212,17.16,25.0,16.0
299.2527,11153087.0,29047.0,33921.0,15.0,-20.0,15.2627,15.2483,24.6212,17.68,25.0,16.0
299.2527,11155318.0,29070.0,33766.0,15.0,-20.0,15.2166,15.3396,24.7629,17.45,25.0,16.0
299.2527,11154209.0,29112.0,35056.0,15.0,-20.0,15.2395,15.5062,25.0217,16.82,25.0,16.0
299.2881,11154825.0,29114.0,35329.0,15.0,-20.0,15.2268,15.5141,25.034,16.37,25.0,16.0
299.2881,11151712.0,29155.0,34242.0,15.0,-20.0,15.2911,15.6768,25.2793,15.81,25.0,16.0
299.2881,11153561.0,29130.0,33510.0,15.0,-20.0,15.2529,15.5776,25.1317,15.64,25.0,16.0
299.319,11154546.0,29150.0,34801.0,15.0,-20.0,15.2325,15.657,25.2498,15.29,25.0,16.0
299.319,11153388.0,29143.0,34542.0,15.0,-20.0,15.2565,15.6292,25.2085,15.2,25.0,16.0
299.319,11152884.0,29090.0,34181.0,15.0,-20.0,15.2669,15.4189,24.8861,15.85,25.0,16.0
299.3464,11154513.0,29125.0,34565.0,15.0,-20.0,15.2332,15.5578,25.1018,15.67,25.0,16.0
299.3464,11153828.0,29019.0,33589.0,15.0,-20.0,15.2474,15.1372,24.4486,17.3,25.0,16.0
299.3464,11154565.0,29022.0,33375.0,15.0,-20.0,15.2322,15.1491,24.4671,18.14,25.0,16.0
299.3782,11150561.0,29065.0,34426.0,15.0,-20.0,15.3149,15.3197,24.7321,18.16,25.0,16.0
299.3782,11153449.0,29116.0,34394.0,15.0,-20.0,15.2552,15.5221,25.0463,17.23,25.0,16.0
299.3782,11152803.0,29085.0,34584.0,15.0,-20.0,15.2686,15.3991,24.8553,17.14,25.0,16.0
299.4131,11153592.0,29097.0,34432.0,15.0,-20.0,15.2523,15.4467,24.9293,16.87,25.0,16.0
299.4259,11154440.0,29077.0,33702.0,15.0,-20.0,15.2347,15.3673,24.806,16.93,25.0,16.0
299.4259,11154698.0,29164.0,33037.0,15.0,-20.0,15.2294,15.7125,25.3319,15.93,25.0,16.0
299.4477,11155335.0,29094.0,33868.0,15.0,-20.0,15.2162,15.4348,24.9108,16.08,25.0,16.0
299.4477,11153394.0,29109.0,34470.0,15.0,-20.0,15.2564,15.4943,25.0032,16.08,25.0,16.0
299.4477,11153247.0,29086.0,33989.0,15.0,-20.0,15.2594,15.403,24.8615,16.41,25.0,16.0
299.4578,11154742.0,29102.0,33505.0,15.0,-20.0,15.2285,15.4665,24.9601,16.29,25.0,16.0
299.4578,11156205.0,29127.0,32976.0,15.0,-20.0,15.1983,15.5657,25.114,15.83,25.0,16.0
299.4578,11155759.0,29028.0,33011.0,15.0,-20.0,15.2075,15.1729,24.5041,17.01,25.0,16.0
299.4897,11153481.0,29102.0,33999.0,15.0,-20.0,15.2546,15.4665,24.9601,16.73,25.0,16.0
299.4897,11153488.0,29113.0,33170.0,15.0,-20.0,15.2544,15.5102,25.0279,16.42,25.0,16.0
299.4897,11152541.0,29064.0,34543.0,15.0,-20.0,15.274,15.3158,24.7259,16.98,25.0,16.0
299.5218,11154263.0,29102.0,34392.0,15.0,-20.0,15.2384,15.4665,24.9601,16.67,25.0,16.0
299.5218,11154609.0,29121.0,33066.0,15.0,-20.0,15.2312,15.5419,25.0771,16.2,25.0,16.0
299.5218,11154334.0,29092.0,34629.0,15.0,-20.0,15.2369,15.4269,24.8985,16.33,25.0,16.0
299.5566,11154805.0,29133.0,32519.0,15.0,-20.0,15.2272,15.5895,25.1494,15.86,25.0,16.0
299.5566,11151948.0,29163.0,33956.0,15.0,-20.0,15.2862,15.7086,25.3261,15.42,25.0,16.0
299.5566,11154434.0,29078.0,33307.0,15.0,-20.0,15.2349,15.3713,24.8122,16.04,25.0,16.0
299.5799,11156136.0,29115.0,33611.0,15.0,-20.0,15.1997,15.5181,25.0402,15.81,25.0,16.0
299.5799,11155206.0,29113.0,32900.0,15.0,-20.0,15.2189,15.5102,25.0279,15.76,25.0,16.0
299.5799,11152803.0,29130.0,33391.0,15.0,-20.0,15.2686,15.5776,25.1317,15.65,25.0,16.0
299.6165,11153876.0,29144.0,33937.0,15.0,-20.0,15.2464,15.6332,25.2144,15.39,25.0,16.0
299.6165,11152956.0,29149.0,33128.0,15.0,-20.0,15.2654,15.653,25.2439,15.22,25.0,16.0
299.6165,11153828.0,29166.0,33851.0,15.0,-20.0,15.2474,15.7205,25.3436,14.93,25.0,16.0
299.6483,11153828.0,29140.0,34121.0,15.0,-20.0,15.2474,15.6173,25.1908,14.99,25.0,16.0
299.6483,11152803.0,29126.0,34427.0,15.0,-20.0,15.2686,15.5618,25.108,15.24,25.0,16.0
299.6483,11154692.0,29148.0,33182.0,15.0,-20.0,15.2295,15.649,25.238,15.06,25.0,16.0
299.6803,11154768.0,29158.0,34249.0,15.0,-20.0,15.228,15.6887,25.2969,14.86,25.0,16.0
299.6845,11155064.0,29067.0,32419.0,15.0,-20.0,15.2218,15.3277,24.7444,15.82,25.0,16.0
299.6845,11153690.0,29065.0,34650.0,15.0,-20.0,15.2502,15.3197,24.7321,16.52,25.0,16.0
299.7166,11159676.0,29130.0,33528.0,15.0,-20.0,15.1266,15.5776,25.1317,15.78,25.0,16.0
299.7166,11153437.0,29021.0,33907.0,15.0,-20.0,15.2555,15.1452,24.461,17.36,25.0,16.0
299.7166,11154931.0,29106.0,33254.0,15.0,-20.0,15.2246,15.4824,24.9847,16.8,25.0,16.0
299.7282,11154972.0,29092.0,33310.0,15.0,-20.0,15.2237,15.4269,24.8985,16.65,25.0,16.0
299.7282,11155416.0,29081.0,33163.0,15.0,-20.0,15.2146,15.3832,24.8307,16.68,25.0,16.0
299.7282,11157464.0,29140.0,33188.0,15.0,-20.0,15.1723,15.6173,25.1908,15.87,25.0,16.0
299.7599,11152741.0,29056.0,34020.0,15.0,-20.0,15.2698,15.284,24.6766,16.78,25.0,16.0
299.7599,11152464.0,29065.0,34493.0,15.0,-20.0,15.2756,15.3197,24.7321,17.19,25.0,16.0
299.7599,11152073.0,29142.0,33434.0,15.0,-20.0,15.2837,15.6252,25.2026,16.42,25.0,16.0
299.7947,11152762.0,29116.0,34285.0,15.0,-20.0,15.2694,15.5221,25.0463,16.23,25.0,16.0
299.7947,11151383.0,29099.0,33779.0,15.0,-20.0,15.2979,15.4546,24.9416,16.43,25.0,16.0
299.7947,11152474.0,29121.0,34206.0,15.0,-20.0,15.2754,15.5419,25.0771,16.19,25.0,16.0
299.824,11152150.0,29074.0,34210.0,15.0,-20.0,15.2821,15.3554,24.7875,16.71,25.0,16.0
299.824,11152595.0,29098.0,34094.0,15.0,-20.0,15.2729,15.4507,24.9354,16.66,25.0,16.0
299.824,11154870.0,29147.0,34671.0,15.0,-20.0,15.2259,15.6451,25.2321,15.92,25.0,16.0
299.8576,11153304.0,29093.0,34419.0,15.0,-20.0,15.2582,15.4308,24.9046,16.21,25.0,16.0
299.8603,11153394.0,29101.0,33177.0,15.0,-20.0,15.2564,15.4626,24.9539,16.27,25.0,16.0
299.8603,11152858.0,29132.0,34830.0,15.0,-20.0,15.2674,15.5856,25.1435,15.93,25.0,16.0
299.8942,11154305.0,29106.0,34366.0,15.0,-20.0,15.2375,15.4824,24.9847,15.98,25.0,16.0
299.8942,11154500.0,29080.0,33851.0,15.0,-20.0,15.2335,15.3792,24.8245,16.35,25.0,16.0
299.8942,11152836.0,29103.0,33786.0,15.0,-20.0,15.2679,15.4705,24.9662,16.36,25.0,16.0
299.904,11157859.0,29132.0,34540.0,15.0,-20.0,15.1641,15.5856,25.1435,15.74,25.0,16.0
299.904,11153872.0,29102.0,33581.0,15.0,-20.0,15.2465,15.4665,24.9601,15.95,25.0,16.0
299.904,11153883.0,29114.0,33324.0,15.0,-20.0,15.2462,15.5141,25.034,15.9,25.0,16.0
299.9516,11151540.0,29115.0,34670.0,15.0,-20.0,15.2947,15.5181,25.0402,16.01,25.0,16.0
299.9516,11152011.0,29074.0,34824.0,15.0,-20.0,15.2849,15.3554,24.7875,16.62,25.0,16.0
299.9516,11153531.0,29090.0,34483.0,15.0,-20.0,15.2535,15.4189,24.8861,16.66,25.0,16.0
299.9694,11153453.0,29135.0,34705.0,15.0,-20.0,15.2551,15.5975,25.1613,16.1,25.0,16.0
299.9694,11153304.0,29084.0,33456.0,15.0,-20.0,15.2582,15.3951,24.8492,16.44,25.0,16.0
299.9694,11154179.0,29133.0,33608.0,15.0,-20.0,15.2401,15.5895,25.1494,15.96,25.0,16.0
299.9995,11154255.0,29067.0,34403.0,15.0,-20.0,15.2386,15.3277,24.7444,16.53,25.0,16.0
299.9995,11154717.0,29081.0,34088.0,15.0,-20.0,15.229,15.3832,24.8307,16.65,25.0,16.0
299.9995,11153748.0,29074.0,33500.0,15.0,-20.0,15.249,15.3554,24.7875,16.88,25.0,16.0
300.031,11154516.0,29170.0,33743.0,15.0,-20.0,15.2332,15.7363,25.367,15.87,25.0,16.0
300.031,11152862.0,29067.0,32985.0,15.0,-20.0,15.2673,15.3277,24.7444,16.58,25.0,16.0
300.031,11154014.0,29117.0,32530.0,15.0,-20.0,15.2435,15.526,25.0525,16.24,25.0,16.0
300.0629,11154334.0,29082.0,33586.0,15.0,-20.0,15.2369,15.3872,24.8368,16.49,25.0,16.0
300.0629,11154577.0,29084.0,33956.0,15.0,-20.0,15.2319,15.3951,24.8492,16.59,25.0,16.0
300.0629,11154243.0,29082.0,33197.0,15.0,-20.0,15.2388,15.3872,24.8368,16.7,25.0,16.0
300.0954,11154128.0,29069.0,33866.0,15.0,-20.0,15.2412,15.3356,24.7567,16.96,25.0,16.0
300.0954,11152807.0,29019.0,34233.0,15.0,-20.0,15.2685,15.1372,24.4486,18.18,25.0,16.0
300.0954,11151934.0,29131.0,33634.0,15.0,-20.0,15.2865,15.5816,25.1376,17.14,25.0,16.0
300.1312,11152762.0,29088.0,33340.0,15.0,-20.0,15.2694,15.411,24.8738,17.04,25.0,16.0
300.1312,11154269.0,29104.0,32647.0,15.0,-20.0,15.2383,15.4745,24.9724,16.68,25.0,16.0
300.1312,11152646.0,29088.0,32991.0,15.0,-20.0,15.2718,15.411,24.8738,16.77,25.0,16.0
300.166,11154449.0,29050.0,33425.0,14.988,-19.994,15.2346,15.2602,24.6397,17.28,24.98,16.01
300.166,11154704.0,29043.0,33171.0,14.988,-19.994,15.2293,15.2324,24.5965,17.69,24.98,16.01
300.166,11160591.0,29036.0,34509.0,14.988,-19.994,15.1078,15.2047,24.5534,17.6,24.98,16.01
300.1919,11153744.0,29062.0,34026.0,14.988,-19.994,15.2491,15.3078,24.7136,17.63,24.98,16.01
300.1919,11154517.0,29107.0,34215.0,14.988,-19.994,15.2331,15.4864,24.9909,16.97,24.98,16.01
300.1919,11154686.0,29093.0,33266.0,14.988,-19.994,15.2297,15.4308,24.9046,16.76,24.98,16.01
300.2077,11155143.0,29097.0,33990.0,14.988,-19.994,15.2202,15.4467,24.9293,16.54,24.98,16.01
300.2077,11156637.0,29065.0,33737.0,14.988,-19.994,15.1894,15.3197,24.7321,16.76,24.98,16.01
300.2077,11154068.0,29155.0,34004.0,14.988,-19.994,15.2424,15.6768,25.2793,15.93,24.98,16.01
300.2461,11154077.0,29079.0,33986.0,14.988,-19.994,15.2422,15.3753,24.8184,16.36,24.98,16.01
300.2461,11154091.0,29145.0,33691.0,14.988,-19.994,15.2419,15.6371,25.2203,15.79,24.98,16.01
300.2461,11157035.0,29128.0,34156.0,14.988,-19.994,15.1811,15.5697,25.1199,15.48,24.98,16.01
300.2698,11154198.0,29067.0,32794.0,14.956,-19.969,15.2397,15.3277,24.7444,16.25,24.9267,16.03
300.2698,11155759.0,29101.0,34325.0,14.956,-19.969,15.2075,15.4626,24.9539,16.15,24.9267,16.03
300.2698,11157839.0,29070.0,33268.0,14.956,-19.969,15.1645,15.3396,24.7629,16.38,24.9267,16.03
300.3017,11156219.0,29061.0,33875.0,14.956,-19.969,15.198,15.3039,24.7074,16.74,24.9267,16.03
300.3017,11157076.0,29055.0,34740.0,14.956,-19.969,15.1803,15.2801,24.6705,16.99,24.9267,16.03
300.3017,11161673.0,28979.0,33632.0,14.956,-19.969,15.0854,14.9785,24.2101,18.14,24.9267,16.03
300.3337,11156351.0,29087.0,33950.0,14.956,-19.969,15.1953,15.407,24.8676,17.44,24.9267,16.03
300.3337,11155717.0,29192.0,33830.0,14.956,-19.969,15.2084,15.8236,25.4953,16.0,24.9267,16.03
300.3337,11158022.0,29032.0,32446.0,14.956,-19.969,15.1608,15.1888,24.5288,16.85,24.9267,16.03
300.3711,11158312.0,29073.0,32574.0,14.909,-19.925,15.1548,15.3515,24.7814,16.73,24.8483,16.07
300.3711,11161164.0,29100.0,32665.0,14.909,-19.925,15.0959,15.4586,24.9477,16.14,24.8483,16.07
300.3711,11162923.0,29077.0,34010.0,14.909,-19.925,15.0597,15.3673,24.806,15.96,24.8483,16.07
300.4035,11157766.0,29050.0,34140.0,14.909,-19.925,15.166,15.2602,24.6397,16.55,24.8483,16.07
300.4035,11158799.0,29065.0,33991.0,14.909,-19.925,15.1447,15.3197,24.7321,16.63,24.8483,16.07
300.4035,11159468.0,29064.0,33070.0,14.909,-19.925,15.1309,15.3158,24.7259,16.64,24.8483,16.07
300.4303,11159169.0,29017.0,34232.0,14.909,-19.925,15.1371,15.1293,24.4363,17.4,24.8483,16.07
300.4303,11158351.0,29066.0,31898.0,14.909,-19.925,15.154,15.3237,24.7382,17.15,24.8483,16.07
300.4303,11160978.0,29017.0,32877.0,14.909,-19.925,15.0998,15.1293,24.4363,17.56,24.8483,16.07
300.4545,11159738.0,29064.0,33754.0,14.909,-19.925,15.1253,15.3158,24.7259,17.19,24.8483,16.07
300.4545,11158645.0,29052.0,35085.0,14.909,-19.925,15.1479,15.2681,24.652,17.2,24.8483,16.07
300.4545,11162450.0,29052.0,34008.0,14.909,-19.925,15.0694,15.2681,24.652,16.96,24.8483,16.07
300.4781,11164585.0,29069.0,33689.0,14.838,-19.859,15.0254,15.3356,24.7567,16.46,24.73,16.14
300.4781,11162888.0,29037.0,34198.0,14.838,-19.859,15.0604,15.2086,24.5596,16.7,24.73,16.14
300.4781,11161164.0,29010.0,33995.0,14.838,-19.859,15.0959,15.1015,24.3932,17.4,24.73,16.14
300.5157,11161557.0,29048.0,32075.0,14.838,-19.859,15.0878,15.2523,24.6273,17.19,24.73,16.14
300.5157,11160894.0,29033.0,33779.0,14.838,-19.859,15.1015,15.1928,24.5349,17.33,24.73,16.14
300.5157,11161557.0,29040.0,34173.0,14.838,-19.859,15.0878,15.2205,24.578,17.26,24.73,16.14
300.5273,11162296.0,29056.0,35262.0,14.838,-19.859,15.0726,15.284,24.6766,16.96,24.73,16.14
300.5273,11163882.0,29020.0,33885.0,14.838,-19.859,15.0399,15.1412,24.4548,17.17,24.73,16.14
300.5273,11164060.0,29058.0,32968.0,14.838,-19.859,15.0362,15.292,24.689,16.77,24.73,16.14
300.5757,11163232.0,28968.0,33212.0,14.838,-19.859,15.0533,14.9349,24.1521,18.06,24.73,16.14
300.5757,11167215.0,29099.0,33833.0,14.838,-19.859,14.9712,15.4546,24.9416,16.66,24.73,16.14
300.5757,11168764.0,28944.0,33904.0,14.838,-19.859,14.9393,14.8396,24.0254,17.88,24.73,16.14
300.605,11166841.0,29010.0,32782.0,14.753,-19.775,14.9789,15.1015,24.3932,17.68,24.5883,16.23
300.605,11167787.0,28984.0,33360.0,14.753,-19.775,14.9595,14.9983,24.2365,17.89,24.5883,16.23
300.605,11166112.0,28983.0,33520.0,14.753,-19.775,14.994,14.9944,24.2313,18.17,24.5883,16.23
300.6429,11167828.0,29033.0,35158.0,14.753,-19.775,14.9586,15.1928,24.5349,17.47,24.5883,16.23
300.6429,11166051.0,29057.0,34256.0,14.753,-19.775,14.9952,15.288,24.6828,16.84,24.5883,16.23
300.6429,11168953.0,29037.0,33693.0,14.753,-19.775,14.9355,15.2086,24.5596,16.55,24.5883,16.23
300.6684,11169602.0,29075.0,32998.0,14.753,-19.775,14.9221,15.3594,24.7937,15.89,24.5883,16.23
300.6684,11168729.0,29045.0,32708.0,14.753,-19.775,14.9401,15.2404,24.6089,15.89,24.5883,16.23
300.6684,11171384.0,28946.0,33747.0,14.753,-19.775,14.8854,14.8476,24.036,17.12,24.5883,16.23
300.7005,11170445.0,28961.0,35159.0,14.65,-19.675,14.9048,14.9071,24.1152,17.69,24.4167,16.32
300.7005,11169988.0,28953.0,34415.0,14.65,-19.675,14.9142,14.8754,24.0729,18.21,24.4167,16.32
300.7005,11172654.0,29025.0,32471.0,14.65,-19.675,14.8593,15.161,24.4856,17.31,24.4167,16.32
300.7177,11170875.0,28946.0,32735.0,14.65,-19.675,14.8959,14.8476,24.036,18.02,24.4167,16.32
300.7177,11172840.0,28945.0,33153.0,14.65,-19.675,14.8555,14.8436,24.0307,18.28,24.4167,16.32
300.7177,11175498.0,29008.0,33823.0,14.65,-19.675,14.8009,15.0936,24.3809,17.4,24.4167,16.32
300.7687,11173542.0,28951.0,33442.0,14.65,-19.675,14.8411,14.8674,24.0624,17.75,24.4167,16.32
300.7687,11173324.0,28907.0,34022.0,14.65,-19.675,14.8455,14.6928,23.8302,18.76,24.4167,16.32
300.7687,11175290.0,28972.0,34485.0,14.65,-19.675,14.8051,14.9507,24.1732,18.16,24.4167,16.32
300.7823,11176366.0,28951.0,33320.0,14.65,-19.675,14.783,14.8674,24.0624,17.99,24.4167,16.32
300.7823,11178890.0,28895.0,33698.0,14.65,-19.675,14.7312,14.6452,23.7668,18.57,24.4167,16.32
300.7823,11179265.0,29002.0,33499.0,14.65,-19.675,14.7235,15.0698,24.3439,17.43,24.4167,16.32
300.8121,11177715.0,28983.0,34766.0,14.544,-19.569,14.7553,14.9944,24.2313,17.09,24.24,16.43
300.8121,11179924.0,28985.0,34354.0,14.544,-19.569,14.71,15.0023,24.2418,16.72,24.24,16.43
300.8121,11179279.0,28950.0,33407.0,14.544,-19.569,14.7232,14.8634,24.0571,16.94,24.24,16.43
300.8451,11179616.0,28971.0,35278.0,14.544,-19.569,14.7163,14.9468,24.1679,16.81,24.24,16.43
300.8451,11176917.0,28971.0,34963.0,14.544,-19.569,14.7717,14.9468,24.1679,16.91,24.24,16.43
300.8451,11179273.0,28915.0,33585.0,14.544,-19.569,14.7234,14.7246,23.8724,17.53,24.24,16.43
300.8765,11180967.0,28994.0,32543.0,14.544,-19.569,14.6886,15.038,24.2946,16.81,24.24,16.43
300.8765,11180724.0,28926.0,34137.0,14.544,-19.569,14.6936,14.7682,23.9304,17.2,24.24,16.43
300.8765,11183283.0,28958.0,34730.0,14.544,-19.569,14.6411,14.8952,24.0993,16.89,24.24,16.43
300.9085,11181785.0,28968.0,34586.0,14.409,-19.434,14.6718,14.9349,24.1521,16.68,24.015,16.57
300.9085,11183032.0,28928.0,35213.0,14.409,-19.434,14.6462,14.7762,23.941,16.94,24.015,16.57
300.9085,11184087.0,28912.0,35153.0,14.409,-19.434,14.6246,14.7127,23.8566,17.22,24.015,16.57
300.9405,11184811.0,28895.0,31647.0,14.409,-19.434,14.6098,14.6452,23.7668,17.57,24.015,16.57
300.9405,11184811.0,28980.0,34093.0,14.409,-19.434,14.6098,14.9825,24.2154,16.77,24.015,16.57
300.9405,11189617.0,28914.0,32826.0,14.409,-19.434,14.5113,14.7206,23.8671,16.75,24.015,16.57
300.9738,11187180.0,28896.0,33765.0,14.409,-19.434,14.5612,14.6492,23.7721,17.1,24.015,16.57
300.9738,11186855.0,28910.0,34350.0,14.409,-19.434,14.5679,14.7047,23.846,17.16,24.015,16.57
300.9738,11189160.0,28884.0,33456.0,14.409,-19.434,14.5207,14.6016,23.7079,17.36,24.015,16.57
300.9979,11187213.0,28940.0,33701.0,14.409,-19.434,14.5606,14.8238,24.0043,16.95,24.015,16.57
300.9979,11190664.0,28886.0,33557.0,14.409,-19.434,14.4899,14.6095,23.7189,17.11,24.015,16.57
300.9979,11195412.0,28889.0,33550.0,14.409,-19.434,14.3928,14.6214,23.7352,16.88,24.015,16.57
301.0194,11189920.0,28899.0,33190.0,14.25,-19.278,14.5051,14.6611,23.788,16.96,23.75,16.72
301.0194,11192838.0,28925.0,31426.0,14.25,-19.278,14.4454,14.7643,23.9252,16.54,23.75,16.72
301.0194,11193508.0,28935.0,34405.0,14.25,-19.278,14.4317,14.8039,23.9779,16.14,23.75,16.72
301.051,11194842.0,28817.0,32958.0,14.25,-19.278,14.4045,14.3358,23.293,17.49,23.75,16.72
301.051,11195576.0,28888.0,33632.0,14.25,-19.278,14.3895,14.6175,23.7299,17.1,23.75,16.72
301.051,11195701.0,28870.0,32874.0,14.25,-19.278,14.3869,14.546,23.6241,17.1,23.75,16.72
301.0841,11196079.0,28899.0,33562.0,14.25,-19.278,14.3792,14.6611,23.788,16.71,23.75,16.72
301.0841,11197688.0,28828.0,34879.0,14.25,-19.278,14.3463,14.3794,23.3618,17.36,23.75,16.72
301.0841,11197933.0,28942.0,32753.0,14.25,-19.278,14.3413,14.8317,24.0149,16.35,23.75,16.72
301.1151,11201480.0,28908.0,32897.0,14.25,-19.278,14.2689,14.6968,23.8354,15.87,23.75,16.72
301.1151,11199041.0,28851.0,33425.0,14.25,-19.278,14.3187,14.4707,23.5056,16.41,23.75,16.72
301.1151,11199818.0,28843.0,32599.0,14.25,-19.278,14.3028,14.4389,23.4556,16.8,23.75,16.72
301.147,11200647.0,28921.0,34774.0,14.081,-19.109,14.2859,14.7484,23.9041,16.07,23.4683,16.89
301.147,11200858.0,28792.0,33838.0,14.081,-19.109,14.2816,14.2366,23.1369,17.38,23.4683,16.89
301.147,11206034.0,28832.0,33103.0,14.081,-19.109,14.1761,14.3953,23.3868,17.14,23.4683,16.89
301.1797,11204361.0,28802.0,35140.0,14.081,-19.109,14.2102,14.2762,23.1992,17.53,23.4683,16.89
301.1797,11203865.0,28784.0,32871.0,14.081,-19.109,14.2203,14.2048,23.0873,18.13,23.4683,16.89
301.1797,11206671.0,28868.0,34283.0,14.081,-19.109,14.1631,14.5381,23.6118,17.08,23.4683,16.89
301.203,11205535.0,28824.0,33631.0,14.081,-19.109,14.1862,14.3635,23.3368,17.1,23.4683,16.89
301.203,11208968.0,28807.0,32984.0,14.081,-19.109,14.1163,14.2961,23.2305,17.13,23.4683,16.89
301.203,11213652.0,28841.0,34148.0,14.081,-19.109,14.021,14.431,23.4431,16.43,23.4683,16.89
301.2431,11209427.0,28782.0,33685.0,13.906,-18.938,14.107,14.1969,23.0749,17.05,23.1767,17.06
301.2431,11210259.0,28864.0,34516.0,13.906,-18.938,14.09,14.5222,23.5869,16.3,23.1767,17.06
301.2431,11214014.0,28792.0,34972.0,13.906,-18.938,14.0136,14.2366,23.1369,16.54,23.1767,17.06
301.2753,11213675.0,28796.0,34707.0,13.906,-18.938,14.0205,14.2524,23.1617,16.65,23.1767,17.06
301.2753,11216573.0,28743.0,34982.0,13.906,-18.938,13.9616,14.0421,22.8453,17.24,23.1767,17.06
301.2753,11213856.0,28768.0,33318.0,13.906,-18.938,14.0168,14.1413,22.9923,17.42,23.1767,17.06
301.2922,11216020.0,28832.0,34311.0,13.906,-18.938,13.9728,14.3953,23.3868,16.59,23.1767,17.06
301.2922,11219519.0,28793.0,32935.0,13.906,-18.938,13.9018,14.2405,23.1431,16.36,23.1767,17.06
301.2922,11216753.0,28720.0,33642.0,13.906,-18.938,13.958,13.9509,22.7101,17.43,23.1767,17.06
301.3232,11221338.0,28763.0,32721.0,13.906,-18.938,13.8648,14.1215,22.9629,17.14,23.1767,17.06
301.3232,11218763.0,28768.0,34937.0,13.906,-18.938,13.9171,14.1413,22.9923,17.06,23.1767,17.06
301.3232,11218793.0,28648.0,34964.0,13.906,-18.938,13.9165,13.6652,22.2783,19.47,23.1767,17.06
301.3552,11220775.0,28700.0,33192.0,13.709,-18.744,13.8763,13.8715,22.5925,19.3,22.8483,17.26
301.3552,11221802.0,28730.0,33670.0,13.709,-18.744,13.8554,13.9906,22.7689,18.64,22.8483,17.26
301.3552,11221427.0,28711.0,33139.0,13.709,-18.744,13.863,13.9152,22.6571,18.55,22.8483,17.26
301.387,11222790.0,28710.0,34459.0,13.709,-18.744,13.8354,13.9112,22.6513,18.41,22.8483,17.26
301.387,11223961.0,28694.0,32613.0,13.709,-18.744,13.8116,13.8477,22.5572,18.48,22.8483,17.26
301.387,11225564.0,28684.0,33925.0,13.709,-18.744,13.7791,13.8081,22.4984,18.56,22.8483,17.26
301.4207,11228548.0,28642.0,33067.0,13.709,-18.744,13.7187,13.6414,22.2386,19.2,22.8483,17.26
301.4207,11228818.0,28640.0,33521.0,13.709,-18.744,13.7132,13.6335,22.2254,19.6,22.8483,17.26
301.4207,11229882.0,28688.0,32431.0,13.709,-18.744,13.6917,13.8239,22.5219,18.85,22.8483,17.26
301.451,11230050.0,28629.0,33582.0,13.481,-18.519,13.6882,13.5898,22.1526,19.54,22.4683,17.48
301.4523,11231436.0,28704.0,33046.0,13.481,-18.519,13.6602,13.8874,22.616,18.52,22.4683,17.48
301.4523,11229200.0,28693.0,34369.0,13.481,-18.519,13.7055,13.8438,22.5513,18.18,22.4683,17.48
301.4838,11231806.0,28679.0,33643.0,13.481,-18.519,13.6527,13.7882,22.469,18.0,22.4683,17.48
301.4838,11238636.0,28634.0,31419.0,13.481,-18.519,13.5146,13.6097,22.1857,18.09,22.4683,17.48
301.4838,11235473.0,28692.0,32571.0,13.481,-18.519,13.5785,13.8398,22.5454,17.56,22.4683,17.48
301.5177,11236652.0,28708.0,34727.0,13.481,-18.519,13.5547,13.9033,22.6395,16.98,22.4683,17.48
301.5177,11239778.0,28691.0,32566.0,13.481,-18.519,13.4915,13.8358,22.5395,16.65,22.4683,17.48
301.5177,11237982.0,28676.0,34112.0,13.481,-18.519,13.5278,13.7763,22.4513,16.74,22.4683,17.48
301.5356,11239447.0,28679.0,32074.0,13.481,-18.519,13.4982,13.7882,22.469,16.67,22.4683,17.48
301.5356,11240744.0,28605.0,34403.0,13.481,-18.519,13.472,13.4946,21.9938,17.68,22.4683,17.48
301.5356,11242405.0,28575.0,33431.0,13.481,-18.519,13.4385,13.3756,21.7953,18.83,22.4683,17.48
301.5663,11242858.0,28588.0,34183.0,13.231,-18.269,13.4294,13.4272,21.8813,19.15,22.0517,17.73
301.5663,11243750.0,28614.0,34373.0,13.231,-18.269,13.4114,13.5303,22.0533,18.74,22.0517,17.73
301.5663,11246703.0,28592.0,35295.0,13.231,-18.269,13.3518,13.443,21.9078,18.64,22.0517,17.73
301.5943,11245308.0,28610.0,34579.0,13.231,-18.269,13.3799,13.5144,22.0269,18.39,22.0517,17.73
301.5943,11247969.0,28587.0,35602.0,13.231,-18.269,13.3263,13.4232,21.8747,18.42,22.0517,17.73
301.5943,11248425.0,28631.0,32391.0,13.231,-18.269,13.3171,13.5978,22.1658,17.77,22.0517,17.73
301.631,11250627.0,28564.0,35531.0,13.231,-18.269,13.2728,13.3319,21.7234,18.27,22.0517,17.73
301.631,11251105.0,28579.0,32781.0,13.231,-18.269,13.2631,13.3915,21.8217,18.26,22.0517,17.73
301.631,11252978.0,28535.0,33360.0,13.231,-18.269,13.2254,13.2169,21.5581,18.9,22.0517,17.73
301.6647,11255394.0,28570.0,33187.0,12.978,-18.016,13.1768,13.3557,21.7624,18.48,21.63,17.98
301.6647,11256296.0,28573.0,33380.0,12.978,-18.016,13.1587,13.3676,21.782,18.12,21.63,17.98
301.6647,11256500.0,28527.0,33516.0,12.978,-18.016,13.1546,13.1851,21.5154,18.61,21.63,17.98
301.6899,11256971.0,28575.0,31959.0,12.978,-18.016,13.1451,13.3756,21.7953,18.13,21.63,17.98
301.6899,11260110.0,28606.0,33401.0,12.978,-18.016,13.0821,13.4986,22.0004,17.26,21.63,17.98
301.6899,11261938.0,28493.0,32934.0,12.978,-18.016,13.0453,13.0502,21.3338,18.18,21.63,17.98
301.7275,11261925.0,28458.0,33390.0,12.978,-18.016,13.0456,12.9114,21.1469,19.53,21.63,17.98
301.7275,11263026.0,28502.0,35358.0,12.978,-18.016,13.0235,13.0859,21.3818,19.27,21.63,17.98
301.7275,11267142.0,28530.0,34026.0,12.978,-18.016,12.9409,13.197,21.5314,18.47,21.63,17.98
301.7615,11269820.0,28501.0,33980.0,12.978,-18.016,12.8873,13.082,21.3765,18.15,21.63,17.98
301.7615,11266748.0,28429.0,33485.0,12.978,-18.016,12.9488,12.7963,20.9764,19.68,21.63,17.98
301.7615,11269346.0,28506.0,33859.0,12.978,-18.016,12.8968,13.1018,21.4032,18.85,21.63,17.98
301.7848,11269909.0,28490.0,34007.0,12.688,-17.728,12.8855,13.0383,21.3178,18.5,21.1467,18.27
301.7848,11272300.0,28479.0,32697.0,12.688,-17.728,12.8376,12.9947,21.259,18.27,21.1467,18.27
301.7848,11276943.0,28493.0,35272.0,12.688,-17.728,12.7447,13.0502,21.3338,17.7,21.1467,18.27
301.8054,11273777.0,28476.0,33732.0,12.688,-17.728,12.808,12.9828,21.243,17.73,21.1467,18.27
301.8054,11274987.0,28508.0,33585.0,12.688,-17.728,12.7838,13.1097,21.4139,17.32,21.1467,18.27
301.8054,11275156.0,28460.0,35314.0,12.688,-17.728,12.7805,12.9193,21.1576,17.61,21.1467,18.27
301.833,11277972.0,28389.0,33767.0,12.688,-17.728,12.7241,12.6376,20.7018,19.12,21.1467,18.27
301.833,11280786.0,28362.0,33902.0,12.688,-17.728,12.6679,12.5305,20.5152,20.58,21.1467,18.27
301.833,11282029.0,28373.0,33635.0,12.688,-17.728,12.6431,12.5741,20.5912,20.88,21.1467,18.27
301.8644,11282549.0,28396.0,33511.0,12.688,-17.728,12.6327,12.6654,20.7502,20.31,21.1467,18.27
301.8644,11282378.0,28379.0,34610.0,12.688,-17.728,12.6361,12.5979,20.6327,20.48,21.1467,18.27
301.8644,11285844.0,28300.0,33844.0,12.688,-17.728,12.5669,12.2845,20.1371,22.72,21.1467,18.27
301.8969,11287232.0,28381.0,33147.0,12.412,-17.456,12.5393,12.6059,20.6465,21.3,20.6867,18.54
301.8969,11297521.0,28430.0,33422.0,12.412,-17.456,12.3344,12.8003,20.9828,19.08,20.6867,18.54
301.8969,11287942.0,28404.0,33427.0,12.412,-17.456,12.5251,12.6971,20.8056,18.63,20.6867,18.54
301.9322,11290556.0,28358.0,34625.0,12.412,-17.456,12.473,12.5146,20.4876,19.09,20.6867,18.54
301.9322,11293931.0,28356.0,34468.0,12.412,-17.456,12.4058,12.5067,20.4742,19.06,20.6867,18.54
301.9322,11294802.0,28255.0,33937.0,12.412,-17.456,12.3885,12.1059,19.8694,21.93,20.6867,18.54
301.9609,11296060.0,28351.0,34350.0,12.412,-17.456,12.3634,12.4868,20.4421,20.67,20.6867,18.54
301.9609,11297512.0,28376.0,34369.0,12.412,-17.456,12.3345,12.586,20.6119,19.42,20.6867,18.54
301.9609,11298199.0,28252.0,34192.0,12.412,-17.456,12.3209,12.094,19.8512,21.69,20.6867,18.54
301.9813,11301221.0,28299.0,31469.0,12.412,-17.456,12.2608,12.2805,20.1312,21.13,20.6867,18.54
301.9813,11302949.0,28372.0,34133.0,12.412,-17.456,12.2265,12.5701,20.5843,19.43,20.6867,18.54
301.9813,11304221.0,28378.0,34286.0,12.412,-17.456,12.2012,12.594,20.6258,18.25,20.6867,18.54
302.0258,11304511.0,28284.0,32777.0,12.091,-17.137,12.1955,12.221,20.0426,19.05,20.1517,18.86
302.0258,11306118.0,28263.0,32860.0,12.091,-17.137,12.1636,12.1377,19.9174,19.88,20.1517,18.86
302.0258,11307764.0,28298.0,33362.0,12.091,-17.137,12.1309,12.2765,20.1253,19.39,20.1517,18.86
302.0434,11307657.0,28313.0,34127.0,12.091,-17.137,12.1331,12.3361,20.2139,18.88,20.1517,18.86
302.0434,11312871.0,28283.0,33798.0,12.091,-17.137,12.0297,12.217,20.0367,18.64,20.1517,18.86
302.0434,11311682.0,28300.0,33347.0,12.091,-17.137,12.0533,12.2845,20.1371,18.35,20.1517,18.86
302.0735,11314545.0,28213.0,34197.0,12.091,-17.137,11.9966,11.9393,19.6096,19.78,20.1517,18.86
302.0735,11315573.0,28220.0,33691.0,12.091,-17.137,11.9762,11.9671,19.6536,20.29,20.1517,18.86
302.0735,11316521.0,28213.0,33314.0,12.091,-17.137,11.9575,11.9393,19.6096,20.67,20.1517,18.86
302.1054,11319898.0,28213.0,34702.0,12.091,-17.137,11.8907,11.9393,19.6096,20.47,20.1517,18.86
302.1054,11319482.0,28237.0,32785.0,12.091,-17.137,11.8989,12.0345,19.7598,19.82,20.1517,18.86
302.1079,11321812.0,28217.0,34081.0,12.091,-17.137,11.8529,11.9552,19.6347,19.62,20.1517,18.86
302.1378,11323322.0,28146.0,33613.0,11.772,-16.822,11.823,11.6735,19.1918,21.44,19.62,19.18
302.1378,11323940.0,28189.0,34032.0,11.772,-16.822,11.8108,11.8441,19.459,21.08,19.62,19.18
302.1378,11326189.0,28138.0,33113.0,11.772,-16.822,11.7664,11.6417,19.1443,22.1,19.62,19.18
302.1699,11330944.0,28241.0,33548.0,11.772,-16.822,11.6726,12.0504,19.7845,20.01,19.62,19.18
302.1712,11329917.0,28193.0,34194.0,11.772,-16.822,11.6929,11.8599,19.4841,19.48,19.62,19.18
302.1712,11331850.0,28151.0,35060.0,11.772,-16.822,11.6548,11.6933,19.2223,19.95,19.62,19.18
302.2017,11335549.0,28090.0,34293.0,11.772,-16.822,11.5819,11.4513,18.8633,21.46,19.62,19.18
302.2017,11335814.0,28184.0,33420.0,11.772,-16.822,11.5767,11.8242,19.4276,20.08,19.62,19.18
302.2017,11335462.0,28227.0,33343.0,11.772,-16.822,11.5836,11.9948,19.6975,18.72,19.62,19.18
302.2353,11338367.0,28086.0,33790.0,11.425,-16.475,11.5265,11.4354,18.8399,20.4,19.0417,19.52
302.2353,11342606.0,28105.0,33891.0,11.425,-16.475,11.4431,11.5108,18.9511,20.32,19.0417,19.52
302.2353,11340936.0,28129.0,34229.0,11.425,-16.475,11.4759,11.606,19.0916,19.9,19.0417,19.52
302.2485,11345539.0,28124.0,33201.0,11.425,-16.475,11.3855,11.5862,19.0623,19.34,19.0417,19.52
302.2485,11346722.0,28101.0,34059.0,11.425,-16.475,11.3623,11.4949,18.9277,19.3,19.0417,19.52
302.2485,11347168.0,28112.0,33501.0,11.425,-16.475,11.3535,11.5386,18.992,19.03,19.0417,19.52
302.2821,11357768.0,28094.0,32324.0,11.425,-16.475,11.1458,11.4671,18.8867,18.43,19.0417,19.52
302.2821,11349208.0,28026.0,33785.0,11.425,-16.475,11.3135,11.1973,18.4889,20.42,19.0417,19.52
302.2821,11351411.0,28083.0,34095.0,11.425,-16.475,11.2703,11.4235,18.8224,19.84,19.0417,19.52
302.313,11354713.0,27978.0,34220.0,11.425,-16.475,11.2056,11.0069,18.1681,22.21,19.0417,19.52
302.313,11355571.0,28048.0,34322.0,11.425,-16.475,11.1888,11.2846,18.6176,21.23,19.0417,19.52
302.313,11357273.0,28036.0,32034.0,11.425,-16.475,11.1555,11.237,18.5474,20.72,19.0417,19.52
302.3451,11360155.0,28047.0,33255.0,11.066,-16.119,11.0991,11.2807,18.6118,19.9,18.4433,19.88
302.3451,11360705.0,28010.0,31916.0,11.066,-16.119,11.0883,11.1339,18.3851,20.19,18.4433,19.88
302.3451,11363482.0,28011.0,32617.0,11.066,-16.119,11.034,11.1378,18.3917,20.0,18.4433,19.88
302.3775,11364981.0,28020.0,33521.0,11.066,-16.119,11.0047,11.1735,18.451,19.53,18.4433,19.88
302.3775,11366607.0,27998.0,33078.0,11.066,-16.119,10.973,11.0862,18.3054,19.59,18.4433,19.88
302.3775,11369662.0,28039.0,33112.0,11.066,-16.119,10.9134,11.2489,18.565,18.72,18.4433,19.88
302.4095,11370510.0,27937.0,33761.0,11.066,-16.119,10.8968,10.8442,17.8868,20.49,18.4433,19.88
302.4095,11373199.0,27988.0,34360.0,11.066,-16.119,10.8444,11.0466,18.2375,19.75,18.4433,19.88
302.4095,11376550.0,27903.0,35996.0,11.066,-16.119,10.7791,10.7093,17.679,21.3,18.4433,19.88
302.4406,11374645.0,27957.0,33355.0,11.066,-16.119,10.8162,10.9236,18.0224,20.86,18.4433,19.88
302.4406,11377680.0,27949.0,35460.0,11.066,-16.119,10.7571,10.8918,17.9669,20.47,18.4433,19.88
302.4406,11380649.0,27908.0,35185.0,11.066,-16.119,10.6993,10.7292,17.7095,20.96,18.4433,19.88
302.4783,11383439.0,27943.0,35035.0,10.684,-15.738,10.645,10.868,17.9256,20.09,17.8067,20.26
302.4783,11385366.0,27904.0,35254.0,10.684,-15.738,10.6076,10.7133,17.6851,20.26,17.8067,20.26
302.4783,11383619.0,27881.0,34486.0,10.684,-15.738,10.6416,10.622,17.5449,21.22,17.8067,20.26
302.4923,11384498.0,27910.0,34093.0,10.684,-15.738,10.6245,10.7371,17.7217,20.89,17.8067,20.26
302.4923,11388023.0,27900.0,34069.0,10.684,-15.738,10.556,10.6974,17.6607,20.52,17.8067,20.26
302.4923,11389705.0,27887.0,34225.0,10.684,-15.738,10.5233,10.6458,17.5815,20.43,17.8067,20.26
302.5224,11394176.0,27783.0,35536.0,10.684,-15.738,10.4366,10.2332,16.9234,23.13,17.8067,20.26
302.5224,11394033.0,27858.0,33960.0,10.684,-15.738,10.4394,10.5308,17.4024,22.23,17.8067,20.26
302.5224,11394868.0,27871.0,34822.0,10.684,-15.738,10.4232,10.5824,17.484,21.25,17.8067,20.26
302.5533,11397009.0,27821.0,33289.0,10.684,-15.738,10.3817,10.384,17.1667,21.77,17.8067,20.26
302.5533,11399490.0,27780.0,33375.0,10.684,-15.738,10.3337,10.2213,16.9042,23.2,17.8067,20.26
302.5533,11404495.0,27801.0,34561.0,10.684,-15.738,10.2369,10.3046,17.0388,22.54,17.8067,20.26
302.5854,11403702.0,27740.0,33028.0,10.287,-15.341,10.2522,10.0626,16.6478,24.39,17.145,20.66
302.5854,11405352.0,27698.0,33911.0,10.287,-15.341,10.2203,9.896,16.3808,26.43,17.145,20.66
302.5854,11407503.0,27747.0,33252.0,10.287,-15.341,10.1787,10.0904,16.6927,25.87,17.145,20.66
302.6177,11410207.0,27795.0,34268.0,10.287,-15.341,10.1265,10.2808,17.0003,23.61,17.145,20.66
302.6177,11411323.0,27726.0,35674.0,10.287,-15.341,10.105,10.007,16.5581,24.32,17.145,20.66
302.6177,11416557.0,27716.0,34660.0,10.287,-15.341,10.004,9.9674,16.494,24.22,17.145,20.66
302.651,11415144.0,27733.0,33508.0,10.287,-15.341,10.0313,10.0348,16.603,23.78,17.145,20.66
302.651,11417312.0,27737.0,32553.0,10.287,-15.341,9.9895,10.0507,16.6286,23.08,17.145,20.66
302.651,11419913.0,27736.0,33744.0,10.287,-15.341,9.9394,10.0467,16.6222,22.37,17.145,20.66
302.6819,11421882.0,27711.0,34178.0,9.878,-14.934,9.9015,9.9475,16.4624,22.38,16.4633,21.07
302.6819,11427051.0,27666.0,33770.0,9.878,-14.934,9.8021,9.769,16.1806,23.11,16.4633,21.07
302.6819,11426594.0,27710.0,34556.0,9.878,-14.934,9.8109,9.9436,16.4561,22.27,16.4633,21.07
302.7004,11426758.0,27698.0,33771.0,9.878,-14.934,9.8077,9.896,16.3808,22.06,16.4633,21.07
302.7004,11429157.0,27638.0,34565.0,9.878,-14.934,9.7616,9.6579,16.005,23.59,16.4633,21.07
302.7004,11433222.0,27646.0,36304.0,9.878,-14.934,9.6836,9.6896,16.0554,23.52,16.4633,21.07
302.752,11430947.0,27699.0,35591.0,9.878,-14.934,9.7273,9.8999,16.387,22.28,16.4633,21.07
302.752,11436135.0,27620.0,35331.0,9.878,-14.934,9.6277,9.5865,15.8911,23.2,16.4633,21.07
302.752,11436658.0,27592.0,34655.0,9.878,-14.934,9.6177,9.4754,15.7119,24.68,16.4633,21.07
302.763,11439537.0,27708.0,33618.0,9.878,-14.934,9.5625,9.9356,16.4435,22.02,16.4633,21.07
302.763,11442835.0,27604.0,32866.0,9.878,-14.934,9.4994,9.523,15.7887,22.51,16.4633,21.07
302.763,11449264.0,27549.0,33561.0,9.878,-14.934,9.3764,9.3048,15.4366,23.76,16.4633,21.07
302.7927,11445198.0,27622.0,35032.0,9.441,-14.497,9.4542,9.5944,15.9039,22.71,15.735,21.5
302.7927,11448106.0,27572.0,33419.0,9.441,-14.497,9.3986,9.396,15.5839,23.22,15.735,21.5
302.7927,11449545.0,27602.0,33070.0,9.441,-14.497,9.3711,9.5151,15.7759,22.39,15.735,21.5
302.8252,11454802.0,27564.0,32782.0,9.441,-14.497,9.2707,9.3643,15.5327,22.27,15.735,21.5
302.8252,11456329.0,27549.0,32849.0,9.441,-14.497,9.2416,9.3048,15.4366,22.44,15.735,21.5
302.8252,11456396.0,27508.0,33430.0,9.441,-14.497,9.2403,9.1421,15.1784,24.0,15.735,21.5
302.8574,11459460.0,27535.0,34546.0,9.441,-14.497,9.1819,9.2492,15.3476,23.47,15.735,21.5
302.8574,11461839.0,27499.0,33486.0,9.441,-14.497,9.1366,9.1064,15.1219,24.03,15.735,21.5
302.8574,11461732.0,27437.0,34574.0,9.441,-14.497,9.1386,8.8604,14.7327,26.2,15.735,21.5
302.8942,11466525.0,27469.0,34469.0,9.441,-14.497,9.0474,8.9874,14.9339,25.96,15.735,21.5
302.8942,11473644.0,27561.0,32659.0,9.441,-14.497,8.9121,9.3524,15.5135,22.68,15.735,21.5
302.8942,11470947.0,27474.0,33494.0,9.441,-14.497,8.9633,9.0072,14.9652,22.92,15.735,21.5
302.9217,11474073.0,27431.0,33463.0,9.003,-14.059,8.904,8.8366,14.6949,24.11,15.005,21.94
302.9217,11474505.0,27448.0,33507.0,9.003,-14.059,8.8958,8.904,14.8021,24.12,15.005,21.94
302.9217,11478485.0,27399.0,35101.0,9.003,-14.059,8.8203,8.7096,14.4924,25.21,15.005,21.94
302.9425,11477684.0,27411.0,34504.0,9.003,-14.059,8.8355,8.7572,14.5686,25.59,15.005,21.94
302.9425,11481753.0,27376.0,33231.0,9.003,-14.059,8.7583,8.6184,14.3462,26.33,15.005,21.94
302.9425,11482696.0,27380.0,33453.0,9.003,-14.059,8.7405,8.6342,14.3716,26.52,15.005,21.94
302.9857,11484259.0,27323.0,33491.0,9.003,-14.059,8.7109,8.4081,14.01,27.94,15.005,21.94
302.9857,11486776.0,27386.0,33128.0,9.003,-14.059,8.6632,8.658,14.4097,26.62,15.005,21.94
302.9857,11489179.0,27292.0,33075.0,9.003,-14.059,8.6178,8.2851,13.8212,28.15,15.005,21.94
303.0016,11491171.0,27332.0,34192.0,9.003,-14.059,8.5801,8.4438,14.0669,27.87,15.005,21.94
303.0016,11494022.0,27298.0,34145.0,9.003,-14.059,8.5263,8.3089,13.8575,28.22,15.005,21.94
303.0016,11494774.0,27404.0,35340.0,9.003,-14.059,8.5121,8.7295,14.5241,25.14,15.005,21.94
303.0346,11501173.0,27378.0,34750.0,8.547,-13.603,8.3914,8.6263,14.3589,23.21,14.245,22.4
303.0346,11501139.0,27351.0,32997.0,8.547,-13.603,8.392,8.5192,14.1875,22.72,14.245,22.4
303.0346,11502346.0,27285.0,33793.0,8.547,-13.603,8.3693,8.2573,13.7787,24.43,14.245,22.4
303.0652,11505776.0,27258.0,33242.0,8.547,-13.603,8.3047,8.1502,13.6154,25.73,14.245,22.4
303.0652,11507366.0,27297.0,34163.0,8.547,-13.603,8.2747,8.3049,13.8515,25.04,14.245,22.4
303.0652,11510205.0,27212.0,33922.0,8.547,-13.603,8.2213,7.9677,13.3076,26.82,14.245,22.4
303.1006,11511946.0,27275.0,34236.0,8.547,-13.603,8.1886,8.2176,13.7181,25.69,14.245,22.4
303.1006,11516128.0,27295.0,34803.0,8.547,-13.603,8.11,8.297,13.8393,23.86,14.245,22.4
303.1006,11516318.0,27271.0,33227.0,8.547,-13.603,8.1065,8.2018,13.6938,23.33,14.245,22.4
303.1319,11517809.0,27191.0,34128.0,8.088,-13.144,8.0785,7.8844,13.1602,25.5,13.48,22.86
303.1319,11519233.0,27287.0,33678.0,8.088,-13.144,8.0518,8.2652,13.7908,23.59,13.48,22.86
303.1319,11523326.0,27227.0,34896.0,8.088,-13.144,7.975,8.0272,13.4126,23.6,13.48,22.86
303.1606,11525622.0,27166.0,33598.0,8.088,-13.144,7.932,7.7852,12.9847,25.44,13.48,22.86
303.1606,11526458.0,27178.0,33592.0,8.088,-13.144,7.9163,7.8328,13.069,26.09,13.48,22.86
303.1606,11527226.0,27223.0,33648.0,8.088,-13.144,7.902,8.0113,13.3848,24.63,13.48,22.86
303.1939,11528504.0,27152.0,33635.0,8.088,-13.144,7.878,7.7296,12.8865,26.12,13.48,22.86
303.1939,11533762.0,27150.0,34214.0,8.088,-13.144,7.7797,7.7217,12.8724,26.41,13.48,22.86
303.1939,11534621.0,27180.0,33809.0,8.088,-13.144,7.7637,7.8407,13.083,25.31,13.48,22.86
303.2267,11536892.0,27203.0,33999.0,8.088,-13.144,7.7212,7.932,13.2445,23.61,13.48,22.86
303.2267,11539988.0,27163.0,32716.0,8.088,-13.144,7.6634,7.7733,12.9637,23.42,13.48,22.86
303.2267,11544387.0,27145.0,33949.0,8.088,-13.144,7.5814,7.7018,12.8377,23.3,13.48,22.86
303.256,11544902.0,27099.0,34073.0,7.656,-12.713,7.5718,7.5193,12.5481,24.73,12.76,23.29
303.256,11544974.0,27045.0,33857.0,7.656,-12.713,7.5705,7.3051,12.2108,26.9,12.76,23.29
303.256,11548520.0,27085.0,33766.0,7.656,-12.713,7.5044,7.4638,12.4606,26.8,12.76,23.29
303.2744,11550211.0,27079.0,33315.0,7.656,-12.713,7.4729,7.44,12.4231,26.69,12.76,23.29
303.2744,11550362.0,27171.0,34730.0,7.656,-12.713,7.4701,7.805,13.0198,23.84,12.76,23.29
303.2744,11557597.0,27090.0,33486.0,7.656,-12.713,7.3356,7.4836,12.4919,23.39,12.76,23.29
303.3101,11557098.0,27101.0,33761.0,7.656,-12.713,7.3449,7.5273,12.5606,22.87,12.76,23.29
303.3101,11560771.0,26977.0,34326.0,7.656,-12.713,7.2767,7.0353,11.7529,25.77,12.76,23.29
303.3101,11562321.0,27037.0,34812.0,7.656,-12.713,7.2479,7.2733,12.1592,25.64,12.76,23.29
303.3356,11564221.0,27058.0,34549.0,7.247,-12.303,7.2127,7.3567,12.292,24.52,12.0783,23.7
303.3356,11567493.0,26964.0,34935.0,7.247,-12.303,7.152,6.9837,11.6705,26.37,12.0783,23.7
303.3356,11569048.0,26994.0,34912.0,7.247,-12.303,7.1232,7.1027,11.8688,26.48,12.0783,23.7
303.3677,11575442.0,27029.0,34855.0,7.247,-12.303,7.0049,7.2416,12.1067,24.45,12.0783,23.7
303.3677,11573176.0,26865.0,32714.0,7.247,-12.303,7.0468,6.5909,11.0514,27.47,12.0783,23.7
303.3677,11574638.0,27017.0,34164.0,7.247,-12.303,7.0198,7.194,12.0256,25.48,12.0783,23.7
303.4053,11603625.0,26907.0,33424.0,7.247,-12.303,6.4858,6.7575,11.3141,23.83,12.0783,23.7
303.4053,11582616.0,26890.0,33776.0,7.247,-12.303,6.8724,6.6901,11.2077,26.03,12.0783,23.7
303.4053,11581660.0,26901.0,34317.0,7.247,-12.303,6.8901,6.7337,11.2765,27.21,12.0783,23.7
303.4321,11585708.0,26900.0,35065.0,7.247,-12.303,6.8154,6.7298,11.2703,27.52,12.0783,23.7
303.4321,11587396.0,26887.0,34974.0,7.247,-12.303,6.7843,6.6782,11.189,27.82,12.0783,23.7
303.4321,11589314.0,26904.0,33560.0,7.247,-12.303,6.7489,6.7456,11.2953,27.33,12.0783,23.7
303.4642,11592767.0,26896.0,34385.0,6.819,-11.875,6.6853,6.7139,11.2453,26.8,11.365,24.12
303.4642,11595215.0,26834.0,33983.0,6.819,-11.875,6.6403,6.4679,10.8567,27.77,11.365,24.12
303.4642,11595638.0,26887.0,34396.0,6.819,-11.875,6.6325,6.6782,11.189,26.94,11.365,24.12
303.4977,11597106.0,26865.0,33977.0,6.819,-11.875,6.6055,6.5909,11.0514,26.91,11.365,24.12
303.4977,11600923.0,26789.0,33819.0,6.819,-11.875,6.5354,6.2894,10.5639,28.26,11.365,24.12
303.4977,11603751.0,26882.0,34129.0,6.819,-11.875,6.4835,6.6584,11.1577,26.19,11.365,24.12
303.5148,11603838.0,26875.0,33398.0,6.819,-11.875,6.4819,6.6306,11.1139,25.16,11.365,24.12
303.5148,11610830.0,26765.0,33567.0,6.819,-11.875,6.3537,6.1941,10.4074,26.79,11.365,24.12
303.5148,11609651.0,26772.0,32091.0,6.819,-11.875,6.3753,6.2219,10.453,27.73,11.365,24.12
303.547,11621895.0,26800.0,33239.0,6.819,-11.875,6.1512,6.333,10.6356,25.95,11.365,24.12
303.547,11614192.0,26774.0,33781.0,6.819,-11.875,6.2921,6.2298,10.4661,26.71,11.365,24.12
303.547,11617332.0,26764.0,33595.0,6.819,-11.875,6.2346,6.1902,10.4008,27.09,11.365,24.12
303.5778,11623874.0,26751.0,33697.0,6.359,-11.416,6.1151,6.1386,10.3165,26.87,10.5983,24.58
303.5778,11620648.0,26793.0,33183.0,6.359,-11.416,6.174,6.3052,10.59,25.85,10.5983,24.58
303.5778,11622549.0,26719.0,34824.0,6.359,-11.416,6.1393,6.0116,10.1102,27.09,10.5983,24.58
303.6164,11624858.0,26723.0,33281.0,6.359,-11.416,6.0971,6.0275,10.1348,27.52,10.5983,24.58
303.6164,11627583.0,26765.0,33194.0,6.359,-11.416,6.0474,6.1941,10.4074,26.17,10.5983,24.58
303.6164,11629548.0,26715.0,33509.0,6.359,-11.416,6.0116,5.9958,10.0859,26.64,10.5983,24.58
303.6414,11632490.0,26685.0,33756.0,6.359,-11.416,5.958,5.8767,9.9041,27.3,10.5983,24.58
303.6414,11634038.0,26681.0,32570.0,6.359,-11.416,5.9298,5.8609,9.8799,27.63,10.5983,24.58
303.6414,11637578.0,26652.0,34035.0,6.359,-11.416,5.8653,5.7458,9.6999,28.12,10.5983,24.58
303.6737,11638460.0,26629.0,33374.0,5.9,-10.956,5.8493,5.6545,9.5474,28.84,9.8333,25.04
303.6737,11643594.0,26711.0,34059.0,5.9,-10.956,5.756,5.9799,10.0617,26.44,9.8333,25.04
303.6737,11643875.0,26620.0,35221.0,5.9,-10.956,5.7509,5.6188,9.4877,27.52,9.8333,25.04
303.6916,11646335.0,26607.0,34871.0,5.9,-10.956,5.7062,5.5672,9.4015,28.24,9.8333,25.04
303.6916,11647574.0,26645.0,35289.0,5.9,-10.956,5.6837,5.718,9.6535,27.56,9.8333,25.04
303.6916,11651267.0,26624.0,33422.0,5.9,-10.956,5.6167,5.6347,9.5142,27.31,9.8333,25.04
303.7217,11653329.0,26601.0,34600.0,5.9,-10.956,5.5793,5.5434,9.3617,27.55,9.8333,25.04
303.7217,11663862.0,26575.0,34953.0,5.9,-10.956,5.3887,5.4403,9.1894,27.19,9.8333,25.04
303.7217,11655979.0,26584.0,34159.0,5.9,-10.956,5.5313,5.476,9.249,27.63,9.8333,25.04
303.7537,11658913.0,26603.0,35115.0,5.9,-10.956,5.4782,5.5514,9.375,27.02,9.8333,25.04
303.7537,11663981.0,26559.0,33126.0,5.9,-10.956,5.3866,5.3768,9.0841,27.3,9.8333,25.04
303.7537,11663538.0,26557.0,34388.0,5.9,-10.956,5.3946,5.3689,9.072,27.57,9.8333,25.04
303.7883,11666537.0,26597.0,33904.0,5.45,-10.506,5.3404,5.5276,9.3352,26.1,9.0833,25.49
303.7883,11668498.0,26596.0,33376.0,5.45,-10.506,5.305,5.5236,9.3286,24.98,9.0833,25.49
303.7883,11670291.0,26572.0,34547.0,5.45,-10.506,5.2727,5.4284,9.1695,24.87,9.0833,25.49
303.8176,11686405.0,26510.0,32619.0,5.45,-10.506,4.9825,5.1824,8.7893,24.46,9.0833,25.49
303.8176,11674414.0,26509.0,34902.0,5.45,-10.506,5.1983,5.1784,8.7833,25.81,9.0833,25.49
303.8176,11674491.0,26496.0,33816.0,5.45,-10.506,5.1969,5.1268,8.7051,26.9,9.0833,25.49
303.8537,11676706.0,26497.0,33058.0,5.45,-10.506,5.157,5.1308,8.7111,27.3,9.0833,25.49
303.8537,11680368.0,26402.0,33513.0,5.45,-10.506,5.0911,4.7539,8.0857,29.06,9.0833,25.49
303.8537,11681264.0,26439.0,34174.0,5.45,-10.506,5.075,4.9007,8.338,29.46,9.0833,25.49
303.8862,11684476.0,26436.0,35185.0,5.45,-10.506,5.0172,4.8888,8.3175,29.47,9.0833,25.49
303.8862,11687768.0,26473.0,33749.0,5.45,-10.506,4.9581,5.0356,8.5652,28.15,9.0833,25.49
303.8862,11689059.0,26434.0,33836.0,5.45,-10.506,4.9349,4.8808,8.3038,28.29,9.0833,25.49
303.9134,11691645.0,26485.0,32727.0,5.009,-10.066,4.8885,5.0832,8.6385,26.54,8.3483,25.93
303.9134,11692922.0,26441.0,32765.0,5.009,-10.066,4.8656,4.9086,8.3517,26.71,8.3483,25.93
303.9134,11696669.0,26422.0,33981.0,5.009,-10.066,4.7984,4.8332,8.2218,26.92,8.3483,25.93
303.9355,11696534.0,26403.0,33344.0,5.009,-10.066,4.8008,4.7578,8.0925,27.56,8.3483,25.93
303.9355,11697712.0,26396.0,34901.0,5.009,-10.066,4.7797,4.7301,8.0456,28.0,8.3483,25.93
303.9355,11701730.0,26371.0,35093.0,5.009,-10.066,4.7077,4.6309,7.8867,28.43,8.3483,25.93
303.9694,11703075.0,26365.0,33533.0,5.009,-10.066,4.6837,4.6071,7.8493,28.69,8.3483,25.93
303.9694,11706761.0,26330.0,36041.0,5.009,-10.066,4.6178,4.4682,7.6365,29.23,8.3483,25.93
303.9694,11708743.0,26304.0,33654.0,5.009,-10.066,4.5824,4.365,7.4794,29.85,8.3483,25.93
303.9938,11712678.0,26350.0,35680.0,5.009,-10.066,4.5121,4.5476,7.7574,28.89,8.3483,25.93
303.9938,11710886.0,26264.0,34721.0,5.009,-10.066,4.5441,4.2063,7.2376,29.99,8.3483,25.93
303.9938,11715290.0,26349.0,33975.0,5.009,-10.066,4.4655,4.5436,7.7514,28.69,8.3483,25.93
304.0269,11717318.0,26295.0,34867.0,4.612,-9.669,4.4293,4.3293,7.425,28.95,7.6867,26.33
304.0269,11719635.0,26308.0,35222.0,4.612,-9.669,4.388,4.3809,7.5036,28.61,7.6867,26.33
304.0269,11723193.0,26286.0,33094.0,4.612,-9.669,4.3247,4.2936,7.3706,28.53,7.6867,26.33
304.0584,11719665.0,26367.0,33507.0,4.612,-9.669,4.3875,4.615,7.8618,26.72,7.6867,26.33
304.0584,11725223.0,26262.0,33235.0,4.612,-9.669,4.2886,4.1984,7.2255,27.7,7.6867,26.33
304.0584,11727068.0,26260.0,33717.0,4.612,-9.669,4.2558,4.1905,7.2134,28.16,7.6867,26.33
304.0907,11729126.0,26232.0,34560.0,4.612,-9.669,4.2192,4.0794,7.032,28.85,7.6867,26.33
304.0907,11732319.0,26267.0,33956.0,4.612,-9.669,4.1625,4.2182,7.2557,28.12,7.6867,26.33
304.0907,11732940.0,26202.0,35071.0,4.612,-9.669,4.1514,3.9603,6.8367,29.11,7.6867,26.33
304.1228,11734138.0,26211.0,32539.0,4.228,-9.284,4.1302,3.9961,6.8953,29.42,7.0467,26.72
304.1228,11736577.0,26216.0,34025.0,4.228,-9.284,4.0869,4.0159,6.9278,29.27,7.0467,26.72
304.1228,11738151.0,26158.0,32844.0,4.228,-9.284,4.059,3.7858,6.553,30.1,7.0467,26.72
304.1567,11739956.0,26256.0,32775.0,4.228,-9.284,4.027,4.1746,7.1892,28.23,7.0467,26.72
304.1567,11742185.0,26119.0,33914.0,4.228,-9.284,3.9875,3.631,6.3086,29.67,7.0467,26.72
304.1567,11743850.0,26148.0,33801.0,4.228,-9.284,3.958,3.7461,6.4903,30.16,7.0467,26.72
304.1711,11745206.0,26148.0,35123.0,4.228,-9.284,3.934,3.7461,6.4903,30.35,7.0467,26.72
304.1711,11748652.0,26214.0,34433.0,4.228,-9.284,3.873,4.008,6.9148,28.53,7.0467,26.72
304.1711,11750937.0,26152.0,33786.0,4.228,-9.284,3.8327,3.762,6.5154,28.8,7.0467,26.72
304.2044,11749296.0,26148.0,34858.0,4.228,-9.284,3.8617,3.7461,6.4903,29.19,7.0467,26.72
304.2044,11754178.0,26179.0,34369.0,4.228,-9.284,3.7754,3.8691,6.6873,28.17,7.0467,26.72
304.2044,11755735.0,26133.0,35728.0,4.228,-9.284,3.7479,3.6866,6.3963,28.53,7.0467,26.72
304.2347,11758391.0,26137.0,34061.0,3.841,-8.897,3.7011,3.7025,6.4214,28.4,6.4017,27.1
304.2347,11760106.0,26141.0,34381.0,3.841,-8.897,3.6708,3.7183,6.4464,28.04,6.4017,27.1
304.2347,11762705.0,26105.0,35124.0,3.841,-8.897,3.625,3.5755,6.2209,28.4,6.4017,27.1
304.2766,11762362.0,26116.0,33796.0,3.841,-8.897,3.631,3.6191,6.2898,28.4,6.4017,27.1
304.2766,11765546.0,26089.0,34097.0,3.841,-8.897,3.575,3.512,6.1205,28.7,6.4017,27.1
304.2766,11767622.0,26111.0,33688.0,3.841,-8.897,3.5384,3.5993,6.2585,28.14,6.4017,27.1
304.2974,11769454.0,26046.0,33421.0,3.841,-8.897,3.5062,3.3414,5.8478,29.07,6.4017,27.1
304.2974,11770535.0,26028.0,34188.0,3.841,-8.897,3.4872,3.27,5.73,29.85,6.4017,27.1
304.2974,11770738.0,26039.0,34192.0,3.841,-8.897,3.4836,3.3136,5.802,30.13,6.4017,27.1
304.3294,11773485.0,26051.0,34973.0,3.841,-8.897,3.4353,3.3612,5.8805,29.81,6.4017,27.1
304.3294,11774263.0,26074.0,33510.0,3.841,-8.897,3.4217,3.4525,6.0264,29.01,6.4017,27.1
304.3294,11775423.0,26072.0,34353.0,3.841,-8.897,3.4013,3.4446,6.0138,28.45,6.4017,27.1
304.3606,11778290.0,26059.0,32711.0,3.516,-8.484,3.3509,3.393,5.9322,28.13,5.86,27.52
304.3606,11779350.0,26052.0,33034.0,3.516,-8.484,3.3323,3.3652,5.8871,28.0,5.86,27.52
304.3606,11779705.0,26008.0,32786.0,3.516,-8.484,3.3261,3.1906,5.599,28.9,5.86,27.52
304.3958,11782865.0,26020.0,33394.0,3.516,-8.484,3.2707,3.2382,5.6776,28.89,5.86,27.52
304.3958,11784694.0,25981.0,34352.0,3.516,-8.484,3.2387,3.0835,5.4223,29.54,5.86,27.52
304.3958,11788775.0,26005.0,34476.0,3.516,-8.484,3.1672,3.1787,5.5794,29.05,5.86,27.52
304.4246,11788565.0,25999.0,34002.0,3.516,-8.484,3.1709,3.1549,5.5401,28.91,5.86,27.52
304.4246,11790947.0,25952.0,34108.0,3.516,-8.484,3.1292,2.9684,5.2324,29.61,5.86,27.52
304.4246,11791090.0,26026.0,34386.0,3.516,-8.484,3.1267,3.262,5.7169,28.25,5.86,27.52
304.4458,11793626.0,25922.0,34216.0,3.516,-8.484,3.0823,2.8494,5.0361,29.45,5.86,27.52
304.4458,11796715.0,25934.0,35374.0,3.516,-8.484,3.0284,2.897,5.1146,29.83,5.86,27.52
304.4458,11800321.0,26018.0,33659.0,3.516,-8.484,2.9654,3.2303,5.6645,27.47,5.86,27.52
304.4722,11798400.0,25943.0,35001.0,3.169,-8.137,2.9989,2.9327,5.1735,28.31,5.2817,27.86
304.4722,11799361.0,25858.0,34321.0,3.169,-8.137,2.9822,2.5955,4.6171,29.86,5.2817,27.86
304.4722,11801986.0,25947.0,34817.0,3.169,-8.137,2.9364,2.9486,5.1997,29.31,5.2817,27.86
304.5036,11803993.0,25903.0,34223.0,3.169,-8.137,2.9013,2.774,4.9117,29.74,5.2817,27.86
304.5036,11806650.0,25942.0,35225.0,3.169,-8.137,2.855,2.9288,5.167,28.86,5.2817,27.86
304.5036,11806551.0,25889.0,35650.0,3.169,-8.137,2.8568,2.7185,4.82,29.53,5.2817,27.86
304.5354,11809660.0,25839.0,33438.0,3.169,-8.137,2.8026,2.5201,4.4928,30.37,5.2817,27.86
304.5354,11811781.0,25901.0,33148.0,3.169,-8.137,2.7657,2.7661,4.8986,29.72,5.2817,27.86
304.5354,11812168.0,25868.0,36116.0,3.169,-8.137,2.759,2.6352,4.6826,30.0,5.2817,27.86
304.5731,11813120.0,25893.0,33932.0,2.866,-7.706,2.7424,2.7343,4.8462,29.56,4.7767,28.29
304.5731,11815317.0,25789.0,34458.0,2.866,-7.706,2.7042,2.3217,4.167,30.62,4.7767,28.29
304.5731,11815790.0,25902.0,33880.0,2.866,-7.706,2.696,2.7701,4.9051,29.43,4.7767,28.29
304.5992,11818300.0,25869.0,34228.0,2.866,-7.706,2.6524,2.6391,4.6891,29.26,4.7767,28.29
304.5992,11820231.0,25836.0,36061.0,2.866,-7.706,2.6188,2.5082,4.4732,29.7,4.7767,28.29
304.5992,11821095.0,25858.0,34845.0,2.866,-7.706,2.6038,2.5955,4.6171,29.41,4.7767,28.29
304.633,11828541.0,25868.0,33879.0,2.866,-7.706,2.4747,2.6352,4.6826,28.14,4.7767,28.29
304.633,11825687.0,25849.0,34652.0,2.866,-7.706,2.5242,2.5598,4.5582,28.24,4.7767,28.29
304.633,11827727.0,25844.0,34177.0,2.866,-7.706,2.4888,2.5399,4.5255,28.21,4.7767,28.29
304.6533,11832009.0,25804.0,35050.0,2.866,-7.706,2.4146,2.3812,4.2646,28.7,4.7767,28.29
304.6533,11832645.0,25791.0,33895.0,2.866,-7.706,2.4036,2.3296,4.18,29.22,4.7767,28.29
304.6533,11834830.0,25786.0,33981.0,2.866,-7.706,2.3658,2.3098,4.1475,29.45,4.7767,28.29
304.6952,11832631.0,25865.0,35078.0,2.541,-7.381,2.4039,2.6233,4.6629,27.75,4.235,28.62
304.6952,11834976.0,25819.0,33517.0,2.541,-7.381,2.3633,2.4407,4.3622,27.77,4.235,28.62
304.6952,11837057.0,25841.0,32735.0,2.541,-7.381,2.3273,2.528,4.5059,26.91,4.235,28.62
304.7287,11836921.0,25824.0,33541.0,2.541,-7.381,2.3296,2.4606,4.3948,26.89,4.235,28.62
304.7287,11844802.0,25848.0,32273.0,2.541,-7.381,2.1935,2.5558,4.5516,25.22,4.235,28.62
304.7287,11843577.0,25737.0,34005.0,2.541,-7.381,2.2147,2.1154,3.832,27.28,4.235,28.62
304.7439,11847064.0,25796.0,33726.0,2.541,-7.381,2.1545,2.3495,4.2125,26.7,4.235,28.62
304.7439,11853053.0,25769.0,34864.0,2.541,-7.381,2.0513,2.2424,4.0373,26.41,4.235,28.62
304.7439,11853755.0,25774.0,33726.0,2.541,-7.381,2.0392,2.2622,4.0695,25.99,4.235,28.62
304.7811,11850429.0,25753.0,34037.0,2.541,-7.381,2.0965,2.1789,3.9346,26.74,4.235,28.62
304.7811,11850481.0,25785.0,32703.0,2.541,-7.381,2.0956,2.3058,4.141,26.28,4.235,28.62
304.7811,11853636.0,25762.0,32447.0,2.541,-7.381,2.0413,2.2146,3.9924,26.28,4.235,28.62
304.8089,11853987.0,25712.0,34309.0,2.266,-7.025,2.0352,2.0162,3.6716,27.52,3.7767,28.98
304.8089,11853226.0,25713.0,33723.0,2.266,-7.025,2.0483,2.0202,3.678,28.32,3.7767,28.98
304.8089,11855983.0,25735.0,35953.0,2.266,-7.025,2.0009,2.1075,3.8192,27.99,3.7767,28.98
304.8384,11858594.0,25799.0,34676.0,2.266,-7.025,1.9559,2.3614,4.2321,25.61,3.7767,28.98
304.8384,11852912.0,25779.0,34691.0,2.266,-7.025,2.0537,2.282,4.102,25.47,3.7767,28.98
304.8384,11853305.0,25720.0,35398.0,2.266,-7.025,2.047,2.0479,3.7229,26.93,3.7767,28.98
304.8745,11852781.0,25662.0,33794.0,2.266,-7.025,2.056,1.8178,3.3509,28.74,3.7767,28.98
304.8745,11854919.0,25739.0,35151.0,2.266,-7.025,2.0192,2.1233,3.8448,28.25,3.7767,28.98
304.8745,11855194.0,25705.0,34400.0,2.266,-7.025,2.0144,1.9884,3.6267,28.75,3.7767,28.98
304.9037,11854009.0,25687.0,34761.0,2.028,-6.559,2.0348,1.917,3.5112,29.5,3.38,29.44
304.9037,11857759.0,25697.0,34829.0,2.028,-6.559,1.9703,1.9567,3.5754,29.44,3.38,29.44
304.9037,11860332.0,25681.0,34070.0,2.028,-6.559,1.9261,1.8932,3.4727,29.51,3.38,29.44
304.9336,11861552.0,25694.0,35178.0,2.028,-6.559,1.9051,1.9448,3.5561,29.15,3.38,29.44
304.9336,11865449.0,25708.0,34593.0,2.028,-6.559,1.8382,2.0003,3.646,28.11,3.38,29.44
304.9336,11859461.0,25613.0,33594.0,2.028,-6.559,1.941,1.6234,3.0146,29.67,3.38,29.44
304.9653,11859814.0,25679.0,35092.0,2.028,-6.559,1.935,1.8853,3.4599,29.74,3.38,29.44
304.9653,11862470.0,25621.0,33989.0,2.028,-6.559,1.8893,1.6551,3.0691,30.45,3.38,29.44
304.9653,11865124.0,25632.0,35700.0,2.028,-6.559,1.8438,1.6988,3.1444,30.66,3.38,29.44
304.9964,11866712.0,25715.0,33954.0,2.028,-6.559,1.8165,2.0281,3.6909,28.66,3.38,29.44
304.9964,11869111.0,25639.0,33495.0,2.028,-6.559,1.7753,1.7266,3.1926,29.18,3.38,29.44
304.9964,11870801.0,25650.0,33574.0,2.028,-6.559,1.7464,1.7702,3.2694,29.08,3.38,29.44
305.0135,11871302.0,25594.0,34861.0,1.812,-6.134,1.7378,1.548,2.8853,29.97,3.02,29.87
305.0135,11873581.0,25596.0,33846.0,1.812,-6.134,1.6987,1.556,2.8989,30.39,3.02,29.87
305.0135,11875823.0,25575.0,35808.0,1.812,-6.134,1.6603,1.4726,2.7569,30.77,3.02,29.87
305.0489,11876129.0,25629.0,34637.0,1.812,-6.134,1.6551,1.6869,3.1238,30.03,3.02,29.87
305.0489,11875705.0,25599.0,34710.0,1.812,-6.134,1.6624,1.5679,2.9194,30.28,3.02,29.87
305.0489,11876248.0,25628.0,33907.0,1.812,-6.134,1.6531,1.6829,3.1169,29.76,3.02,29.87
305.0771,11876940.0,25557.0,33828.0,1.812,-6.134,1.6412,1.4012,2.6357,30.52,3.02,29.87
305.0771,11879244.0,25576.0,35709.0,1.812,-6.134,1.6018,1.4766,2.7636,30.69,3.02,29.87
305.0771,11883572.0,25496.0,34528.0,1.812,-6.134,1.5278,1.1592,2.2247,31.41,3.02,29.87
305.1126,11883428.0,25529.0,34755.0,1.812,-6.134,1.5303,1.2901,2.447,31.53,3.02,29.87
305.1126,11884900.0,25516.0,33301.0,1.812,-6.134,1.5051,1.2385,2.3595,31.68,3.02,29.87
305.1126,11886910.0,25570.0,35528.0,1.812,-6.134,1.4708,1.4528,2.7232,30.95,3.02,29.87
305.1437,11886584.0,25627.0,34389.0,1.587,-5.684,1.4763,1.679,3.11,29.03,2.645,30.32
305.1437,11892710.0,25560.0,34014.0,1.587,-5.684,1.3718,1.4131,2.6559,29.06,2.645,30.32
305.1437,11889252.0,25592.0,34194.0,1.587,-5.684,1.4308,1.5401,2.8717,28.62,2.645,30.32
305.1729,11890454.0,25538.0,33887.0,1.587,-5.684,1.4103,1.3258,2.5077,29.47,2.645,30.32
305.1729,11891969.0,25538.0,34389.0,1.587,-5.684,1.3845,1.3258,2.5077,29.87,2.645,30.32
305.1729,11890980.0,25518.0,33597.0,1.587,-5.684,1.4013,1.2465,2.3729,30.41,2.645,30.32
305.2047,11895499.0,25553.0,34496.0,1.587,-5.684,1.3243,1.3853,2.6087,29.79,2.645,30.32
305.2047,11893160.0,25513.0,34805.0,1.587,-5.684,1.3642,1.2266,2.3393,30.33,2.645,30.32
305.2047,11896113.0,25555.0,35228.0,1.587,-5.684,1.3138,1.3933,2.6222,29.63,2.645,30.32
305.2371,11899043.0,25554.0,34129.0,1.363,-5.237,1.264,1.3893,2.6154,28.93,2.2717,30.76
305.2371,11898187.0,25515.0,32958.0,1.363,-5.237,1.2785,1.2346,2.3527,29.51,2.2717,30.76
305.2371,11899771.0,25507.0,33233.0,1.363,-5.237,1.2516,1.2028,2.2988,29.89,2.2717,30.76
305.2533,11900449.0,25534.0,34880.0,1.363,-5.237,1.24,1.31,2.4807,29.46,2.2717,30.76
305.2533,11902025.0,25463.0,34580.0,1.363,-5.237,1.2132,1.0283,2.003,30.28,2.2717,30.76
305.2533,11904600.0,25454.0,35018.0,1.363,-5.237,1.1694,0.9925,1.9422,30.76,2.2717,30.76
305.2858,11904136.0,25475.0,34734.0,1.363,-5.237,1.1773,1.0759,2.0841,30.84,2.2717,30.76
305.2858,11909171.0,25491.0,34872.0,1.363,-5.237,1.0918,1.1394,2.1911,30.23,2.2717,30.76
305.2858,11909293.0,25435.0,35722.0,1.363,-5.237,1.0897,0.9172,1.8139,30.74,2.2717,30.76
305.3158,11908073.0,25425.0,33377.0,1.363,-5.237,1.1104,0.8775,1.7471,31.19,2.2717,30.76
305.3158,11909122.0,25496.0,34349.0,1.363,-5.237,1.0926,1.1592,2.2247,30.32,2.2717,30.76
305.3158,11908604.0,25410.0,33512.0,1.363,-5.237,1.1014,0.818,1.6473,31.07,2.2717,30.76
305.3555,11912698.0,25421.0,34122.0,1.159,-4.834,1.0319,0.8616,1.7204,31.25,1.9317,31.17
305.3555,11911284.0,25424.0,33710.0,1.159,-4.834,1.0559,0.8735,1.7405,31.38,1.9317,31.17
305.3555,11912687.0,25410.0,32973.0,1.159,-4.834,1.0321,0.818,1.6473,31.54,1.9317,31.17
305.3882,11913190.0,25459.0,34232.0,1.159,-4.834,1.0236,1.0124,1.976,31.0,1.9317,31.17
305.3882,11916137.0,25446.0,33599.0,1.159,-4.834,0.9736,0.9608,1.8882,30.7,1.9317,31.17
305.3882,11917026.0,25435.0,32737.0,1.159,-4.834,0.9586,0.9172,1.8139,30.67,1.9317,31.17
305.4117,11916688.0,25430.0,34234.0,1.159,-4.834,0.9643,0.8973,1.7805,30.74,1.9317,31.17
305.4117,11918124.0,25510.0,34866.0,1.159,-4.834,0.94,1.2147,2.3191,28.63,1.9317,31.17
305.4117,11919380.0,25379.0,34425.0,1.159,-4.834,0.9187,0.695,1.4422,29.94,1.9317,31.17
305.4432,11920543.0,25430.0,34050.0,1.159,-4.834,0.899,0.8973,1.7805,30.04,1.9317,31.17
305.4432,11921964.0,25445.0,33912.0,1.159,-4.834,0.875,0.9568,1.8814,29.63,1.9317,31.17
305.4432,11920562.0,25419.0,35759.0,1.159,-4.834,0.8987,0.8537,1.7071,30.07,1.9317,31.17
305.464,11922570.0,25377.0,33253.0,0.963,-4.444,0.8647,0.687,1.429,30.7,1.605,31.56
305.464,11923984.0,25420.0,35280.0,0.963,-4.444,0.8408,0.8576,1.7138,30.41,1.605,31.56
305.464,11924474.0,25377.0,32543.0,0.963,-4.444,0.8325,0.687,1.429,30.82,1.605,31.56
305.5075,11927271.0,25395.0,33796.0,0.963,-4.444,0.7852,0.7585,1.5481,30.73,1.605,31.56
305.5075,11929425.0,25378.0,34651.0,0.963,-4.444,0.7488,0.691,1.4356,30.8,1.605,31.56
305.5075,11933256.0,25448.0,33510.0,0.963,-4.444,0.6841,0.9687,1.9017,28.71,1.605,31.56
305.5234,11928420.0,25306.0,32845.0,0.963,-4.444,0.7658,0.4053,0.9593,30.3,1.605,31.56
305.5234,11930035.0,25399.0,34534.0,0.963,-4.444,0.7385,0.7743,1.5745,30.11,1.605,31.56
305.5234,11931045.0,25356.0,34411.0,0.963,-4.444,0.7215,0.6037,1.2901,30.59,1.605,31.56
305.561,11932256.0,25397.0,33948.0,0.963,-4.444,0.701,0.7664,1.5613,30.13,1.605,31.56
305.561,11936359.0,25324.0,34423.0,0.963,-4.444,0.6318,0.4768,1.0783,30.72,1.605,31.56
305.561,11932410.0,25329.0,34614.0,0.963,-4.444,0.6984,0.4966,1.1114,31.18,1.605,31.56
305.5866,11933689.0,25343.0,34170.0,0.775,-4.072,0.6768,0.5521,1.204,31.26,1.2917,31.93
305.5866,11935268.0,25393.0,33879.0,0.775,-4.072,0.6502,0.7505,1.5348,30.33,1.2917,31.93
305.5866,11935974.0,25339.0,34210.0,0.775,-4.072,0.6383,0.5363,1.1776,30.7,1.2917,31.93
305.6186,11938044.0,25305.0,35182.0,0.775,-4.072,0.6034,0.4014,0.9526,31.19,1.2917,31.93
305.6186,11937737.0,25396.0,34937.0,0.775,-4.072,0.6086,0.7624,1.5547,29.96,1.2917,31.93
305.6186,11939614.0,25342.0,34821.0,0.775,-4.072,0.5769,0.5482,1.1974,30.28,1.2917,31.93
305.6543,11940366.0,25388.0,34824.0,0.775,-4.072,0.5643,0.7307,1.5018,29.33,1.2917,31.93
305.6543,11941079.0,25323.0,34290.0,0.775,-4.072,0.5523,0.4728,1.0717,30.05,1.2917,31.93
305.6543,11941573.0,25321.0,35310.0,0.775,-4.072,0.5439,0.4648,1.0585,30.49,1.2917,31.93
305.6816,11943103.0,25329.0,35157.0,0.619,-3.759,0.5182,0.4966,1.1114,30.57,1.0317,32.24
305.6816,11944549.0,25306.0,33842.0,0.619,-3.759,0.4938,0.4053,0.9593,30.84,1.0317,32.24
305.6816,11944337.0,25321.0,35954.0,0.619,-3.759,0.4974,0.4648,1.0585,30.84,1.0317,32.24
305.7154,11943961.0,25361.0,35930.0,0.619,-3.759,0.5037,0.6236,1.3231,30.0,1.0317,32.24
305.7154,11946204.0,25374.0,34210.0,0.619,-3.759,0.466,0.6751,1.4091,28.87,1.0317,32.24
305.7154,11944736.0,25279.0,34729.0,0.619,-3.759,0.4907,0.2982,0.7806,30.09,1.0317,32.24
305.7464,11946161.0,25311.0,34486.0,0.619,-3.759,0.4667,0.4252,0.9923,30.43,1.0317,32.24
305.7464,11948051.0,25330.0,33668.0,0.619,-3.759,0.4349,0.5006,1.118,30.1,1.0317,32.24
305.7464,11947312.0,25286.0,35225.0,0.619,-3.759,0.4474,0.326,0.8269,30.65,1.0317,32.24
305.7772,11949240.0,25256.0,34209.0,0.619,-3.759,0.415,0.207,0.6285,31.21,1.0317,32.24
305.7772,11948166.0,25346.0,33306.0,0.619,-3.759,0.433,0.564,1.2239,30.17,1.0317,32.24
305.7772,11950244.0,25309.0,33651.0,0.619,-3.759,0.3981,0.4172,0.9791,30.2,1.0317,32.24
305.7944,11949461.0,25257.0,33558.0,0.481,-3.453,0.4112,0.2109,0.6351,30.92,0.8017,32.55
305.7944,11950811.0,25280.0,33727.0,0.481,-3.453,0.3886,0.3022,0.7872,31.06,0.8017,32.55
305.7944,11953460.0,25239.0,34924.0,0.481,-3.453,0.3441,0.1395,0.516,31.46,0.8017,32.55
305.8249,11954894.0,25319.0,35288.0,0.481,-3.453,0.32,0.4569,1.0453,30.31,0.8017,32.55
305.8249,11953522.0,25257.0,34684.0,0.481,-3.453,0.343,0.2109,0.6351,30.83,0.8017,32.55
305.8249,11954894.0,25278.0,33653.0,0.481,-3.453,0.32,0.2942,0.774,30.84,0.8017,32.55
305.8609,11953261.0,25245.0,33849.0,0.481,-3.453,0.3474,0.1633,0.5557,31.28,0.8017,32.55
305.8609,11955261.0,25253.0,35397.0,0.481,-3.453,0.3138,0.195,0.6086,31.38,0.8017,32.55
305.8609,11957783.0,25209.0,33128.0,0.481,-3.453,0.2715,0.0205,0.3232,31.75,0.8017,32.55
305.8897,11955421.0,25278.0,33598.0,0.481,-3.453,0.3111,0.2942,0.774,31.35,0.8017,32.55
305.8897,11957181.0,25228.0,35097.0,0.481,-3.453,0.2816,0.0959,0.4435,31.6,0.8017,32.55
305.8897,11956804.0,25213.0,35375.0,0.481,-3.453,0.2879,0.0363,0.3483,31.89,0.8017,32.55
305.9201,11957999.0,25307.0,34318.0,0.362,-3.122,0.2679,0.4093,0.9659,30.55,0.6033,32.88
305.9201,11959762.0,25256.0,34081.0,0.362,-3.122,0.2383,0.207,0.6285,30.71,0.6033,32.88
305.9201,11956177.0,25261.0,33387.0,0.362,-3.122,0.2985,0.2268,0.6615,30.91,0.6033,32.88
305.9557,11959233.0,25235.0,33122.0,0.362,-3.122,0.2472,0.1236,0.4895,31.18,0.6033,32.88
305.9557,11960767.0,25222.0,34573.0,0.362,-3.122,0.2215,0.0721,0.4048,31.42,0.6033,32.88
305.9557,11959735.0,25230.0,33041.0,0.362,-3.122,0.2388,0.1038,0.4566,31.52,0.6033,32.88
305.9852,11962219.0,25285.0,33910.0,0.362,-3.122,0.1972,0.322,0.8203,30.46,0.6033,32.88
305.9852,11960900.0,25250.0,34474.0,0.362,-3.122,0.2193,0.1831,0.5888,30.68,0.6033,32.88
305.9852,11961814.0,25249.0,34329.0,0.362,-3.122,0.204,0.1792,0.5821,30.77,0.6033,32.88
306.0161,11962626.0,25284.0,34622.0,0.256,-2.806,0.1904,0.318,0.8137,29.99,0.4267,33.19
306.0161,11963494.0,25209.0,34322.0,0.256,-2.806,0.1758,0.0205,0.3232,30.72,0.4267,33.19
306.0161,11965217.0,25205.0,34310.0,0.256,-2.806,0.147,0.0046,0.2983,31.13,0.4267,33.19
306.0491,11964720.0,25297.0,34980.0,0.256,-2.806,0.1553,0.3696,0.8997,29.57,0.4267,33.19
306.0491,11964926.0,25225.0,33364.0,0.256,-2.806,0.1518,0.084,0.4238,30.25,0.4267,33.19
306.0491,11964772.0,25263.0,35166.0,0.256,-2.806,0.1544,0.2347,0.6748,29.97,0.4267,33.19
306.0751,11966261.0,25192.0,33392.0,0.256,-2.806,0.1295,-0.047,0.2178,30.76,0.4267,33.19
306.0751,11965275.0,25249.0,34121.0,0.256,-2.806,0.146,0.1792,0.5821,30.54,0.4267,33.19
306.0751,11968075.0,25176.0,34967.0,0.256,-2.806,0.0991,-0.1105,0.1246,31.16,0.4267,33.19
306.0954,11965560.0,25208.0,35185.0,0.256,-2.806,0.1412,0.0165,0.317,31.35,0.4267,33.19
306.0954,11968037.0,25293.0,33205.0,0.256,-2.806,0.0998,0.3538,0.8732,29.42,0.4267,33.19
306.0954,11966014.0,25195.0,35331.0,0.256,-2.806,0.1336,-0.0351,0.236,30.41,0.4267,33.19
306.1275,11966939.0,25188.0,33645.0,0.169,-2.516,0.1181,-0.0628,0.1935,31.03,0.2817,33.48
306.1275,11966878.0,25216.0,36801.0,0.169,-2.516,0.1192,0.0482,0.3671,31.14,0.2817,33.48
306.1275,11973167.0,25241.0,33491.0,0.169,-2.516,0.014,0.1474,0.5292,30.21,0.2817,33.48
306.1593,11969755.0,25207.0,34145.0,0.169,-2.516,0.071,0.0125,0.3108,30.61,0.2817,33.48
306.1593,11969217.0,25211.0,33274.0,0.169,-2.516,0.08,0.0284,0.3357,30.83,0.2817,33.48
306.1593,11968977.0,25173.0,34726.0,0.169,-2.516,0.0841,-0.1224,0.1081,31.33,0.2817,33.48
306.1905,11968999.0,25160.0,34007.0,0.169,-2.516,0.0837,-0.1739,0.0363,31.71,0.2817,33.48
306.1905,11969710.0,25193.0,33817.0,0.169,-2.516,0.0718,-0.043,0.2239,31.66,0.2817,33.48
306.1905,11970630.0,25199.0,34585.0,0.169,-2.516,0.0564,-0.0192,0.2609,31.53,0.2817,33.48
306.2227,11971170.0,25185.0,33256.0,0.169,-2.516,0.0474,-0.0748,0.1754,31.56,0.2817,33.48
306.2227,11971898.0,25163.0,34380.0,0.169,-2.516,0.0352,-0.162,0.0529,31.74,0.2817,33.48
306.2227,11974543.0,25224.0,33365.0,0.169,-2.516,-0.009,0.08,0.4174,30.85,0.2817,33.48
306.2609,11974007.0,25217.0,34021.0,0.097,-2.222,-0.0,0.0522,0.3734,30.52,0.1617,33.78
306.2609,11972540.0,25184.0,34208.0,0.097,-2.222,0.0245,-0.0787,0.1696,30.91,0.1617,33.78
306.2609,11973129.0,25143.0,33780.0,0.097,-2.222,0.0147,-0.2414,0.0,31.45,0.1617,33.78
306.2748,11973117.0,25197.0,34070.0,0.097,-2.222,0.0149,-0.0271,0.2484,31.31,0.1617,33.78
306.2748,11972241.0,25178.0,34128.0,0.097,-2.222,0.0295,-0.1025,0.1357,31.45,0.1617,33.78
306.2748,11974151.0,25209.0,34307.0,0.097,-2.222,-0.0024,0.0205,0.3232,31.02,0.1617,33.78
306.321,11972540.0,25193.0,35004.0,0.097,-2.222,0.0245,-0.043,0.2239,31.13,0.1617,33.78
306.321,11975489.0,25223.0,34058.0,0.097,-2.222,-0.0248,0.076,0.4111,30.42,0.1617,33.78
306.321,11974264.0,25159.0,34621.0,0.097,-2.222,-0.0043,-0.1779,0.0308,31.0,0.1617,33.78
306.3379,11973934.0,25198.0,33975.0,0.044,-1.95,0.0012,-0.0232,0.2546,30.98,0.0733,34.05
306.3379,11973167.0,25218.0,33982.0,0.044,-1.95,0.014,0.0562,0.3797,30.65,0.0733,34.05
306.3379,11979764.0,25148.0,34570.0,0.044,-1.95,-0.0961,-0.2216,0.0,31.01,0.0733,34.05
306.3777,11973829.0,25228.0,33710.0,0.044,-1.95,0.003,0.0959,0.4435,30.39,0.0733,34.05
306.3777,11976138.0,25190.0,34397.0,0.044,-1.95,-0.0356,-0.0549,0.2057,30.59,0.0733,34.05
306.3777,11974816.0,25219.0,33772.0,0.044,-1.95,-0.0135,0.0601,0.386,30.25,0.0733,34.05
306.3969,11974659.0,25208.0,34682.0,0.044,-1.95,-0.0109,0.0165,0.317,30.28,0.0733,34.05
306.3969,11974086.0,25184.0,34912.0,0.044,-1.95,-0.0013,-0.0787,0.1696,30.7,0.0733,34.05
306.3969,11975092.0,25148.0,34604.0,0.044,-1.95,-0.0181,-0.2216,0.0,31.22,0.0733,34.05
306.4289,11976408.0,25140.0,33917.0,0.044,-1.95,-0.0401,-0.2533,0.0,31.55,0.0733,34.05
306.4289,11976389.0,25161.0,34071.0,0.044,-1.95,-0.0398,-0.17,0.0418,31.57,0.0733,34.05
306.4289,11977042.0,25190.0,34411.0,0.044,-1.95,-0.0507,-0.0549,0.2057,31.23,0.0733,34.05
306.4594,11979017.0,25212.0,35107.0,0.013,-1.7,-0.0836,0.0324,0.342,30.38,0.0217,34.3
306.4594,11976614.0,25204.0,33762.0,0.013,-1.7,-0.0435,0.0006,0.292,30.28,0.0217,34.3
306.4594,11975730.0,25168.0,33471.0,0.013,-1.7,-0.0288,-0.1422,0.0805,30.78,0.0217,34.3
306.4905,11974901.0,25128.0,33267.0,0.013,-1.7,-0.0149,-0.3009,0.0,31.41,0.0217,34.3
306.4905,11977784.0,25218.0,33808.0,0.013,-1.7,-0.0631,0.0562,0.3797,30.47,0.0217,34.3
306.4905,11977277.0,25132.0,33817.0,0.013,-1.7,-0.0546,-0.285,0.0,31.13,0.0217,34.3
306.5251,11975979.0,25181.0,33516.0,0.013,-1.7,-0.0329,-0.0906,0.1522,31.16,0.0217,34.3
306.5251,11975001.0,25175.0,34809.0,0.013,-1.7,-0.0166,-0.1144,0.1191,31.27,0.0217,34.3
306.5251,11977435.0,25192.0,35259.0,0.013,-1.7,-0.0572,-0.047,0.2178,30.97,0.0217,34.3
306.5548,11977042.0,25199.0,34305.0,0.013,-1.7,-0.0507,-0.0192,0.2609,30.69,0.0217,34.3
306.5548,11977435.0,25203.0,34832.0,0.013,-1.7,-0.0572,-0.0033,0.2858,30.41,0.0217,34.3
306.5548,11978241.0,25189.0,34056.0,0.013,-1.7,-0.0707,-0.0589,0.1996,30.45,0.0217,34.3
306.5697,11976448.0,25171.0,34689.0,0.0,-1.462,-0.0408,-0.1303,0.0971,30.82,0.0,34.54
306.5697,11977696.0,25190.0,34585.0,0.0,-1.462,-0.0616,-0.0549,0.2057,30.72,0.0,34.54
306.5697,11977435.0,25120.0,34102.0,0.0,-1.462,-0.0572,-0.3326,0.0,31.35,0.0,34.54
306.6195,11977996.0,25155.0,34616.0,0.0,-1.462,-0.0666,-0.1938,0.0087,31.44,0.0,34.54
306.6195,11979269.0,25123.0,35173.0,0.0,-1.462,-0.0878,-0.3207,0.0,31.71,0.0,34.54
306.6195,11975643.0,25178.0,34554.0,0.0,-1.462,-0.0273,-0.1025,0.1357,31.55,0.0,34.54
306.6415,11975640.0,25146.0,34434.0,0.0,-1.462,-0.0273,-0.2295,0.0,31.73,0.0,34.54
306.6441,11976728.0,25207.0,33175.0,0.0,-1.462,-0.0454,0.0125,0.3108,31.01,0.0,34.54
306.6459,11976575.0,25208.0,34861.0,0.0,-1.462,-0.0429,0.0165,0.317,30.57,0.0,34.54
306.6689,11977435.0,25167.0,34502.0,0.0,-1.462,-0.0572,-0.1462,0.075,30.89,0.0,34.54
306.6689,11976986.0,25215.0,35393.0,0.0,-1.462,-0.0498,0.0443,0.3609,30.31,0.0,34.54
306.6689,11976033.0,25157.0,35345.0,0.0,-1.462,-0.0338,-0.1858,0.0197,30.88,0.0,34.54
306.6969,11975902.0,25195.0,34462.0,0.0,-1.244,-0.0317,-0.0351,0.236,30.81,0.0,34.76
306.6969,11976845.0,25187.0,33438.0,0.0,-1.244,-0.0474,-0.0668,0.1875,30.84,0.0,34.76
306.6969,11978177.0,25204.0,33606.0,0.0,-1.244,-0.0696,0.0006,0.292,30.41,0.0,34.76
306.7353,11976614.0,25147.0,33958.0,0.0,-1.244,-0.0435,-0.2255,0.0,31.0,0.0,34.76
306.7353,11975300.0,25138.0,33408.0,0.0,-1.244,-0.0216,-0.2612,0.0,31.47,0.0,34.76
306.7353,11976128.0,25144.0,33148.0,0.0,-1.244,-0.0354,-0.2374,0.0,31.68,0.0,34.76
306.7596,11976528.0,25174.0,34226.0,0.0,-1.244,-0.0421,-0.1184,0.1136,31.53,0.0,34.76
306.7596,11976207.0,25204.0,33252.0,0.0,-1.244,-0.0367,0.0006,0.292,31.0,0.0,34.76
306.7596,11974816.0,25170.0,33307.0,0.0,-1.244,-0.0135,-0.1343,0.0916,31.23,0.0,34.76
306.7908,11976469.0,25178.0,34002.0,0.0,-1.041,-0.0411,-0.1025,0.1357,31.22,0.0,34.96
306.7908,11976321.0,25179.0,33837.0,0.0,-1.041,-0.0387,-0.0986,0.1412,31.22,0.0,34.96
306.7908,11979075.0,25173.0,35449.0,0.0,-1.041,-0.0846,-0.1224,0.1081,31.14,0.0,34.96
306.8225,11975115.0,25206.0,33266.0,0.0,-1.041,-0.0185,0.0086,0.3045,30.82,0.0,34.96
306.8225,11979042.0,25205.0,33960.0,0.0,-1.041,-0.0841,0.0046,0.2983,30.3,0.0,34.96
306.8225,11975411.0,25125.0,33194.0,0.0,-1.041,-0.0235,-0.3128,0.0,31.12,0.0,34.96
306.848,11975823.0,25199.0,34060.0,0.0,-1.041,-0.0303,-0.0192,0.2609,30.88,0.0,34.96
306.848,11976682.0,25226.0,33801.0,0.0,-1.041,-0.0447,0.0879,0.4304,30.07,0.0,34.96
306.848,11974292.0,25172.0,33292.0,0.0,-1.041,-0.0048,-0.1263,0.1026,30.68,0.0,34.96
306.8729,11978318.0,25211.0,34229.0,0.0,-1.041,-0.072,0.0284,0.3357,30.15,0.0,34.96
306.8729,11975979.0,25211.0,34294.0,0.0,-1.041,-0.0329,0.0284,0.3357,30.05,0.0,34.96
306.8729,11975957.0,25169.0,32975.0,0.0,-1.041,-0.0326,-0.1382,0.086,30.62,0.0,34.96
306.9205,11975227.0,25144.0,35063.0,0.0,-0.847,-0.0204,-0.2374,0.0,31.2,0.0,35.15
306.9205,11976691.0,25151.0,33693.0,0.0,-0.847,-0.0448,-0.2097,0.0,31.44,0.0,35.15
306.9205,11976858.0,25208.0,33831.0,0.0,-0.847,-0.0476,0.0165,0.317,30.81,0.0,35.15
306.9342,11976614.0,25205.0,33960.0,0.0,-0.847,-0.0435,0.0046,0.2983,30.51,0.0,35.15
306.9342,11975357.0,25200.0,33127.0,0.0,-0.847,-0.0226,-0.0152,0.2671,30.54,0.0,35.15
306.9342,11976351.0,25212.0,34607.0,0.0,-0.847,-0.0392,0.0324,0.342,30.23,0.0,35.15
306.972,11975777.0,25102.0,33616.0,0.0,-0.847,-0.0296,-0.4041,0.0,31.22,0.0,35.15
306.972,11976207.0,25207.0,33464.0,0.0,-0.847,-0.0367,0.0125,0.3108,30.75,0.0,35.15
306.972,11980383.0,25166.0,34306.0,0.0,-0.847,-0.1064,-0.1501,0.0695,30.87,0.0,35.15
306.9981,11975101.0,25161.0,34174.0,0.0,-0.847,-0.0183,-0.17,0.0418,31.22,0.0,35.15
306.9981,11974242.0,25172.0,35128.0,0.0,-0.847,-0.0039,-0.1263,0.1026,31.37,0.0,35.15
306.9981,11976071.0,25161.0,34897.0,0.0,-0.847,-0.0345,-0.17,0.0418,31.48,0.0,35.15
307.0381,11973781.0,25209.0,34570.0,0.0,-0.678,0.0038,0.0205,0.3232,31.07,0.0,35.32
307.0381,11976088.0,25238.0,34849.0,0.0,-0.678,-0.0348,0.1355,0.5094,29.91,0.0,35.32
307.0381,11975302.0,25165.0,33882.0,0.0,-0.678,-0.0216,-0.1541,0.0639,30.6,0.0,35.32
307.0612,11974548.0,25195.0,34491.0,0.0,-0.678,-0.009,-0.0351,0.236,30.75,0.0,35.32
307.0612,11974993.0,25130.0,34404.0,0.0,-0.678,-0.0165,-0.293,0.0,31.37,0.0,35.32
307.0612,11975597.0,25145.0,35105.0,0.0,-0.678,-0.0266,-0.2335,0.0,31.63,0.0,35.32
307.0931,11976046.0,25200.0,35880.0,0.0,-0.678,-0.0341,-0.0152,0.2671,31.15,0.0,35.32
307.0931,11975345.0,25167.0,35813.0,0.0,-0.678,-0.0224,-0.1462,0.075,31.32,0.0,35.32
307.0931,11974626.0,25139.0,34569.0,0.0,-0.678,-0.0104,-0.2573,0.0,31.68,0.0,35.32
307.1273,11976046.0,25119.0,33220.0,0.0,-0.537,-0.0341,-0.3366,0.0,31.97,0.0,35.46
307.1273,11976448.0,25158.0,34482.0,0.0,-0.537,-0.0408,-0.1819,0.0253,31.85,0.0,35.46
307.1273,11975017.0,25182.0,34601.0,0.0,-0.537,-0.0169,-0.0867,0.1578,31.62,0.0,35.46
307.1569,11975081.0,25176.0,33881.0,0.0,-0.537,-0.018,-0.1105,0.1246,31.54,0.0,35.46
307.1569,11974398.0,25196.0,34998.0,0.0,-0.537,-0.0065,-0.0311,0.2422,31.3,0.0,35.46
307.1569,11977111.0,25214.0,33915.0,0.0,-0.537,-0.0518,0.0403,0.3546,30.57,0.0,35.46
307.1888,11975345.0,25170.0,35294.0,0.0,-0.537,-0.0224,-0.1343,0.0916,30.95,0.0,35.46
307.1888,11975501.0,25182.0,35268.0,0.0,-0.537,-0.025,-0.0867,0.1578,31.06,0.0,35.46
307.1937,11981565.0,25200.0,35584.0,0.0,-0.537,-0.1261,-0.0152,0.2671,30.31,0.0,35.46
307.2048,11975270.0,25142.0,35055.0,0.0,-0.537,-0.0211,-0.2454,0.0,31.03,0.0,35.46
307.2048,11974959.0,25164.0,34114.0,0.0,-0.537,-0.0159,-0.1581,0.0584,31.29,0.0,35.46
307.2048,11974912.0,25141.0,34904.0,0.0,-0.537,-0.0151,-0.2493,0.0,31.63,0.0,35.46
307.2369,11977645.0,25091.0,36189.0,0.0,-0.537,-0.0608,-0.4477,0.0,32.08,0.0,35.46
307.2369,11972881.0,25184.0,34105.0,0.0,-0.537,0.0188,-0.0787,0.1696,31.83,0.0,35.46
307.2369,11975302.0,25229.0,35635.0,0.0,-0.537,-0.0216,0.0998,0.45,30.71,0.0,35.46
307.2726,11975686.0,25194.0,33929.0,0.0,-0.384,-0.0281,-0.039,0.23,30.75,0.0,35.62
307.2726,11974816.0,25146.0,35200.0,0.0,-0.384,-0.0135,-0.2295,0.0,31.27,0.0,35.62
307.2726,11974686.0,25163.0,35315.0,0.0,-0.384,-0.0114,-0.162,0.0529,31.46,0.0,35.62
307.3039,11975546.0,25150.0,35089.0,0.0,-0.384,-0.0257,-0.2136,0.0,31.65,0.0,35.62
307.3039,11975345.0,25164.0,35742.0,0.0,-0.384,-0.0224,-0.1581,0.0584,31.65,0.0,35.62
307.3039,11973746.0,25170.0,34791.0,0.0,-0.384,0.0043,-0.1343,0.0916,31.66,0.0,35.62
307.3351,11975305.0,25147.0,34877.0,0.0,-0.384,-0.0217,-0.2255,0.0,31.8,0.0,35.62
307.3351,11975394.0,25214.0,35067.0,0.0,-0.384,-0.0232,0.0403,0.3546,31.03,0.0,35.62
307.3351,11974222.0,25160.0,34141.0,0.0,-0.384,-0.0036,-0.1739,0.0363,31.36,0.0,35.62
307.3643,11974710.0,25128.0,34643.0,0.0,-0.275,-0.0118,-0.3009,0.0,31.76,0.0,35.73
307.3643,11975172.0,25128.0,34965.0,0.0,-0.275,-0.0195,-0.3009,0.0,31.99,0.0,35.73
307.3643,11975194.0,25201.0,34074.0,0.0,-0.275,-0.0198,-0.0113,0.2733,31.42,0.0,35.73
307.3919,11975232.0,25231.0,34621.0,0.0,-0.275,-0.0205,0.1078,0.4631,30.42,0.0,35.73
307.3919,11974981.0,25259.0,35529.0,0.0,-0.275,-0.0163,0.2189,0.6483,29.03,0.0,35.73
307.3919,11974816.0,25150.0,34864.0,0.0,-0.275,-0.0135,-0.2136,0.0,30.22,0.0,35.73
307.4281,11975377.0,25239.0,35324.0,0.0,-0.275,-0.0229,0.1395,0.516,29.46,0.0,35.73
307.4281,11974605.0,25160.0,35005.0,0.0,-0.275,-0.01,-0.1739,0.0363,30.4,0.0,35.73
307.4281,11974910.0,25128.0,35616.0,0.0,-0.275,-0.0151,-0.3009,0.0,31.18,0.0,35.73
307.4493,11974532.0,25141.0,34961.0,0.0,-0.275,-0.0088,-0.2493,0.0,31.58,0.0,35.73
307.4493,11975394.0,25161.0,35659.0,0.0,-0.275,-0.0232,-0.17,0.0418,31.63,0.0,35.73
307.4493,11974816.0,25203.0,34728.0,0.0,-0.275,-0.0135,-0.0033,0.2858,31.2,0.0,35.73
307.4786,11974163.0,25164.0,35239.0,0.0,-0.181,-0.0026,-0.1581,0.0584,31.43,0.0,35.82
307.4786,11974901.0,25166.0,34104.0,0.0,-0.181,-0.0149,-0.1501,0.0695,31.52,0.0,35.82
307.4786,11974570.0,25166.0,33718.0,0.0,-0.181,-0.0094,-0.1501,0.0695,31.58,0.0,35.82
307.5078,11975257.0,25145.0,33951.0,0.0,-0.181,-0.0209,-0.2335,0.0,31.77,0.0,35.82
307.5078,11974076.0,25167.0,33483.0,0.0,-0.181,-0.0012,-0.1462,0.075,31.75,0.0,35.82
307.5078,11974755.0,25118.0,33649.0,0.0,-0.181,-0.0125,-0.3406,0.0,32.06,0.0,35.82
307.5399,11973167.0,25099.0,35536.0,0.0,-0.181,0.014,-0.416,0.0,32.41,0.0,35.82
307.5399,11972957.0,25198.0,34289.0,0.0,-0.181,0.0175,-0.0232,0.2546,31.88,0.0,35.82
307.5399,11973730.0,25203.0,34405.0,0.0,-0.181,0.0046,-0.0033,0.2858,31.44,0.0,35.82
307.5734,11979994.0,25187.0,34441.0,0.0,-0.181,-0.0999,-0.0668,0.1875,30.95,0.0,35.82
307.5734,11973781.0,25069.0,35166.0,0.0,-0.181,0.0038,-0.535,0.0,31.91,0.0,35.82
307.5734,11973660.0,25116.0,36289.0,0.0,-0.181,0.0058,-0.3485,0.0,32.2,0.0,35.82
307.6039,11973645.0,25241.0,35646.0,0.0,-0.109,0.006,0.1474,0.5292,30.79,0.0,35.89
307.6039,11973613.0,25204.0,36419.0,0.0,-0.109,0.0066,0.0006,0.292,30.77,0.0,35.89
307.6039,11977435.0,25128.0,36076.0,0.0,-0.109,-0.0572,-0.3009,0.0,31.33,0.0,35.89
307.6367,11973841.0,25185.0,35073.0,0.0,-0.109,0.0028,-0.0748,0.1754,31.33,0.0,35.89
307.6367,11974548.0,25183.0,34595.0,0.0,-0.109,-0.009,-0.0827,0.1637,31.33,0.0,35.89
307.6367,11975876.0,25187.0,35444.0,0.0,-0.109,-0.0312,-0.0668,0.1875,31.21,0.0,35.89
307.6674,11973129.0,25174.0,35262.0,0.0,-0.109,0.0147,-0.1184,0.1136,31.39,0.0,35.89
307.6674,11976752.0,25209.0,34511.0,0.0,-0.109,-0.0458,0.0205,0.3232,30.77,0.0,35.89
307.6711,11974710.0,25150.0,34718.0,0.0,-0.109,-0.0118,-0.2136,0.0,31.26,0.0,35.89
307.6993,11973501.0,25184.0,35034.0,0.0,-0.053,0.0084,-0.0787,0.1696,31.32,0.0,35.95
307.6993,11974816.0,25166.0,34183.0,0.0,-0.053,-0.0135,-0.1501,0.0695,31.45,0.0,35.95
307.6993,11975270.0,25171.0,34597.0,0.0,-0.053,-0.0211,-0.1303,0.0971,31.47,0.0,35.95
307.7198,11975394.0,25180.0,34942.0,0.0,-0.053,-0.0232,-0.0946,0.1467,31.4,0.0,35.95
307.7198,11972881.0,25193.0,35057.0,0.0,-0.053,0.0188,-0.043,0.2239,31.34,0.0,35.95
307.7198,11975763.0,25179.0,35743.0,0.0,-0.053,-0.0293,-0.0986,0.1412,31.31,0.0,35.95
307.7467,11976791.0,25151.0,35184.0,0.0,-0.053,-0.0465,-0.2097,0.0,31.5,0.0,35.95
307.7467,11976088.0,25179.0,35212.0,0.0,-0.053,-0.0348,-0.0986,0.1412,31.4,0.0,35.95
307.7467,11974989.0,25157.0,34900.0,0.0,-0.053,-0.0164,-0.1858,0.0197,31.57,0.0,35.95
307.7873,11978097.0,25141.0,34527.0,0.0,-0.053,-0.0683,-0.2493,0.0,31.69,0.0,35.95
307.7873,11974417.0,25211.0,35893.0,0.0,-0.053,-0.0069,0.0284,0.3357,31.11,0.0,35.95
307.7873,11975103.0,25144.0,34430.0,0.0,-0.053,-0.0183,-0.2374,0.0,31.5,0.0,35.95
307.8103,11975107.0,25175.0,34553.0,0.0,-0.016,-0.0184,-0.1144,0.1191,31.47,0.0,35.98
307.8103,11975115.0,25217.0,34460.0,0.0,-0.016,-0.0185,0.0522,0.3734,30.79,0.0,35.98
307.8103,11973507.0,25146.0,34275.0,0.0,-0.016,0.0083,-0.2295,0.0,31.35,0.0,35.98
307.8421,11974491.0,25194.0,34808.0,0.0,-0.016,-0.0081,-0.039,0.23,31.21,0.0,35.98
307.8421,11975153.0,25225.0,33777.0,0.0,-0.016,-0.0192,0.084,0.4238,30.46,0.0,35.98
307.8421,11975172.0,25177.0,34856.0,0.0,-0.016,-0.0195,-0.1065,0.1302,30.83,0.0,35.98
307.8744,11972972.0,25127.0,34998.0,0.0,-0.016,0.0173,-0.3049,0.0,31.5,0.0,35.98
307.8744,11972793.0,25153.0,35023.0,0.0,-0.016,0.0203,-0.2017,0.0,31.75,0.0,35.98
307.8744,11973441.0,25197.0,35054.0,0.0,-0.016,0.0094,-0.0271,0.2484,31.47,0.0,35.98
307.9057,11974879.0,25183.0,35715.0,0.0,-0.016,-0.0146,-0.0827,0.1637,31.39,0.0,35.98
307.9057,11974403.0,25200.0,34473.0,0.0,-0.016,-0.0066,-0.0152,0.2671,31.14,0.0,35.98
307.9057,11976936.0,25182.0,35246.0,0.0,-0.016,-0.0489,-0.0867,0.1578,31.11,0.0,35.98
307.938,11974816.0,25165.0,33952.0,0.0,-0.003,-0.0135,-0.1541,0.0639,31.34,0.0,36.0
307.938,11975345.0,25223.0,35459.0,0.0,-0.003,-0.0224,0.076,0.4111,30.56,0.0,36.0
307.938,11975178.0,25170.0,34165.0,0.0,-0.003,-0.0196,-0.1343,0.0916,30.95,0.0,36.0
307.9594,11977054.0,25210.0,35409.0,0.0,-0.003,-0.0509,0.0244,0.3295,30.45,0.0,36.0
307.9594,11974709.0,25155.0,34443.0,0.0,-0.003,-0.0117,-0.1938,0.0087,31.03,0.0,36.0
307.9594,11972363.0,25105.0,34160.0,0.0,-0.003,0.0275,-0.3922,0.0,31.78,0.0,36.0
307.9857,11976752.0,25194.0,34885.0,0.0,-0.003,-0.0458,-0.039,0.23,31.3,0.0,36.0
307.9857,11976019.0,25169.0,33531.0,0.0,-0.003,-0.0336,-0.1382,0.086,31.37,0.0,36.0
307.9857,11974671.0,25182.0,35617.0,0.0,-0.003,-0.0111,-0.0867,0.1578,31.35,0.0,36.0
308.0213,11974717.0,25142.0,34133.0,0.0,0.0,-0.0119,-0.2454,0.0,31.67,0.0,36.0
308.0213,11973738.0,25117.0,34820.0,0.0,0.0,0.0045,-0.3446,0.0,32.05,0.0,36.0
308.0213,11976207.0,25172.0,35254.0,0.0,0.0,-0.0367,-0.1263,0.1026,31.78,0.0,36.0
308.0513,11974269.0,25221.0,33716.0,0.0,0.0,-0.0044,0.0681,0.3986,30.97,0.0,36.0
308.0513,11973248.0,25200.0,34585.0,0.0,0.0,0.0127,-0.0152,0.2671,30.98,0.0,36.0
308.0513,11975902.0,25170.0,34717.0,0.0,0.0,-0.0317,-0.1343,0.0916,31.17,0.0,36.0
308.0916,11974681.0,25194.0,34429.0,0.0,0.0,-0.0113,-0.039,0.23,31.1,0.0,36.0
308.0916,11976887.0,25217.0,34712.0,0.0,0.0,-0.0481,0.0522,0.3734,30.4,0.0,36.0
308.0916,11973175.0,25177.0,34347.0,0.0,0.0,0.0139,-0.1065,0.1302,30.88,0.0,36.0
308.1124,11974688.0,25193.0,34841.0,0.0,0.0,-0.0114,-0.043,0.2239,30.93,0.0,36.0
308.1124,11974567.0,25180.0,34281.0,0.0,0.0,-0.0094,-0.0946,0.1467,31.11,0.0,36.0
308.1124,11975172.0,25191.0,33497.0,0.0,0.0,-0.0195,-0.0509,0.2117,31.07,0.0,36.0
308.147,11978751.0,25212.0,35643.0,0.0,0.0,-0.0792,0.0324,0.342,30.32,0.0,36.0
308.147,11973441.0,25149.0,34134.0,0.0,0.0,0.0094,-0.2176,0.0,31.04,0.0,36.0
308.147,11973613.0,25132.0,36012.0,0.0,0.0,0.0066,-0.285,0.0,31.58,0.0,36.0
308.1746,11973823.0,25165.0,35554.0,0.0,0.0,0.0031,-0.1541,0.0639,31.66,0.0,36.0
308.1746,11973136.0,25109.0,34697.0,0.0,0.0,0.0145,-0.3763,0.0,32.11,0.0,36.0
308.1746,11973640.0,25141.0,34251.0,0.0,0.0,0.0061,-0.2493,0.0,32.17,0.0,36.0
308.2064,11975656.0,25214.0,33367.0,0.0,0.0,-0.0276,0.0403,0.3546,31.22,0.0,36.0
308.2064,11973749.0,25127.0,34517.0,0.0,0.0,0.0043,-0.3049,0.0,31.72,0.0,36.0
308.2064,11974745.0,25170.0,34824.0,0.0,0.0,-0.0123,-0.1343,0.0916,31.66,0.0,36.0
308.2382,11974626.0,25208.0,33724.0,0.0,0.0,-0.0104,0.0165,0.317,31.13,0.0,36.0
308.2382,11976113.0,25224.0,35469.0,0.0,0.0,-0.0352,0.08,0.4174,30.34,0.0,36.0
308.2382,11975724.0,25103.0,33819.0,0.0,0.0,-0.0287,-0.4001,0.0,31.28,0.0,36.0
308.2556,11974602.0,25202.0,33333.0,0.0,0.0,-0.01,-0.0073,0.2796,31.02,0.0,36.0
308.2556,11973354.0,25175.0,34284.0,0.0,0.0,0.0109,-0.1144,0.1191,31.26,0.0,36.0
308.2556,11974292.0,25188.0,34605.0,0.0,0.0,-0.0048,-0.0628,0.1935,31.24,0.0,36.0
308.2861,11974816.0,25143.0,34348.0,0.0,0.0,-0.0135,-0.2414,0.0,31.59,0.0,36.0
308.2861,11979125.0,25151.0,34709.0,0.0,0.0,-0.0854,-0.2097,0.0,31.57,0.0,36.0
308.2861,11975345.0,25202.0,35174.0,0.0,0.0,-0.0224,-0.0073,0.2796,31.14,0.0,36.0
308.3174,11974252.0,25165.0,34695.0,0.0,0.0,-0.0041,-0.1541,0.0639,31.38,0.0,36.0
308.3174,11974412.0,25216.0,34500.0,0.0,0.0,-0.0068,0.0482,0.3671,30.82,0.0,36.0
308.3174,11975501.0,25228.0,34168.0,0.0,0.0,-0.025,0.0959,0.4435,30.11,0.0,36.0
308.3515,11973455.0,25159.0,34267.0,0.0,0.0,0.0092,-0.1779,0.0308,30.84,0.0,36.0
308.3515,11975716.0,25188.0,34732.0,0.0,0.0,-0.0286,-0.0628,0.1935,30.92,0.0,36.0
308.3515,11975053.0,25128.0,34147.0,0.0,0.0,-0.0175,-0.3009,0.0,31.49,0.0,36.0
308.3873,11974665.0,25189.0,33921.0,0.0,0.0,-0.011,-0.0589,0.1996,31.35,0.0,36.0
308.3873,11974505.0,25194.0,33632.0,0.0,0.0,-0.0083,-0.039,0.23,31.21,0.0,36.0
308.3873,11976145.0,25154.0,33965.0,0.0,0.0,-0.0357,-0.1977,0.0032,31.44,0.0,36.0
308.4128,11982726.0,25150.0,35176.0,0.0,0.0,-0.1455,-0.2136,0.0,31.34,0.0,36.0
308.4128,11973749.0,25163.0,34236.0,0.0,0.0,0.0043,-0.162,0.0529,31.54,0.0,36.0
308.4128,11975098.0,25170.0,33579.0,0.0,0.0,-0.0182,-0.1343,0.0916,31.54,0.0,36.0
308.4459,11972831.0,25177.0,34437.0,0.0,0.0,0.0196,-0.1065,0.1302,31.57,0.0,36.0
308.4459,11974384.0,25097.0,34424.0,0.0,0.0,-0.0063,-0.4239,0.0,32.1,0.0,36.0
308.4459,11978701.0,25205.0,33779.0,0.0,0.0,-0.0784,0.0046,0.2983,31.1,0.0,36.0
308.4827,11974869.0,25183.0,35234.0,0.0,0.0,-0.0144,-0.0827,0.1637,31.17,0.0,36.0
308.4847,11975611.0,25207.0,34480.0,0.0,0.0,-0.0268,0.0125,0.3108,30.77,0.0,36.0
308.4847,11974729.0,25148.0,34276.0,0.0,0.0,-0.0121,-0.2216,0.0,31.28,0.0,36.0
308.5145,11974562.0,25163.0,34005.0,0.0,0.0,-0.0093,-0.162,0.0529,31.47,0.0,36.0
308.5145,11974109.0,25114.0,35680.0,0.0,0.0,-0.0017,-0.3565,0.0,31.94,0.0,36.0
308.5145,11975345.0,25203.0,35261.0,0.0,0.0,-0.0224,-0.0033,0.2858,31.33,0.0,36.0
308.5274,11973380.0,25129.0,34239.0,0.0,0.0,0.0105,-0.2969,0.0,31.78,0.0,36.0
308.5284,11973848.0,25182.0,34944.0,0.0,0.0,0.0026,-0.0867,0.1578,31.63,0.0,36.0
308.5284,11973336.0,25186.0,34578.0,0.0,0.0,0.0112,-0.0708,0.1815,31.53,0.0,36.0
308.5558,11975394.0,25166.0,34377.0,0.0,0.0,-0.0232,-0.1501,0.0695,31.56,0.0,36.0
308.5558,11983726.0,25118.0,35588.0,0.0,0.0,-0.1622,-0.3406,0.0,31.65,0.0,36.0
308.5558,11973106.0,25186.0,34265.0,0.0,0.0,0.015,-0.0708,0.1815,31.55,0.0,36.0
308.588,11973467.0,25191.0,34320.0,0.0,0.0,0.009,-0.0509,0.2117,31.42,0.0,36.0
308.588,11974096.0,25214.0,34279.0,0.0,0.0,-0.0015,0.0403,0.3546,30.91,0.0,36.0
308.588,11975471.0,25157.0,34828.0,0.0,0.0,-0.0245,-0.1858,0.0197,31.26,0.0,36.0
308.6232,11973226.0,25164.0,33787.0,0.0,0.0,0.013,-0.1581,0.0584,31.5,0.0,36.0
308.6232,11973143.0,25086.0,34392.0,0.0,0.0,0.0144,-0.4675,0.0,32.15,0.0,36.0
308.6232,11973761.0,25147.0,34494.0,0.0,0.0,0.0041,-0.2255,0.0,32.15,0.0,36.0
308.6514,11974439.0,25217.0,34611.0,0.0,0.0,-0.0072,0.0522,0.3734,31.26,0.0,36.0
308.6514,11974100.0,25177.0,34099.0,0.0,0.0,-0.0016,-0.1065,0.1302,31.35,0.0,36.0
308.6514,11971530.0,25203.0,32720.0,0.0,0.0,0.0414,-0.0033,0.2858,31.26,0.0,36.0
308.6833,11973483.0,25175.0,33922.0,0.0,0.0,0.0087,-0.1144,0.1191,31.4,0.0,36.0
308.6849,11974684.0,25102.0,34832.0,0.0,0.0,-0.0113,-0.4041,0.0,31.95,0.0,36.0
308.6849,11973950.0,25206.0,34620.0,0.0,0.0,0.0009,0.0086,0.3045,31.4,0.0,36.0
308.719,11973816.0,25170.0,34816.0,0.0,0.0,0.0032,-0.1343,0.0916,31.51,0.0,36.0
308.719,11973907.0,25177.0,34736.0,0.0,0.0,0.0017,-0.1065,0.1302,31.51,0.0,36.0
308.719,11972173.0,25187.0,34335.0,0.0,0.0,0.0306,-0.0668,0.1875,31.49,0.0,36.0
308.7508,11974693.0,25143.0,35171.0,0.0,0.0,-0.0115,-0.2414,0.0,31.75,0.0,36.0
308.7508,11974816.0,25200.0,33958.0,0.0,0.0,-0.0135,-0.0152,0.2671,31.32,0.0,36.0
308.7508,11975035.0,25193.0,34085.0,0.0,0.0,-0.0172,-0.043,0.2239,31.18,0.0,36.0
308.7777,11974636.0,25192.0,34576.0,0.0,0.0,-0.0105,-0.047,0.2178,31.13,0.0,36.0
308.7777,11973781.0,25170.0,32950.0,0.0,0.0,0.0038,-0.1343,0.0916,31.35,0.0,36.0
308.7777,11974182.0,25165.0,33950.0,0.0,0.0,-0.0029,-0.1541,0.0639,31.51,0.0,36.0
308.8095,11974452.0,25142.0,34489.0,0.0,0.0,-0.0074,-0.2454,0.0,31.77,0.0,36.0
308.8095,11974222.0,25181.0,34090.0,0.0,0.0,-0.0036,-0.0906,0.1522,31.62,0.0,36.0
308.8095,11977764.0,25127.0,34876.0,0.0,0.0,-0.0627,-0.3049,0.0,31.83,0.0,36.0
308.8451,11978466.0,25149.0,33420.0,0.0,0.0,-0.0745,-0.2176,0.0,31.77,0.0,36.0
308.8451,11975593.0,25166.0,34461.0,0.0,0.0,-0.0265,-0.1501,0.0695,31.69,0.0,36.0
308.8451,11974327.0,25140.0,33092.0,0.0,0.0,-0.0054,-0.2533,0.0,31.9,0.0,36.0
308.8577,11973307.0,25166.0,34271.0,0.0,0.0,0.0117,-0.1501,0.0695,31.86,0.0,36.0
308.8577,11975689.0,25140.0,35005.0,0.0,0.0,-0.0281,-0.2533,0.0,31.96,0.0,36.0
308.8577,11974816.0,25155.0,34239.0,0.0,0.0,-0.0135,-0.1938,0.0087,31.93,0.0,36.0
308.8916,11974065.0,25130.0,35227.0,0.0,0.0,-0.001,-0.293,0.0,32.11,0.0,36.0
308.8916,11973020.0,25191.0,32974.0,0.0,0.0,0.0165,-0.0509,0.2117,31.78,0.0,36.0
308.8916,11973245.0,25199.0,34873.0,0.0,0.0,0.0127,-0.0192,0.2609,31.48,0.0,36.0
308.9226,11973675.0,25171.0,35087.0,0.0,0.0,0.0055,-0.1303,0.0971,31.55,0.0,36.0
308.9226,11973651.0,25150.0,35159.0,0.0,0.0,0.0059,-0.2136,0.0,31.77,0.0,36.0
308.9226,11973441.0,25162.0,34462.0,0.0,0.0,0.0094,-0.166,0.0474,31.81,0.0,36.0
308.9544,11975628.0,25116.0,34198.0,0.0,0.0,-0.0271,-0.3485,0.0,32.09,0.0,36.0
308.9544,11975141.0,25210.0,34379.0,0.0,0.0,-0.019,0.0244,0.3295,31.3,0.0,36.0
308.9544,11975630.0,25202.0,33869.0,0.0,0.0,-0.0271,-0.0073,0.2796,30.95,0.0,36.0
308.9936,11975017.0,25182.0,34424.0,0.0,0.0,-0.0169,-0.0867,0.1578,31.08,0.0,36.0
308.9936,11973441.0,25191.0,34173.0,0.0,0.0,0.0094,-0.0509,0.2117,31.14,0.0,36.0
308.9936,11972964.0,25187.0,32404.0,0.0,0.0,0.0174,-0.0668,0.1875,31.24,0.0,36.0
309.0103,11974740.0,25180.0,34185.0,0.0,0.0,-0.0123,-0.0946,0.1467,31.29,0.0,36.0
309.0103,11972807.0,25184.0,33930.0,0.0,0.0,0.02,-0.0787,0.1696,31.36,0.0,36.0
309.0103,12022238.0,25209.0,32594.0,0.0,0.0,-0.8008,0.0205,0.3232,26.12,0.0,36.0
309.0571,11970770.0,25157.0,32886.0,0.0,0.0,0.0541,-0.1858,0.0197,28.55,0.0,36.0
309.0571,11974304.0,25158.0,32835.0,0.0,0.0,-0.005,-0.1819,0.0253,29.88,0.0,36.0
309.0571,11974601.0,25186.0,34314.0,0.0,0.0,-0.0099,-0.0708,0.1815,30.42,0.0,36.0
309.0822,11974621.0,25190.0,35222.0,0.0,0.0,-0.0103,-0.0549,0.2057,30.7,0.0,36.0
309.0822,11975417.0,25230.0,32936.0,0.0,0.0,-0.0236,0.1038,0.4566,30.0,0.0,36.0
309.0822,11974816.0,25126.0,34204.0,0.0,0.0,-0.0135,-0.3088,0.0,30.95,0.0,36.0
309.101,11975198.0,25259.0,33981.0,0.0,0.0,-0.0199,0.2189,0.6483,29.33,0.0,36.0
309.101,11975021.0,25181.0,33710.0,0.0,0.0,-0.0169,-0.0906,0.1522,30.12,0.0,36.0
309.101,11973451.0,25187.0,34421.0,0.0,0.0,0.0093,-0.0668,0.1875,30.61,0.0,36.0
309.1282,11974951.0,25172.0,34734.0,0.0,0.0,-0.0158,-0.1263,0.1026,30.97,0.0,36.0
309.1373,11976133.0,25174.0,35647.0,0.0,0.0,-0.0355,-0.1184,0.1136,31.12,0.0,36.0
309.1373,11974076.0,25207.0,35464.0,0.0,0.0,-0.0012,0.0125,0.3108,30.87,0.0,36.0
309.1622,11975073.0,25199.0,34817.0,0.0,0.0,-0.0178,-0.0192,0.2609,30.8,0.0,36.0
309.1622,11974648.0,25258.0,34051.0,0.0,0.0,-0.0107,0.2149,0.6417,29.33,0.0,36.0
309.1622,11975300.0,25231.0,33767.0,0.0,0.0,-0.0216,0.1078,0.4631,29.16,0.0,36.0
309.1918,11974384.0,25179.0,34859.0,0.0,0.0,-0.0063,-0.0986,0.1412,30.06,0.0,36.0
309.1918,11974710.0,25193.0,34594.0,0.0,0.0,-0.0118,-0.043,0.2239,30.44,0.0,36.0
309.1918,11973474.0,25152.0,33696.0,0.0,0.0,0.0089,-0.2057,0.0,31.1,0.0,36.0
309.2347,11973955.0,25153.0,34286.0,0.0,0.0,0.0009,-0.2017,0.0,31.46,0.0,36.0
309.2347,11974816.0,25196.0,34310.0,0.0,0.0,-0.0135,-0.0311,0.2422,31.23,0.0,36.0
309.2347,11975534.0,25135.0,35755.0,0.0,0.0,-0.0255,-0.2731,0.0,31.61,0.0,36.0
309.2492,11973781.0,25185.0,34594.0,0.0,0.0,0.0038,-0.0748,0.1754,31.51,0.0,36.0
309.2492,11974296.0,25174.0,34089.0,0.0,0.0,-0.0048,-0.1184,0.1136,31.52,0.0,36.0
309.2492,11973211.0,25184.0,33645.0,0.0,0.0,0.0133,-0.0787,0.1696,31.48,0.0,36.0
309.2872,11973725.0,25186.0,34388.0,0.0,0.0,0.0047,-0.0708,0.1815,31.42,0.0,36.0
309.2872,11975586.0,25176.0,33448.0,0.0,0.0,-0.0264,-0.1105,0.1246,31.4,0.0,36.0
309.2872,11977922.0,25198.0,34020.0,0.0,0.0,-0.0654,-0.0232,0.2546,30.89,0.0,36.0
309.3188,11974269.0,25206.0,35420.0,0.0,0.0,-0.0044,0.0086,0.3045,30.74,0.0,36.0
309.3188,11973248.0,25214.0,34923.0,0.0,0.0,0.0127,0.0403,0.3546,30.58,0.0,36.0
309.3188,11973100.0,25188.0,35572.0,0.0,0.0,0.0151,-0.0628,0.1935,30.88,0.0,36.0
309.3349,11974681.0,25197.0,35076.0,0.0,0.0,-0.0113,-0.0271,0.2484,30.87,0.0,36.0
309.3349,11977435.0,25152.0,35876.0,0.0,0.0,-0.0572,-0.2057,0.0,31.2,0.0,36.0
309.3349,11973810.0,25209.0,34181.0,0.0,0.0,0.0033,0.0205,0.3232,30.9,0.0,36.0
309.3714,11973852.0,25171.0,35159.0,0.0,0.0,0.0026,-0.1303,0.0971,31.2,0.0,36.0
309.3714,11973897.0,25181.0,33173.0,0.0,0.0,0.0018,-0.0906,0.1522,31.29,0.0,36.0
309.3714,11974816.0,25213.0,34745.0,0.0,0.0,-0.0135,0.0363,0.3483,30.79,0.0,36.0
309.3994,11975656.0,25174.0,33894.0,0.0,0.0,-0.0276,-0.1184,0.1136,31.04,0.0,36.0
309.3994,11974710.0,25221.0,34338.0,0.0,0.0,-0.0118,0.0681,0.3986,30.48,0.0,36.0
309.3994,11974151.0,25215.0,34332.0,0.0,0.0,-0.0024,0.0443,0.3609,30.33,0.0,36.0
309.4302,11974816.0,25192.0,35248.0,0.0,0.0,-0.0135,-0.047,0.2178,30.61,0.0,36.0
309.4302,11974709.0,25171.0,34818.0,0.0,0.0,-0.0117,-0.1303,0.0971,30.99,0.0,36.0
309.4302,11973245.0,25162.0,33421.0,0.0,0.0,0.0127,-0.166,0.0474,31.35,0.0,36.0
309.4619,11975763.0,25182.0,33503.0,0.0,0.0,-0.0293,-0.0867,0.1578,31.29,0.0,36.0
309.4619,11973733.0,25164.0,34458.0,0.0,0.0,0.0046,-0.1581,0.0584,31.5,0.0,36.0
309.4619,11973741.0,25194.0,34617.0,0.0,0.0,0.0044,-0.039,0.23,31.35,0.0,36.0
309.4955,11973268.0,25224.0,34280.0,0.0,0.0,0.0123,0.08,0.4174,30.74,0.0,36.0
309.4955,11973036.0,25198.0,33804.0,0.0,0.0,0.0162,-0.0232,0.2546,30.87,0.0,36.0
309.4955,11978340.0,25179.0,34920.0,0.0,0.0,-0.0723,-0.0986,0.1412,30.89,0.0,36.0
309.5262,11973735.0,25199.0,34457.0,0.0,0.0,0.0045,-0.0192,0.2609,30.91,0.0,36.0
309.5262,11973743.0,25108.0,34737.0,0.0,0.0,0.0044,-0.3803,0.0,31.65,0.0,36.0
309.5262,11974373.0,25230.0,33790.0,0.0,0.0,-0.0061,0.1038,0.4566,30.68,0.0,36.0
309.5598,11974035.0,25185.0,34478.0,0.0,0.0,-0.0005,-0.0748,0.1754,30.93,0.0,36.0
309.5598,11974816.0,25185.0,33789.0,0.0,0.0,-0.0135,-0.0748,0.1754,31.05,0.0,36.0
309.5598,11973441.0,25170.0,33624.0,0.0,0.0,0.0094,-0.1343,0.0916,31.32,0.0,36.0
309.5952,11973429.0,25157.0,33509.0,0.0,0.0,0.0096,-0.1858,0.0197,31.58,0.0,36.0
309.5952,11973758.0,25159.0,34115.0,0.0,0.0,0.0041,-0.1779,0.0308,31.71,0.0,36.0
309.5952,11973781.0,25159.0,34826.0,0.0,0.0,0.0038,-0.1779,0.0308,31.79,0.0,36.0
309.6072,11973835.0,25204.0,34048.0,0.0,0.0,0.0029,0.0006,0.292,31.35,0.0,36.0
309.6072,11974710.0,25155.0,34245.0,0.0,0.0,-0.0118,-0.1938,0.0087,31.57,0.0,36.0
309.6072,11973929.0,25218.0,35406.0,0.0,0.0,0.0013,0.0562,0.3797,30.94,0.0,36.0
